# Blender 4.0.2
# www.blender.org
mtllib BottleWine01.001.mtl
o Cork.001
v 0.000000 0.451563 0.000000
v 0.028136 0.451563 0.000000
v 0.030548 0.448265 0.000000
v 0.030547 0.417285 0.000000
v 0.026989 0.413727 0.000000
v 0.000000 0.413431 0.000000
v 0.025994 0.451563 -0.010767
v 0.028223 0.448265 -0.011690
v 0.028222 0.417285 -0.011690
v 0.024935 0.413727 -0.010328
v 0.019895 0.451563 -0.019895
v 0.021601 0.448265 -0.021601
v 0.021600 0.417285 -0.021600
v 0.019084 0.413727 -0.019084
v 0.010767 0.451563 -0.025994
v 0.011690 0.448265 -0.028223
v 0.011690 0.417285 -0.028222
v 0.010328 0.413727 -0.024935
v 0.000000 0.451563 -0.028136
v 0.000000 0.448265 -0.030548
v -0.000000 0.417285 -0.030547
v -0.000000 0.413727 -0.026989
v -0.010767 0.451563 -0.025994
v -0.011690 0.448265 -0.028223
v -0.011690 0.417285 -0.028222
v -0.010328 0.413727 -0.024935
v -0.019895 0.451563 -0.019895
v -0.021601 0.448265 -0.021601
v -0.021600 0.417285 -0.021600
v -0.019084 0.413727 -0.019084
v -0.025994 0.451563 -0.010767
v -0.028223 0.448265 -0.011690
v -0.028222 0.417285 -0.011690
v -0.024935 0.413727 -0.010328
v -0.028136 0.451563 -0.000000
v -0.030548 0.448265 -0.000000
v -0.030547 0.417285 0.000000
v -0.026989 0.413727 0.000000
v -0.025994 0.451563 0.010767
v -0.028223 0.448265 0.011690
v -0.028222 0.417285 0.011690
v -0.024935 0.413727 0.010328
v -0.019895 0.451563 0.019895
v -0.021601 0.448265 0.021601
v -0.021600 0.417285 0.021600
v -0.019084 0.413727 0.019084
v -0.010767 0.451563 0.025994
v -0.011690 0.448265 0.028223
v -0.011690 0.417285 0.028222
v -0.010328 0.413727 0.024935
v -0.000000 0.451563 0.028136
v -0.000000 0.448265 0.030548
v -0.000000 0.417285 0.030547
v 0.000000 0.413727 0.026989
v 0.010767 0.451563 0.025994
v 0.011690 0.448265 0.028223
v 0.011690 0.417285 0.028222
v 0.010328 0.413727 0.024935
v 0.019895 0.451563 0.019895
v 0.021601 0.448265 0.021601
v 0.021600 0.417285 0.021600
v 0.019084 0.413727 0.019084
v 0.025994 0.451563 0.010767
v 0.028223 0.448265 0.011690
v 0.028222 0.417285 0.011690
v 0.024935 0.413727 0.010328
vn -0.0000 1.0000 -0.0000
vn 0.4952 0.8688 -0.0000
vn 0.4575 0.8688 -0.1895
vn 0.3502 0.8688 -0.3502
vn 0.1895 0.8688 -0.4575
vn -0.0000 0.8688 -0.4952
vn -0.1895 0.8688 -0.4575
vn -0.3502 0.8688 -0.3502
vn -0.4575 0.8688 -0.1895
vn -0.4952 0.8688 -0.0000
vn -0.4575 0.8688 0.1895
vn -0.3502 0.8688 0.3502
vn -0.1895 0.8688 0.4575
vn -0.0000 0.8688 0.4952
vn 0.1895 0.8688 0.4575
vn 0.3502 0.8688 0.3502
vn 0.4575 0.8688 0.1895
vn 0.9540 0.2997 -0.0000
vn 0.8814 0.2997 -0.3651
vn 0.6746 0.2997 -0.6746
vn 0.3651 0.2997 -0.8814
vn -0.0000 0.2997 -0.9540
vn -0.3651 0.2997 -0.8814
vn -0.6746 0.2997 -0.6746
vn -0.8814 0.2997 -0.3651
vn -0.9540 0.2997 -0.0000
vn -0.8814 0.2997 0.3651
vn -0.6746 0.2997 0.6746
vn -0.3651 0.2997 0.8814
vn -0.0000 0.2997 0.9540
vn 0.3651 0.2997 0.8814
vn 0.6746 0.2997 0.6746
vn 0.8814 0.2997 0.3651
vn 0.9303 -0.3669 -0.0000
vn 0.8595 -0.3669 -0.3560
vn 0.6578 -0.3669 -0.6578
vn 0.3560 -0.3669 -0.8595
vn -0.0000 -0.3669 -0.9303
vn -0.3560 -0.3669 -0.8595
vn -0.6578 -0.3669 -0.6578
vn -0.8595 -0.3669 -0.3560
vn -0.9303 -0.3669 -0.0000
vn -0.8595 -0.3669 0.3560
vn -0.6578 -0.3669 0.6578
vn -0.3560 -0.3669 0.8595
vn -0.0000 -0.3669 0.9303
vn 0.3560 -0.3669 0.8595
vn 0.6578 -0.3669 0.6578
vn 0.8595 -0.3669 0.3560
vn 0.4264 -0.9046 -0.0000
vn 0.3939 -0.9046 -0.1632
vn 0.3015 -0.9046 -0.3015
vn 0.1632 -0.9046 -0.3939
vn -0.0000 -0.9046 -0.4264
vn -0.1632 -0.9046 -0.3939
vn -0.3015 -0.9046 -0.3015
vn -0.3939 -0.9046 -0.1632
vn -0.4264 -0.9046 -0.0000
vn -0.3939 -0.9046 0.1632
vn -0.3015 -0.9046 0.3015
vn -0.1632 -0.9046 0.3939
vn -0.0000 -0.9046 0.4264
vn 0.1632 -0.9046 0.3939
vn 0.3015 -0.9046 0.3015
vn 0.3939 -0.9046 0.1632
vn -0.0000 -1.0000 -0.0000
vt 0.031250 0.010033
vt 0.000000 0.010033
vt 0.062500 0.010033
vt 0.093750 0.010033
vt 0.125000 0.010033
vt 0.156250 0.010033
vt 0.187500 0.010033
vt 0.218750 0.010033
vt 0.250000 0.010033
vt 0.281250 0.010033
vt 0.312500 0.010033
vt 0.343750 0.010033
vt 0.375000 0.010033
vt 0.406250 0.010033
vt 0.437500 0.010033
vt 0.468750 0.010033
vt 0.500000 0.010033
vt 0.531250 0.010033
vt 0.562500 0.010033
vt 0.593750 0.010033
vt 0.625000 0.010033
vt 0.656250 0.010033
vt 0.687500 0.010033
vt 0.718750 0.010033
vt 0.750000 0.010033
vt 0.781250 0.010033
vt 0.812500 0.010033
vt 0.843750 0.010033
vt 0.875000 0.010033
vt 0.906250 0.010033
vt 0.937500 0.010033
vt 0.968750 0.010033
vt 1.000000 0.010033
vt 0.000000 0.006735
vt 0.062500 0.006735
vt 0.125000 0.006735
vt 0.187500 0.006735
vt 0.250000 0.006735
vt 0.312500 0.006735
vt 0.375000 0.006735
vt 0.437500 0.006735
vt 0.500000 0.006735
vt 0.562500 0.006735
vt 0.625000 0.006735
vt 0.687500 0.006735
vt 0.750000 0.006735
vt 0.812500 0.006735
vt 0.875000 0.006735
vt 0.937500 0.006735
vt 1.000000 0.006735
vt 0.000000 -0.024245
vt 0.062500 -0.024245
vt 0.125000 -0.024245
vt 0.187500 -0.024245
vt 0.250000 -0.024245
vt 0.312500 -0.024245
vt 0.375000 -0.024245
vt 0.437500 -0.024245
vt 0.500000 -0.024245
vt 0.562500 -0.024245
vt 0.625000 -0.024245
vt 0.687500 -0.024245
vt 0.750000 -0.024245
vt 0.812500 -0.024245
vt 0.875000 -0.024245
vt 0.937500 -0.024245
vt 1.000000 -0.024245
vt 0.000000 -0.027803
vt 0.062500 -0.027803
vt 0.125000 -0.027803
vt 0.187500 -0.027803
vt 0.250000 -0.027803
vt 0.312500 -0.027803
vt 0.375000 -0.027803
vt 0.437500 -0.027803
vt 0.500000 -0.027803
vt 0.562500 -0.027803
vt 0.625000 -0.027803
vt 0.687500 -0.027803
vt 0.750000 -0.027803
vt 0.812500 -0.027803
vt 0.875000 -0.027803
vt 0.937500 -0.027803
vt 1.000000 -0.027803
vt 0.031250 -0.028099
vt 0.093750 -0.028099
vt 0.156250 -0.028099
vt 0.218750 -0.028099
vt 0.281250 -0.028099
vt 0.343750 -0.028099
vt 0.406250 -0.028099
vt 0.468750 -0.028099
vt 0.531250 -0.028099
vt 0.593750 -0.028099
vt 0.656250 -0.028099
vt 0.718750 -0.028099
vt 0.781250 -0.028099
vt 0.843750 -0.028099
vt 0.906250 -0.028099
vt 0.968750 -0.028099
s 1
f 1/1/1 2/2/2 7/3/3
f 1/4/1 7/3/3 11/5/4
f 1/6/1 11/5/4 15/7/5
f 1/8/1 15/7/5 19/9/6
f 1/10/1 19/9/6 23/11/7
f 1/12/1 23/11/7 27/13/8
f 1/14/1 27/13/8 31/15/9
f 1/16/1 31/15/9 35/17/10
f 1/18/1 35/17/10 39/19/11
f 1/20/1 39/19/11 43/21/12
f 1/22/1 43/21/12 47/23/13
f 1/24/1 47/23/13 51/25/14
f 1/26/1 51/25/14 55/27/15
f 1/28/1 55/27/15 59/29/16
f 1/30/1 59/29/16 63/31/17
f 1/32/1 63/31/17 2/33/2
f 2/2/2 3/34/18 8/35/19 7/3/3
f 7/3/3 8/35/19 12/36/20 11/5/4
f 11/5/4 12/36/20 16/37/21 15/7/5
f 15/7/5 16/37/21 20/38/22 19/9/6
f 19/9/6 20/38/22 24/39/23 23/11/7
f 23/11/7 24/39/23 28/40/24 27/13/8
f 27/13/8 28/40/24 32/41/25 31/15/9
f 31/15/9 32/41/25 36/42/26 35/17/10
f 35/17/10 36/42/26 40/43/27 39/19/11
f 39/19/11 40/43/27 44/44/28 43/21/12
f 43/21/12 44/44/28 48/45/29 47/23/13
f 47/23/13 48/45/29 52/46/30 51/25/14
f 51/25/14 52/46/30 56/47/31 55/27/15
f 55/27/15 56/47/31 60/48/32 59/29/16
f 59/29/16 60/48/32 64/49/33 63/31/17
f 63/31/17 64/49/33 3/50/18 2/33/2
f 3/34/18 4/51/34 9/52/35 8/35/19
f 8/35/19 9/52/35 13/53/36 12/36/20
f 12/36/20 13/53/36 17/54/37 16/37/21
f 16/37/21 17/54/37 21/55/38 20/38/22
f 20/38/22 21/55/38 25/56/39 24/39/23
f 24/39/23 25/56/39 29/57/40 28/40/24
f 28/40/24 29/57/40 33/58/41 32/41/25
f 32/41/25 33/58/41 37/59/42 36/42/26
f 36/42/26 37/59/42 41/60/43 40/43/27
f 40/43/27 41/60/43 45/61/44 44/44/28
f 44/44/28 45/61/44 49/62/45 48/45/29
f 48/45/29 49/62/45 53/63/46 52/46/30
f 52/46/30 53/63/46 57/64/47 56/47/31
f 56/47/31 57/64/47 61/65/48 60/48/32
f 60/48/32 61/65/48 65/66/49 64/49/33
f 64/49/33 65/66/49 4/67/34 3/50/18
f 4/51/34 5/68/50 10/69/51 9/52/35
f 9/52/35 10/69/51 14/70/52 13/53/36
f 13/53/36 14/70/52 18/71/53 17/54/37
f 17/54/37 18/71/53 22/72/54 21/55/38
f 21/55/38 22/72/54 26/73/55 25/56/39
f 25/56/39 26/73/55 30/74/56 29/57/40
f 29/57/40 30/74/56 34/75/57 33/58/41
f 33/58/41 34/75/57 38/76/58 37/59/42
f 37/59/42 38/76/58 42/77/59 41/60/43
f 41/60/43 42/77/59 46/78/60 45/61/44
f 45/61/44 46/78/60 50/79/61 49/62/45
f 49/62/45 50/79/61 54/80/62 53/63/46
f 53/63/46 54/80/62 58/81/63 57/64/47
f 57/64/47 58/81/63 62/82/64 61/65/48
f 61/65/48 62/82/64 66/83/65 65/66/49
f 65/66/49 66/83/65 5/84/50 4/67/34
f 5/68/50 6/85/66 10/69/51
f 10/69/51 6/86/66 14/70/52
f 14/70/52 6/87/66 18/71/53
f 18/71/53 6/88/66 22/72/54
f 22/72/54 6/89/66 26/73/55
f 26/73/55 6/90/66 30/74/56
f 30/74/56 6/91/66 34/75/57
f 34/75/57 6/92/66 38/76/58
f 38/76/58 6/93/66 42/77/59
f 42/77/59 6/94/66 46/78/60
f 46/78/60 6/95/66 50/79/61
f 50/79/61 6/96/66 54/80/62
f 54/80/62 6/97/66 58/81/63
f 58/81/63 6/98/66 62/82/64
f 62/82/64 6/99/66 66/83/65
f 66/83/65 6/100/66 5/84/50
o Cork.001
v 0.000000 0.451563 0.000000
v 0.028136 0.451563 0.000000
v 0.030548 0.448265 0.000000
v 0.030547 0.417285 0.000000
v 0.026989 0.413727 0.000000
v 0.000000 0.413431 0.000000
v 0.025994 0.451563 -0.010767
v 0.028223 0.448265 -0.011690
v 0.028222 0.417285 -0.011690
v 0.024935 0.413727 -0.010328
v 0.019895 0.451563 -0.019895
v 0.021601 0.448265 -0.021601
v 0.021600 0.417285 -0.021600
v 0.019084 0.413727 -0.019084
v 0.010767 0.451563 -0.025994
v 0.011690 0.448265 -0.028223
v 0.011690 0.417285 -0.028222
v 0.010328 0.413727 -0.024935
v 0.000000 0.451563 -0.028136
v 0.000000 0.448265 -0.030548
v -0.000000 0.417285 -0.030547
v -0.000000 0.413727 -0.026989
v -0.010767 0.451563 -0.025994
v -0.011690 0.448265 -0.028223
v -0.011690 0.417285 -0.028222
v -0.010328 0.413727 -0.024935
v -0.019895 0.451563 -0.019895
v -0.021601 0.448265 -0.021601
v -0.021600 0.417285 -0.021600
v -0.019084 0.413727 -0.019084
v -0.025994 0.451563 -0.010767
v -0.028223 0.448265 -0.011690
v -0.028222 0.417285 -0.011690
v -0.024935 0.413727 -0.010328
v -0.028136 0.451563 -0.000000
v -0.030548 0.448265 -0.000000
v -0.030547 0.417285 0.000000
v -0.026989 0.413727 0.000000
v -0.025994 0.451563 0.010767
v -0.028223 0.448265 0.011690
v -0.028222 0.417285 0.011690
v -0.024935 0.413727 0.010328
v -0.019895 0.451563 0.019895
v -0.021601 0.448265 0.021601
v -0.021600 0.417285 0.021600
v -0.019084 0.413727 0.019084
v -0.010767 0.451563 0.025994
v -0.011690 0.448265 0.028223
v -0.011690 0.417285 0.028222
v -0.010328 0.413727 0.024935
v -0.000000 0.451563 0.028136
v -0.000000 0.448265 0.030548
v -0.000000 0.417285 0.030547
v 0.000000 0.413727 0.026989
v 0.010767 0.451563 0.025994
v 0.011690 0.448265 0.028223
v 0.011690 0.417285 0.028222
v 0.010328 0.413727 0.024935
v 0.019895 0.451563 0.019895
v 0.021601 0.448265 0.021601
v 0.021600 0.417285 0.021600
v 0.019084 0.413727 0.019084
v 0.025994 0.451563 0.010767
v 0.028223 0.448265 0.011690
v 0.028222 0.417285 0.011690
v 0.024935 0.413727 0.010328
vn -0.0000 1.0000 -0.0000
vn 0.4952 0.8688 -0.0000
vn 0.4575 0.8688 -0.1895
vn 0.3502 0.8688 -0.3502
vn 0.1895 0.8688 -0.4575
vn -0.0000 0.8688 -0.4952
vn -0.1895 0.8688 -0.4575
vn -0.3502 0.8688 -0.3502
vn -0.4575 0.8688 -0.1895
vn -0.4952 0.8688 -0.0000
vn -0.4575 0.8688 0.1895
vn -0.3502 0.8688 0.3502
vn -0.1895 0.8688 0.4575
vn -0.0000 0.8688 0.4952
vn 0.1895 0.8688 0.4575
vn 0.3502 0.8688 0.3502
vn 0.4575 0.8688 0.1895
vn 0.9540 0.2997 -0.0000
vn 0.8814 0.2997 -0.3651
vn 0.6746 0.2997 -0.6746
vn 0.3651 0.2997 -0.8814
vn -0.0000 0.2997 -0.9540
vn -0.3651 0.2997 -0.8814
vn -0.6746 0.2997 -0.6746
vn -0.8814 0.2997 -0.3651
vn -0.9540 0.2997 -0.0000
vn -0.6746 0.2997 0.6746
vn -0.3651 0.2997 0.8814
vn -0.0000 0.2997 0.9540
vn 0.3651 0.2997 0.8814
vn 0.6746 0.2997 0.6746
vn 0.8814 0.2997 0.3651
vn 0.9303 -0.3669 -0.0000
vn 0.8595 -0.3669 -0.3560
vn 0.6578 -0.3669 -0.6578
vn 0.3560 -0.3669 -0.8595
vn -0.0000 -0.3669 -0.9303
vn -0.3560 -0.3669 -0.8595
vn -0.6578 -0.3669 -0.6578
vn -0.8595 -0.3669 -0.3560
vn -0.9303 -0.3669 -0.0000
vn -0.8814 0.2997 0.3651
vn -0.8595 -0.3669 0.3560
vn -0.6578 -0.3669 0.6578
vn -0.3560 -0.3669 0.8595
vn -0.0000 -0.3669 0.9303
vn 0.3560 -0.3669 0.8595
vn 0.6578 -0.3669 0.6578
vn 0.8595 -0.3669 0.3560
vn 0.4264 -0.9046 -0.0000
vn 0.3939 -0.9046 -0.1632
vn 0.3015 -0.9046 -0.3015
vn 0.1632 -0.9046 -0.3939
vn -0.0000 -0.9046 -0.4264
vn -0.1632 -0.9046 -0.3939
vn -0.3015 -0.9046 -0.3015
vn -0.3939 -0.9046 -0.1632
vn -0.4264 -0.9046 -0.0000
vn -0.3939 -0.9046 0.1632
vn -0.1632 -0.9046 0.3939
vn -0.0000 -0.9046 0.4264
vn 0.1632 -0.9046 0.3939
vn 0.3939 -0.9046 0.1632
vn -0.0000 -1.0000 -0.0000
vn -0.3015 -0.9046 0.3015
vn 0.3015 -0.9046 0.3015
vt 0.031250 0.010033
vt 0.000000 0.010033
vt 0.062500 0.010033
vt 0.093750 0.010033
vt 0.125000 0.010033
vt 0.156250 0.010033
vt 0.187500 0.010033
vt 0.218750 0.010033
vt 0.250000 0.010033
vt 0.281250 0.010033
vt 0.312500 0.010033
vt 0.343750 0.010033
vt 0.375000 0.010033
vt 0.406250 0.010033
vt 0.437500 0.010033
vt 0.468750 0.010033
vt 0.500000 0.010033
vt 0.531250 0.010033
vt 0.562500 0.010033
vt 0.593750 0.010033
vt 0.625000 0.010033
vt 0.656250 0.010033
vt 0.687500 0.010033
vt 0.718750 0.010033
vt 0.750000 0.010033
vt 0.781250 0.010033
vt 0.812500 0.010033
vt 0.843750 0.010033
vt 0.875000 0.010033
vt 0.906250 0.010033
vt 0.937500 0.010033
vt 0.968750 0.010033
vt 1.000000 0.010033
vt 0.000000 0.006735
vt 0.062500 0.006735
vt 0.125000 0.006735
vt 0.187500 0.006735
vt 0.250000 0.006735
vt 0.312500 0.006735
vt 0.375000 0.006735
vt 0.437500 0.006735
vt 0.500000 0.006735
vt 0.625000 0.006735
vt 0.687500 0.006735
vt 0.750000 0.006735
vt 0.812500 0.006735
vt 0.875000 0.006735
vt 0.937500 0.006735
vt 0.000000 -0.024245
vt 0.062500 -0.024245
vt 0.125000 -0.024245
vt 0.187500 -0.024245
vt 0.250000 -0.024245
vt 0.312500 -0.024245
vt 0.375000 -0.024245
vt 0.437500 -0.024245
vt 0.500000 -0.024245
vt 0.562500 0.006735
vt 0.562500 -0.024245
vt 0.625000 -0.024245
vt 0.687500 -0.024245
vt 0.750000 -0.024245
vt 0.812500 -0.024245
vt 0.875000 -0.024245
vt 0.937500 -0.024245
vt 1.000000 0.006735
vt 0.000000 -0.027803
vt 0.062500 -0.027803
vt 0.125000 -0.027803
vt 0.187500 -0.027803
vt 0.250000 -0.027803
vt 0.312500 -0.027803
vt 0.375000 -0.027803
vt 0.437500 -0.027803
vt 0.500000 -0.027803
vt 0.562500 -0.027803
vt 0.687500 -0.027803
vt 0.750000 -0.027803
vt 0.812500 -0.027803
vt 0.937500 -0.027803
vt 1.000000 -0.024245
vt 0.031250 -0.028099
vt 0.093750 -0.028099
vt 0.156250 -0.028099
vt 0.218750 -0.028099
vt 0.281250 -0.028099
vt 0.343750 -0.028099
vt 0.406250 -0.028099
vt 0.468750 -0.028099
vt 0.531250 -0.028099
vt 0.593750 -0.028099
vt 0.625000 -0.027803
vt 0.656250 -0.028099
vt 0.718750 -0.028099
vt 0.781250 -0.028099
vt 0.843750 -0.028099
vt 0.875000 -0.027803
vt 0.906250 -0.028099
vt 0.968750 -0.028099
vt 1.000000 -0.027803
s 1
f 67/101/67 68/102/68 73/103/69
f 67/104/67 73/103/69 77/105/70
f 67/106/67 77/105/70 81/107/71
f 67/108/67 81/107/71 85/109/72
f 67/110/67 85/109/72 89/111/73
f 67/112/67 89/111/73 93/113/74
f 67/114/67 93/113/74 97/115/75
f 67/116/67 97/115/75 101/117/76
f 67/118/67 101/117/76 105/119/77
f 67/120/67 105/119/77 109/121/78
f 67/122/67 109/121/78 113/123/79
f 67/124/67 113/123/79 117/125/80
f 67/126/67 117/125/80 121/127/81
f 67/128/67 121/127/81 125/129/82
f 67/130/67 125/129/82 129/131/83
f 67/132/67 129/131/83 68/133/68
f 69/134/84 73/103/69 68/102/68
f 74/135/85 77/105/70 73/103/69
f 78/136/86 81/107/71 77/105/70
f 82/137/87 85/109/72 81/107/71
f 86/138/88 89/111/73 85/109/72
f 90/139/89 93/113/74 89/111/73
f 94/140/90 97/115/75 93/113/74
f 98/141/91 101/117/76 97/115/75
f 102/142/92 105/119/77 101/117/76
f 105/119/77 110/143/93 109/121/78
f 110/143/93 113/123/79 109/121/78
f 114/144/94 117/125/80 113/123/79
f 118/145/95 121/127/81 117/125/80
f 122/146/96 125/129/82 121/127/81
f 126/147/97 129/131/83 125/129/82
f 130/148/98 68/133/68 129/131/83
f 70/149/99 74/135/85 69/134/84
f 75/150/100 78/136/86 74/135/85
f 79/151/101 82/137/87 78/136/86
f 83/152/102 86/138/88 82/137/87
f 87/153/103 90/139/89 86/138/88
f 91/154/104 94/140/90 90/139/89
f 95/155/105 98/141/91 94/140/90
f 99/156/106 102/142/92 98/141/91
f 103/157/107 106/158/108 102/142/92
f 107/159/109 110/143/93 106/158/108
f 111/160/110 114/144/94 110/143/93
f 115/161/111 118/145/95 114/144/94
f 119/162/112 122/146/96 118/145/95
f 123/163/113 126/147/97 122/146/96
f 127/164/114 130/148/98 126/147/97
f 131/165/115 69/166/84 130/148/98
f 71/167/116 75/150/100 70/149/99
f 76/168/117 79/151/101 75/150/100
f 80/169/118 83/152/102 79/151/101
f 84/170/119 87/153/103 83/152/102
f 88/171/120 91/154/104 87/153/103
f 92/172/121 95/155/105 91/154/104
f 96/173/122 99/156/106 95/155/105
f 100/174/123 103/157/107 99/156/106
f 104/175/124 107/159/109 103/157/107
f 108/176/125 111/160/110 107/159/109
f 111/160/110 116/177/126 115/161/111
f 116/177/126 119/162/112 115/161/111
f 120/178/127 123/163/113 119/162/112
f 124/179/128 127/164/114 123/163/113
f 127/164/114 132/180/129 131/165/115
f 132/180/129 70/181/99 131/165/115
f 71/167/116 72/182/130 76/168/117
f 76/168/117 72/183/130 80/169/118
f 80/169/118 72/184/130 84/170/119
f 84/170/119 72/185/130 88/171/120
f 88/171/120 72/186/130 92/172/121
f 92/172/121 72/187/130 96/173/122
f 96/173/122 72/188/130 100/174/123
f 100/174/123 72/189/130 104/175/124
f 104/175/124 72/190/130 108/176/125
f 108/176/125 72/191/130 112/192/131
f 112/192/131 72/193/130 116/177/126
f 116/177/126 72/194/130 120/178/127
f 120/178/127 72/195/130 124/179/128
f 124/179/128 72/196/130 128/197/132
f 128/197/132 72/198/130 132/180/129
f 132/180/129 72/199/130 71/200/116
f 69/134/84 74/135/85 73/103/69
f 74/135/85 78/136/86 77/105/70
f 78/136/86 82/137/87 81/107/71
f 82/137/87 86/138/88 85/109/72
f 86/138/88 90/139/89 89/111/73
f 90/139/89 94/140/90 93/113/74
f 94/140/90 98/141/91 97/115/75
f 98/141/91 102/142/92 101/117/76
f 102/142/92 106/158/108 105/119/77
f 105/119/77 106/158/108 110/143/93
f 110/143/93 114/144/94 113/123/79
f 114/144/94 118/145/95 117/125/80
f 118/145/95 122/146/96 121/127/81
f 122/146/96 126/147/97 125/129/82
f 126/147/97 130/148/98 129/131/83
f 130/148/98 69/166/84 68/133/68
f 70/149/99 75/150/100 74/135/85
f 75/150/100 79/151/101 78/136/86
f 79/151/101 83/152/102 82/137/87
f 83/152/102 87/153/103 86/138/88
f 87/153/103 91/154/104 90/139/89
f 91/154/104 95/155/105 94/140/90
f 95/155/105 99/156/106 98/141/91
f 99/156/106 103/157/107 102/142/92
f 103/157/107 107/159/109 106/158/108
f 107/159/109 111/160/110 110/143/93
f 111/160/110 115/161/111 114/144/94
f 115/161/111 119/162/112 118/145/95
f 119/162/112 123/163/113 122/146/96
f 123/163/113 127/164/114 126/147/97
f 127/164/114 131/165/115 130/148/98
f 131/165/115 70/181/99 69/166/84
f 71/167/116 76/168/117 75/150/100
f 76/168/117 80/169/118 79/151/101
f 80/169/118 84/170/119 83/152/102
f 84/170/119 88/171/120 87/153/103
f 88/171/120 92/172/121 91/154/104
f 92/172/121 96/173/122 95/155/105
f 96/173/122 100/174/123 99/156/106
f 100/174/123 104/175/124 103/157/107
f 104/175/124 108/176/125 107/159/109
f 108/176/125 112/192/131 111/160/110
f 111/160/110 112/192/131 116/177/126
f 116/177/126 120/178/127 119/162/112
f 120/178/127 124/179/128 123/163/113
f 124/179/128 128/197/132 127/164/114
f 127/164/114 128/197/132 132/180/129
f 132/180/129 71/200/116 70/181/99
o BottleWine01.001
v 0.000000 0.064716 0.000000
v 0.034821 0.055662 0.000000
v 0.056214 0.036792 0.000000
v 0.056214 0.224596 0.000000
v 0.047335 0.263622 -0.000000
v 0.015887 0.304742 0.000000
v 0.015887 0.432492 0.000000
v 0.016647 0.432743 0.000000
v 0.017345 0.432993 0.000000
v 0.018002 0.433244 0.000000
v 0.018638 0.433494 0.000000
v 0.019273 0.433745 0.000000
v 0.019930 0.433996 0.000000
v 0.020628 0.434246 0.000000
v 0.021388 0.434497 0.000000
v 0.022232 0.434747 0.000000
v 0.023178 0.434998 0.000000
v 0.024250 0.435249 0.000000
v 0.025466 0.435499 0.000000
v 0.029420 0.433452 0.000000
v 0.031481 0.309194 0.000000
v 0.037495 0.295662 0.000000
v 0.056580 0.272242 0.000000
v 0.068083 0.251011 0.000000
v 0.070408 0.226495 0.000000
v 0.070408 0.010694 0.000000
v 0.066292 0.004722 0.000000
v 0.058642 0.004722 0.000000
v 0.032457 0.040345 0.000000
v 0.000000 0.048327 0.000000
v 0.032171 0.055662 -0.013326
v 0.051935 0.036792 -0.021512
v 0.051935 0.224596 -0.021512
v 0.043732 0.263622 -0.018114
v 0.014678 0.304742 -0.006080
v 0.014678 0.432492 -0.006080
v 0.015380 0.432743 -0.006371
v 0.016025 0.432993 -0.006638
v 0.016632 0.433244 -0.006889
v 0.017219 0.433494 -0.007132
v 0.017806 0.433745 -0.007376
v 0.018413 0.433996 -0.007627
v 0.019058 0.434246 -0.007894
v 0.019760 0.434497 -0.008185
v 0.020539 0.434747 -0.008508
v 0.021414 0.434998 -0.008870
v 0.022404 0.435249 -0.009280
v 0.023528 0.435499 -0.009745
v 0.027181 0.433452 -0.011259
v 0.029084 0.309194 -0.012047
v 0.034641 0.295662 -0.014349
v 0.052273 0.272242 -0.021652
v 0.062901 0.251011 -0.026054
v 0.065049 0.226495 -0.026944
v 0.065049 0.010694 -0.026944
v 0.061246 0.004722 -0.025369
v 0.054178 0.004722 -0.022441
v 0.029987 0.040345 -0.012421
v 0.024622 0.055662 -0.024622
v 0.039749 0.036792 -0.039749
v 0.039750 0.224596 -0.039749
v 0.033471 0.263622 -0.033471
v 0.011234 0.304742 -0.011234
v 0.011234 0.432492 -0.011234
v 0.011771 0.432743 -0.011771
v 0.012265 0.432993 -0.012265
v 0.012729 0.433244 -0.012729
v 0.013179 0.433494 -0.013179
v 0.013628 0.433745 -0.013628
v 0.014093 0.433996 -0.014093
v 0.014586 0.434246 -0.014586
v 0.015124 0.434497 -0.015124
v 0.015720 0.434747 -0.015720
v 0.016390 0.434998 -0.016390
v 0.017147 0.435249 -0.017147
v 0.018007 0.435499 -0.018007
v 0.020803 0.433452 -0.020803
v 0.022260 0.309194 -0.022260
v 0.026513 0.295662 -0.026513
v 0.040008 0.272242 -0.040008
v 0.048142 0.251011 -0.048142
v 0.049786 0.226495 -0.049786
v 0.049786 0.010694 -0.049786
v 0.046876 0.004722 -0.046876
v 0.041466 0.004722 -0.041466
v 0.022951 0.040345 -0.022951
v 0.013326 0.055662 -0.032171
v 0.021512 0.036792 -0.051935
v 0.021512 0.224596 -0.051935
v 0.018114 0.263622 -0.043732
v 0.006080 0.304742 -0.014678
v 0.006080 0.432492 -0.014678
v 0.006371 0.432743 -0.015380
v 0.006638 0.432993 -0.016025
v 0.006889 0.433244 -0.016632
v 0.007132 0.433494 -0.017219
v 0.007376 0.433745 -0.017806
v 0.007627 0.433996 -0.018413
v 0.007894 0.434246 -0.019058
v 0.008185 0.434497 -0.019760
v 0.008508 0.434747 -0.020539
v 0.008870 0.434998 -0.021414
v 0.009280 0.435249 -0.022404
v 0.009746 0.435499 -0.023528
v 0.011259 0.433452 -0.027181
v 0.012047 0.309194 -0.029084
v 0.014349 0.295662 -0.034641
v 0.021652 0.272242 -0.052273
v 0.026054 0.251011 -0.062901
v 0.026944 0.226495 -0.065049
v 0.026944 0.010694 -0.065049
v 0.025369 0.004722 -0.061246
v 0.022441 0.004722 -0.054178
v 0.012421 0.040345 -0.029987
v 0.000000 0.055662 -0.034821
v 0.000000 0.036792 -0.056214
v 0.000000 0.224596 -0.056214
v -0.000000 0.263622 -0.047335
v -0.000000 0.304742 -0.015887
v -0.000000 0.432492 -0.015887
v 0.000000 0.432743 -0.016647
v 0.000000 0.432993 -0.017345
v 0.000000 0.433244 -0.018002
v 0.000000 0.433494 -0.018638
v 0.000000 0.433745 -0.019273
v 0.000000 0.433996 -0.019930
v 0.000000 0.434246 -0.020628
v 0.000000 0.434497 -0.021388
v 0.000000 0.434747 -0.022232
v 0.000000 0.434998 -0.023178
v 0.000000 0.435249 -0.024250
v 0.000000 0.435499 -0.025466
v 0.000000 0.433452 -0.029420
v -0.000000 0.309194 -0.031481
v -0.000000 0.295662 -0.037495
v 0.000000 0.272242 -0.056580
v 0.000000 0.251011 -0.068083
v 0.000000 0.226495 -0.070408
v -0.000000 0.010694 -0.070408
v -0.000000 0.004722 -0.066292
v 0.000000 0.004722 -0.058642
v 0.000000 0.040345 -0.032457
v -0.013326 0.055662 -0.032171
v -0.021512 0.036792 -0.051935
v -0.021512 0.224596 -0.051935
v -0.018114 0.263622 -0.043732
v -0.006080 0.304742 -0.014678
v -0.006080 0.432492 -0.014678
v -0.006371 0.432743 -0.015380
v -0.006638 0.432993 -0.016025
v -0.006889 0.433244 -0.016632
v -0.007132 0.433494 -0.017219
v -0.007376 0.433745 -0.017806
v -0.007627 0.433996 -0.018413
v -0.007894 0.434246 -0.019058
v -0.008185 0.434497 -0.019760
v -0.008508 0.434747 -0.020539
v -0.008870 0.434998 -0.021414
v -0.009280 0.435249 -0.022404
v -0.009745 0.435499 -0.023528
v -0.011259 0.433452 -0.027181
v -0.012047 0.309194 -0.029084
v -0.014349 0.295662 -0.034641
v -0.021652 0.272242 -0.052273
v -0.026054 0.251011 -0.062901
v -0.026944 0.226495 -0.065049
v -0.026944 0.010694 -0.065049
v -0.025369 0.004722 -0.061246
v -0.022441 0.004722 -0.054178
v -0.012421 0.040345 -0.029987
v -0.024622 0.055662 -0.024622
v -0.039749 0.036792 -0.039749
v -0.039749 0.224596 -0.039750
v -0.033471 0.263622 -0.033471
v -0.011234 0.304742 -0.011234
v -0.011234 0.432492 -0.011234
v -0.011771 0.432743 -0.011771
v -0.012265 0.432993 -0.012265
v -0.012729 0.433244 -0.012729
v -0.013179 0.433494 -0.013179
v -0.013628 0.433745 -0.013628
v -0.014093 0.433996 -0.014093
v -0.014586 0.434246 -0.014586
v -0.015124 0.434497 -0.015124
v -0.015720 0.434747 -0.015720
v -0.016390 0.434998 -0.016390
v -0.017147 0.435249 -0.017147
v -0.018007 0.435499 -0.018007
v -0.020803 0.433452 -0.020803
v -0.022260 0.309194 -0.022260
v -0.026513 0.295662 -0.026513
v -0.040008 0.272242 -0.040008
v -0.048142 0.251011 -0.048142
v -0.049786 0.226495 -0.049786
v -0.049786 0.010694 -0.049786
v -0.046876 0.004722 -0.046876
v -0.041466 0.004722 -0.041466
v -0.022951 0.040345 -0.022951
v -0.032171 0.055662 -0.013326
v -0.051935 0.036792 -0.021512
v -0.051935 0.224596 -0.021512
v -0.043732 0.263622 -0.018114
v -0.014678 0.304742 -0.006080
v -0.014678 0.432492 -0.006080
v -0.015380 0.432743 -0.006371
v -0.016025 0.432993 -0.006638
v -0.016632 0.433244 -0.006889
v -0.017219 0.433494 -0.007132
v -0.017806 0.433745 -0.007376
v -0.018413 0.433996 -0.007627
v -0.019058 0.434246 -0.007894
v -0.019760 0.434497 -0.008185
v -0.020539 0.434747 -0.008508
v -0.021414 0.434998 -0.008870
v -0.022404 0.435249 -0.009280
v -0.023528 0.435499 -0.009746
v -0.027181 0.433452 -0.011259
v -0.029084 0.309194 -0.012047
v -0.034641 0.295662 -0.014349
v -0.052273 0.272242 -0.021652
v -0.062901 0.251011 -0.026054
v -0.065049 0.226495 -0.026944
v -0.065049 0.010694 -0.026944
v -0.061246 0.004722 -0.025369
v -0.054178 0.004722 -0.022441
v -0.029987 0.040345 -0.012421
v -0.034821 0.055662 -0.000000
v -0.056214 0.036792 -0.000000
v -0.056214 0.224596 -0.000000
v -0.047335 0.263622 0.000000
v -0.015887 0.304742 0.000000
v -0.015887 0.432492 0.000000
v -0.016647 0.432743 -0.000000
v -0.017345 0.432993 -0.000000
v -0.018002 0.433244 -0.000000
v -0.018638 0.433494 -0.000000
v -0.019273 0.433745 -0.000000
v -0.019930 0.433996 -0.000000
v -0.020628 0.434246 -0.000000
v -0.021388 0.434497 -0.000000
v -0.022232 0.434747 -0.000000
v -0.023178 0.434998 -0.000000
v -0.024250 0.435249 -0.000000
v -0.025466 0.435499 -0.000000
v -0.029420 0.433452 -0.000000
v -0.031481 0.309194 0.000000
v -0.037495 0.295662 0.000000
v -0.056580 0.272242 -0.000000
v -0.068083 0.251011 -0.000000
v -0.070408 0.226495 -0.000000
v -0.070408 0.010694 0.000000
v -0.066292 0.004722 0.000000
v -0.058642 0.004722 0.000000
v -0.032457 0.040345 -0.000000
v -0.032171 0.055662 0.013326
v -0.051935 0.036792 0.021512
v -0.051935 0.224596 0.021512
v -0.043732 0.263622 0.018114
v -0.014678 0.304742 0.006080
v -0.014678 0.432492 0.006080
v -0.015380 0.432743 0.006371
v -0.016025 0.432993 0.006638
v -0.016632 0.433244 0.006889
v -0.017219 0.433494 0.007132
v -0.017806 0.433745 0.007376
v -0.018413 0.433996 0.007627
v -0.019058 0.434246 0.007894
v -0.019760 0.434497 0.008185
v -0.020539 0.434747 0.008508
v -0.021414 0.434998 0.008870
v -0.022404 0.435249 0.009280
v -0.023528 0.435499 0.009745
v -0.027181 0.433452 0.011259
v -0.029084 0.309194 0.012047
v -0.034641 0.295662 0.014349
v -0.052273 0.272242 0.021652
v -0.062901 0.251011 0.026054
v -0.065049 0.226495 0.026944
v -0.065049 0.010694 0.026944
v -0.061246 0.004722 0.025369
v -0.054178 0.004722 0.022441
v -0.029987 0.040345 0.012421
v -0.024622 0.055662 0.024622
v -0.039749 0.036792 0.039749
v -0.039749 0.224596 0.039749
v -0.033471 0.263622 0.033471
v -0.011234 0.304742 0.011234
v -0.011234 0.432492 0.011234
v -0.011771 0.432743 0.011771
v -0.012265 0.432993 0.012265
v -0.012729 0.433244 0.012729
v -0.013179 0.433494 0.013179
v -0.013628 0.433745 0.013628
v -0.014093 0.433996 0.014093
v -0.014586 0.434246 0.014586
v -0.015124 0.434497 0.015124
v -0.015720 0.434747 0.015720
v -0.016390 0.434998 0.016390
v -0.017147 0.435249 0.017147
v -0.018007 0.435499 0.018007
v -0.020803 0.433452 0.020803
v -0.022260 0.309194 0.022260
v -0.026513 0.295662 0.026513
v -0.040008 0.272242 0.040008
v -0.048142 0.251011 0.048142
v -0.049786 0.226495 0.049786
v -0.049786 0.010694 0.049786
v -0.046876 0.004722 0.046876
v -0.041466 0.004722 0.041466
v -0.022951 0.040345 0.022951
v -0.013326 0.055662 0.032171
v -0.021512 0.036792 0.051935
v -0.021512 0.224596 0.051935
v -0.018114 0.263622 0.043732
v -0.006080 0.304742 0.014678
v -0.006080 0.432492 0.014678
v -0.006371 0.432743 0.015380
v -0.006638 0.432993 0.016025
v -0.006889 0.433244 0.016632
v -0.007132 0.433494 0.017219
v -0.007376 0.433745 0.017806
v -0.007627 0.433996 0.018413
v -0.007894 0.434246 0.019058
v -0.008185 0.434497 0.019760
v -0.008508 0.434747 0.020539
v -0.008870 0.434998 0.021414
v -0.009280 0.435249 0.022404
v -0.009746 0.435499 0.023528
v -0.011259 0.433452 0.027181
v -0.012047 0.309194 0.029084
v -0.014349 0.295662 0.034641
v -0.021652 0.272242 0.052273
v -0.026054 0.251011 0.062901
v -0.026944 0.226495 0.065049
v -0.026944 0.010694 0.065049
v -0.025369 0.004722 0.061246
v -0.022441 0.004722 0.054178
v -0.012421 0.040345 0.029987
v -0.000000 0.055662 0.034821
v -0.000000 0.036792 0.056214
v -0.000000 0.224596 0.056214
v 0.000000 0.263622 0.047335
v 0.000000 0.304742 0.015887
v 0.000000 0.432492 0.015887
v -0.000000 0.432743 0.016647
v -0.000000 0.432993 0.017345
v -0.000000 0.433244 0.018002
v -0.000000 0.433494 0.018638
v -0.000000 0.433745 0.019273
v -0.000000 0.433996 0.019930
v -0.000000 0.434246 0.020628
v -0.000000 0.434497 0.021388
v -0.000000 0.434747 0.022232
v -0.000000 0.434998 0.023178
v -0.000000 0.435249 0.024250
v -0.000000 0.435499 0.025466
v -0.000000 0.433452 0.029420
v 0.000000 0.309194 0.031481
v 0.000000 0.295662 0.037495
v -0.000000 0.272242 0.056580
v -0.000000 0.251011 0.068083
v -0.000000 0.226495 0.070408
v -0.000000 0.010694 0.070408
v -0.000000 0.004722 0.066292
v -0.000000 0.004722 0.058642
v -0.000000 0.040345 0.032457
v 0.013326 0.055662 0.032171
v 0.021512 0.036792 0.051935
v 0.021512 0.224596 0.051935
v 0.018114 0.263622 0.043732
v 0.006080 0.304742 0.014678
v 0.006080 0.432492 0.014678
v 0.006371 0.432743 0.015380
v 0.006638 0.432993 0.016025
v 0.006889 0.433244 0.016632
v 0.007132 0.433494 0.017219
v 0.007376 0.433745 0.017806
v 0.007627 0.433996 0.018413
v 0.007894 0.434246 0.019058
v 0.008185 0.434497 0.019760
v 0.008508 0.434747 0.020539
v 0.008870 0.434998 0.021414
v 0.009280 0.435249 0.022404
v 0.009745 0.435499 0.023528
v 0.011259 0.433452 0.027181
v 0.012047 0.309194 0.029084
v 0.014349 0.295662 0.034641
v 0.021652 0.272242 0.052273
v 0.026054 0.251011 0.062901
v 0.026944 0.226495 0.065049
v 0.026944 0.010694 0.065049
v 0.025369 0.004722 0.061246
v 0.022441 0.004722 0.054178
v 0.012421 0.040345 0.029987
v 0.024622 0.055662 0.024622
v 0.039749 0.036792 0.039749
v 0.039749 0.224596 0.039749
v 0.033471 0.263622 0.033471
v 0.011234 0.304742 0.011234
v 0.011234 0.432492 0.011234
v 0.011771 0.432743 0.011771
v 0.012265 0.432993 0.012265
v 0.012729 0.433244 0.012729
v 0.013179 0.433494 0.013179
v 0.013628 0.433745 0.013628
v 0.014093 0.433996 0.014093
v 0.014586 0.434246 0.014586
v 0.015124 0.434497 0.015124
v 0.015720 0.434747 0.015720
v 0.016390 0.434998 0.016390
v 0.017147 0.435249 0.017147
v 0.018007 0.435499 0.018007
v 0.020803 0.433452 0.020803
v 0.022260 0.309194 0.022260
v 0.026513 0.295662 0.026513
v 0.040008 0.272242 0.040008
v 0.048142 0.251011 0.048142
v 0.049786 0.226495 0.049786
v 0.049786 0.010694 0.049786
v 0.046876 0.004722 0.046876
v 0.041466 0.004722 0.041466
v 0.022951 0.040345 0.022951
v 0.032171 0.055662 0.013326
v 0.051935 0.036792 0.021512
v 0.051935 0.224596 0.021512
v 0.043732 0.263622 0.018114
v 0.014678 0.304742 0.006080
v 0.014678 0.432492 0.006080
v 0.015380 0.432743 0.006371
v 0.016025 0.432993 0.006638
v 0.016632 0.433244 0.006889
v 0.017219 0.433494 0.007132
v 0.017806 0.433745 0.007376
v 0.018413 0.433996 0.007627
v 0.019058 0.434246 0.007894
v 0.019760 0.434497 0.008185
v 0.020539 0.434747 0.008508
v 0.021414 0.434998 0.008870
v 0.022404 0.435249 0.009280
v 0.023528 0.435499 0.009746
v 0.027181 0.433452 0.011259
v 0.029084 0.309194 0.012047
v 0.034641 0.295662 0.014349
v 0.052273 0.272242 0.021652
v 0.062901 0.251011 0.026054
v 0.065049 0.226495 0.026944
v 0.065049 0.010694 0.026944
v 0.061246 0.004722 0.025369
v 0.054178 0.004722 0.022441
v 0.029987 0.040345 0.012421
vn -0.0000 1.0000 -0.0000
vn 0.4914 0.8709 -0.0000
vn 0.4540 0.8709 -0.1880
vn 0.3475 0.8709 -0.3475
vn 0.1880 0.8709 -0.4540
vn -0.0000 0.8709 -0.4914
vn -0.1880 0.8709 -0.4540
vn -0.3475 0.8709 -0.3475
vn -0.4540 0.8709 -0.1880
vn -0.4914 0.8709 -0.0000
vn -0.4540 0.8709 0.1880
vn -0.3475 0.8709 0.3475
vn -0.1880 0.8709 0.4540
vn -0.0000 0.8709 0.4914
vn 0.1880 0.8709 0.4540
vn 0.3475 0.8709 0.3475
vn 0.4540 0.8709 0.1880
vn -0.4972 0.8676 -0.0000
vn -0.4593 0.8676 0.1903
vn -0.3516 0.8676 0.3516
vn -0.1903 0.8676 0.4593
vn -0.0000 0.8676 0.4972
vn 0.1903 0.8676 0.4593
vn 0.3516 0.8676 0.3516
vn 0.4593 0.8676 0.1903
vn 0.4972 0.8676 -0.0000
vn 0.4593 0.8676 -0.1903
vn 0.3516 0.8676 -0.3516
vn 0.1903 0.8676 -0.4593
vn -0.0000 0.8676 -0.4972
vn -0.1903 0.8676 -0.4593
vn -0.3516 0.8676 -0.3516
vn -0.4593 0.8676 -0.1903
vn -0.9939 -0.1101 -0.0000
vn -0.9183 -0.1101 0.3804
vn -0.7028 -0.1101 0.7028
vn -0.3804 -0.1101 0.9183
vn -0.0000 -0.1101 0.9939
vn 0.3804 -0.1101 0.9183
vn 0.7028 -0.1101 0.7028
vn 0.9183 -0.1101 0.3804
vn 0.9939 -0.1101 -0.0000
vn 0.9183 -0.1101 -0.3804
vn 0.7028 -0.1101 -0.7028
vn 0.3804 -0.1101 -0.9183
vn -0.0000 -0.1101 -0.9939
vn -0.3804 -0.1101 -0.9183
vn -0.7028 -0.1101 -0.7028
vn -0.9183 -0.1101 -0.3804
vn -0.9100 -0.4146 -0.0000
vn -0.8408 -0.4146 0.3483
vn -0.6435 -0.4146 0.6435
vn -0.3483 -0.4146 0.8408
vn -0.0000 -0.4146 0.9100
vn 0.3483 -0.4146 0.8408
vn 0.6435 -0.4146 0.6435
vn 0.8408 -0.4146 0.3483
vn 0.9100 -0.4146 -0.0000
vn 0.8408 -0.4146 -0.3483
vn 0.6435 -0.4146 -0.6435
vn 0.3483 -0.4146 -0.8408
vn -0.0000 -0.4146 -0.9100
vn -0.3483 -0.4146 -0.8408
vn -0.6435 -0.4146 -0.6435
vn -0.8408 -0.4146 -0.3483
vn -0.9428 -0.3335 -0.0000
vn -0.8710 -0.3335 0.3608
vn -0.6666 -0.3335 0.6666
vn -0.3608 -0.3335 0.8710
vn -0.0000 -0.3335 0.9428
vn 0.3608 -0.3335 0.8710
vn 0.6666 -0.3335 0.6666
vn 0.8710 -0.3335 0.3608
vn 0.9428 -0.3335 -0.0000
vn 0.8710 -0.3335 -0.3608
vn 0.6666 -0.3335 -0.6666
vn 0.3608 -0.3335 -0.8710
vn -0.0000 -0.3335 -0.9428
vn -0.3608 -0.3335 -0.8710
vn -0.6666 -0.3335 -0.6666
vn -0.8710 -0.3335 -0.3608
vn -0.7820 0.6233 -0.0000
vn -0.7225 0.6233 0.2993
vn -0.5530 0.6233 0.5529
vn -0.2993 0.6233 0.7225
vn -0.0000 0.6233 0.7820
vn 0.2993 0.6233 0.7225
vn 0.5530 0.6233 0.5529
vn 0.7225 0.6233 0.2992
vn 0.7820 0.6233 -0.0000
vn 0.7225 0.6233 -0.2993
vn 0.5529 0.6233 -0.5529
vn 0.2993 0.6233 -0.7225
vn -0.0000 0.6233 -0.7820
vn -0.2992 0.6233 -0.7225
vn -0.5530 0.6233 -0.5529
vn -0.7225 0.6233 -0.2992
vn -0.3270 0.9450 -0.0000
vn -0.3021 0.9450 0.1251
vn -0.2312 0.9450 0.2312
vn -0.1251 0.9450 0.3021
vn -0.0000 0.9450 0.3270
vn 0.1251 0.9450 0.3021
vn 0.2312 0.9450 0.2312
vn 0.3021 0.9450 0.1251
vn 0.3270 0.9450 -0.0000
vn 0.3021 0.9450 -0.1251
vn 0.2312 0.9450 -0.2312
vn 0.1251 0.9450 -0.3021
vn -0.0000 0.9450 -0.3270
vn -0.1251 0.9450 -0.3021
vn -0.2312 0.9450 -0.2312
vn -0.3021 0.9450 -0.1251
vn -0.3484 0.9374 -0.0000
vn -0.3219 0.9374 0.1333
vn -0.2463 0.9374 0.2463
vn -0.1333 0.9374 0.3218
vn -0.0000 0.9374 0.3484
vn 0.1333 0.9374 0.3218
vn 0.2463 0.9374 0.2463
vn 0.3218 0.9374 0.1333
vn 0.3484 0.9374 -0.0000
vn 0.3219 0.9373 -0.1333
vn 0.2463 0.9374 -0.2463
vn 0.1333 0.9374 -0.3218
vn -0.0000 0.9374 -0.3484
vn -0.1333 0.9374 -0.3218
vn -0.2463 0.9374 -0.2463
vn -0.3218 0.9374 -0.1333
vn -0.3623 0.9321 -0.0000
vn -0.3347 0.9321 0.1386
vn -0.2561 0.9321 0.2561
vn -0.1386 0.9321 0.3347
vn -0.0000 0.9321 0.3622
vn 0.1386 0.9321 0.3347
vn 0.2561 0.9321 0.2561
vn 0.3347 0.9321 0.1386
vn 0.3622 0.9321 -0.0000
vn 0.3347 0.9321 -0.1386
vn 0.2561 0.9321 -0.2561
vn 0.1386 0.9321 -0.3347
vn -0.0000 0.9321 -0.3622
vn -0.1386 0.9321 -0.3347
vn -0.2561 0.9321 -0.2561
vn -0.3347 0.9321 -0.1386
vn -0.3667 0.9303 -0.0000
vn -0.3388 0.9303 0.1403
vn -0.2593 0.9303 0.2593
vn -0.1403 0.9303 0.3388
vn -0.0000 0.9303 0.3667
vn 0.1403 0.9303 0.3388
vn 0.2593 0.9303 0.2593
vn 0.3388 0.9303 0.1403
vn 0.3667 0.9303 -0.0000
vn 0.3388 0.9303 -0.1403
vn 0.2593 0.9303 -0.2593
vn 0.1403 0.9303 -0.3388
vn -0.0000 0.9303 -0.3667
vn -0.1403 0.9303 -0.3388
vn -0.2593 0.9303 -0.2593
vn -0.3388 0.9303 -0.1403
vn -0.3611 0.9325 -0.0000
vn -0.3336 0.9325 0.1382
vn -0.2553 0.9325 0.2553
vn -0.1382 0.9325 0.3336
vn -0.0000 0.9325 0.3611
vn 0.1382 0.9325 0.3336
vn 0.2553 0.9325 0.2553
vn 0.3336 0.9325 0.1382
vn 0.3611 0.9325 -0.0000
vn 0.3336 0.9325 -0.1382
vn 0.2553 0.9325 -0.2553
vn 0.1382 0.9325 -0.3336
vn -0.0000 0.9325 -0.3611
vn -0.1382 0.9325 -0.3336
vn -0.2553 0.9325 -0.2553
vn -0.3336 0.9325 -0.1382
vn -0.3462 0.9382 -0.0000
vn -0.3198 0.9382 0.1325
vn -0.2448 0.9382 0.2448
vn -0.1325 0.9382 0.3198
vn -0.0000 0.9382 0.3462
vn 0.1325 0.9382 0.3198
vn 0.2448 0.9382 0.2448
vn 0.3198 0.9382 0.1325
vn 0.3462 0.9382 -0.0000
vn 0.3198 0.9382 -0.1325
vn 0.2448 0.9382 -0.2448
vn 0.1325 0.9382 -0.3198
vn -0.0000 0.9382 -0.3462
vn -0.1325 0.9382 -0.3198
vn -0.2448 0.9382 -0.2448
vn -0.3198 0.9382 -0.1325
vn -0.3241 0.9460 -0.0000
vn -0.2994 0.9460 0.1240
vn -0.2291 0.9460 0.2291
vn -0.1240 0.9460 0.2994
vn -0.0000 0.9460 0.3240
vn 0.1240 0.9460 0.2994
vn 0.2291 0.9460 0.2291
vn 0.2994 0.9460 0.1240
vn 0.3240 0.9460 -0.0000
vn 0.2994 0.9460 -0.1240
vn 0.2291 0.9460 -0.2291
vn 0.1240 0.9460 -0.2994
vn -0.0000 0.9460 -0.3240
vn -0.1240 0.9460 -0.2994
vn -0.2291 0.9460 -0.2291
vn -0.2994 0.9460 -0.1240
vn -0.2973 0.9548 -0.0000
vn -0.2747 0.9548 0.1138
vn -0.2103 0.9548 0.2102
vn -0.1138 0.9548 0.2747
vn -0.0000 0.9548 0.2973
vn 0.1138 0.9548 0.2747
vn 0.2102 0.9548 0.2102
vn 0.2747 0.9548 0.1138
vn 0.2973 0.9548 -0.0000
vn 0.2747 0.9548 -0.1138
vn 0.2102 0.9548 -0.2102
vn 0.1138 0.9548 -0.2747
vn -0.0000 0.9548 -0.2973
vn -0.1138 0.9548 -0.2747
vn -0.2102 0.9548 -0.2102
vn -0.2747 0.9548 -0.1138
vn -0.2687 0.9632 -0.0000
vn -0.2482 0.9632 0.1028
vn -0.1900 0.9632 0.1900
vn -0.1028 0.9632 0.2482
vn -0.0000 0.9632 0.2687
vn 0.1028 0.9632 0.2482
vn 0.1900 0.9632 0.1900
vn 0.2482 0.9632 0.1028
vn 0.2687 0.9632 -0.0000
vn 0.2482 0.9632 -0.1028
vn 0.1900 0.9632 -0.1900
vn 0.1028 0.9632 -0.2482
vn -0.0000 0.9632 -0.2687
vn -0.1028 0.9632 -0.2482
vn -0.1900 0.9632 -0.1900
vn -0.2482 0.9632 -0.1028
vn -0.2401 0.9707 -0.0000
vn -0.2219 0.9707 0.0919
vn -0.1698 0.9707 0.1698
vn -0.0919 0.9707 0.2219
vn -0.0000 0.9707 0.2401
vn 0.0919 0.9707 0.2219
vn 0.1698 0.9707 0.1698
vn 0.2219 0.9707 0.0919
vn 0.2401 0.9707 -0.0000
vn 0.2219 0.9707 -0.0919
vn 0.1698 0.9707 -0.1698
vn 0.0919 0.9707 -0.2219
vn -0.0000 0.9707 -0.2401
vn -0.0919 0.9707 -0.2219
vn -0.1698 0.9707 -0.1698
vn -0.2218 0.9707 -0.0919
vn -0.2132 0.9770 -0.0000
vn -0.1969 0.9770 0.0816
vn -0.1507 0.9770 0.1507
vn -0.0816 0.9770 0.1969
vn -0.0000 0.9770 0.2132
vn 0.0816 0.9770 0.1970
vn 0.1507 0.9770 0.1507
vn 0.1969 0.9770 0.0816
vn 0.2132 0.9770 -0.0000
vn 0.1970 0.9770 -0.0816
vn 0.1507 0.9770 -0.1507
vn 0.0816 0.9770 -0.1969
vn -0.0000 0.9770 -0.2132
vn -0.0816 0.9770 -0.1969
vn -0.1507 0.9770 -0.1507
vn -0.1969 0.9770 -0.0816
vn 0.1773 0.9842 -0.0000
vn 0.1638 0.9842 -0.0678
vn 0.1254 0.9842 -0.1254
vn 0.0678 0.9842 -0.1638
vn -0.0000 0.9842 -0.1773
vn -0.0678 0.9842 -0.1638
vn -0.1254 0.9842 -0.1254
vn -0.1638 0.9842 -0.0678
vn -0.1773 0.9842 -0.0000
vn -0.1638 0.9842 0.0678
vn -0.1253 0.9842 0.1254
vn -0.0678 0.9842 0.1638
vn -0.0000 0.9842 0.1773
vn 0.0678 0.9842 0.1638
vn 0.1253 0.9842 0.1254
vn 0.1638 0.9842 0.0678
vn 0.8660 0.5001 -0.0000
vn 0.8000 0.5001 -0.3314
vn 0.6123 0.5001 -0.6123
vn 0.3314 0.5001 -0.8000
vn -0.0000 0.5001 -0.8660
vn -0.3314 0.5001 -0.8000
vn -0.6123 0.5001 -0.6123
vn -0.8000 0.5001 -0.3314
vn -0.8660 0.5001 -0.0000
vn -0.8000 0.5001 0.3314
vn -0.6123 0.5001 0.6123
vn -0.3314 0.5001 0.8000
vn -0.0000 0.5001 0.8660
vn 0.3314 0.5001 0.8000
vn 0.6123 0.5001 0.6123
vn 0.8000 0.5001 0.3314
vn 0.9753 0.2211 -0.0000
vn 0.9010 0.2211 -0.3732
vn 0.6896 0.2211 -0.6896
vn 0.3732 0.2211 -0.9010
vn -0.0000 0.2211 -0.9753
vn -0.3732 0.2211 -0.9010
vn -0.6896 0.2211 -0.6896
vn -0.9010 0.2211 -0.3732
vn -0.9753 0.2211 -0.0000
vn -0.9010 0.2211 0.3732
vn -0.6896 0.2211 0.6896
vn -0.3732 0.2211 0.9010
vn -0.0000 0.2211 0.9753
vn 0.3732 0.2211 0.9010
vn 0.6896 0.2211 0.6896
vn 0.9010 0.2211 0.3732
vn 0.8474 0.5310 -0.0000
vn 0.7829 0.5310 -0.3243
vn 0.5992 0.5310 -0.5992
vn 0.3243 0.5310 -0.7829
vn -0.0000 0.5310 -0.8474
vn -0.3243 0.5310 -0.7829
vn -0.5992 0.5310 -0.5992
vn -0.7829 0.5310 -0.3243
vn -0.8474 0.5310 -0.0000
vn -0.7829 0.5310 0.3243
vn -0.5992 0.5310 0.5992
vn -0.3243 0.5310 0.7829
vn -0.0000 0.5310 0.8474
vn 0.3243 0.5310 0.7829
vn 0.5992 0.5310 0.5992
vn 0.7829 0.5310 0.3243
vn 0.8344 0.5512 -0.0000
vn 0.7709 0.5512 -0.3193
vn 0.5900 0.5512 -0.5900
vn 0.3193 0.5512 -0.7709
vn -0.0000 0.5512 -0.8344
vn -0.3193 0.5512 -0.7709
vn -0.5900 0.5512 -0.5900
vn -0.7709 0.5512 -0.3193
vn -0.8344 0.5512 -0.0000
vn -0.7709 0.5512 0.3193
vn -0.5900 0.5512 0.5900
vn -0.3193 0.5512 0.7709
vn -0.0000 0.5512 0.8344
vn 0.3193 0.5512 0.7709
vn 0.5900 0.5512 0.5900
vn 0.7709 0.5512 0.3193
vn 0.9587 0.2846 -0.0000
vn 0.8857 0.2846 -0.3669
vn 0.6779 0.2846 -0.6779
vn 0.3669 0.2846 -0.8857
vn -0.0000 0.2846 -0.9587
vn -0.3669 0.2846 -0.8857
vn -0.6779 0.2846 -0.6779
vn -0.8857 0.2846 -0.3669
vn -0.9587 0.2846 -0.0000
vn -0.8857 0.2846 0.3669
vn -0.6779 0.2846 0.6779
vn -0.3669 0.2846 0.8857
vn -0.0000 0.2846 0.9587
vn 0.3669 0.2846 0.8857
vn 0.6779 0.2846 0.6779
vn 0.8857 0.2846 0.3669
vn 0.9989 0.0470 -0.0000
vn 0.9229 0.0470 -0.3823
vn 0.7063 0.0470 -0.7063
vn 0.3823 0.0470 -0.9229
vn -0.0000 0.0470 -0.9989
vn -0.3823 0.0470 -0.9229
vn -0.7063 0.0470 -0.7063
vn -0.9229 0.0470 -0.3823
vn -0.9989 0.0470 -0.0000
vn -0.9229 0.0470 0.3823
vn -0.7063 0.0470 0.7063
vn -0.3823 0.0470 0.9229
vn -0.0000 0.0470 0.9989
vn 0.3823 0.0470 0.9229
vn 0.7063 0.0470 0.7063
vn 0.9229 0.0470 0.3823
vn 0.9579 -0.2872 -0.0000
vn 0.8850 -0.2872 -0.3666
vn 0.6773 -0.2872 -0.6773
vn 0.3666 -0.2872 -0.8850
vn -0.0000 -0.2872 -0.9579
vn -0.3666 -0.2872 -0.8850
vn -0.6773 -0.2872 -0.6773
vn -0.8850 -0.2872 -0.3666
vn -0.9579 -0.2872 -0.0000
vn -0.8850 -0.2872 0.3666
vn -0.6773 -0.2872 0.6773
vn -0.3666 -0.2872 0.8850
vn -0.0000 -0.2872 0.9579
vn 0.3666 -0.2872 0.8850
vn 0.6773 -0.2872 0.6773
vn 0.8850 -0.2872 0.3666
vn 0.5081 -0.8613 -0.0000
vn 0.4695 -0.8613 -0.1945
vn 0.3593 -0.8613 -0.3593
vn 0.1945 -0.8613 -0.4695
vn -0.0000 -0.8613 -0.5081
vn -0.1945 -0.8613 -0.4695
vn -0.3593 -0.8613 -0.3593
vn -0.4695 -0.8613 -0.1945
vn -0.5081 -0.8613 -0.0000
vn -0.4695 -0.8613 0.1945
vn -0.3593 -0.8613 0.3593
vn -0.1945 -0.8613 0.4695
vn -0.0000 -0.8613 0.5081
vn 0.1945 -0.8613 0.4695
vn 0.3593 -0.8613 0.3593
vn 0.4695 -0.8613 0.1945
vn -0.4044 -0.9146 -0.0000
vn -0.3736 -0.9146 0.1548
vn -0.2860 -0.9146 0.2860
vn -0.1548 -0.9146 0.3736
vn -0.0000 -0.9146 0.4044
vn 0.1548 -0.9146 0.3736
vn 0.2860 -0.9146 0.2860
vn 0.3736 -0.9146 0.1548
vn 0.4044 -0.9146 -0.0000
vn 0.3736 -0.9146 -0.1548
vn 0.2860 -0.9146 -0.2860
vn 0.1548 -0.9146 -0.3736
vn -0.0000 -0.9146 -0.4044
vn -0.1548 -0.9146 -0.3736
vn -0.2860 -0.9146 -0.2860
vn -0.3736 -0.9146 -0.1548
vn -0.5836 -0.8120 -0.0000
vn -0.5392 -0.8120 0.2233
vn -0.4127 -0.8120 0.4127
vn -0.2233 -0.8120 0.5392
vn -0.0000 -0.8120 0.5836
vn 0.2233 -0.8120 0.5392
vn 0.4127 -0.8120 0.4127
vn 0.5392 -0.8120 0.2233
vn 0.5836 -0.8120 -0.0000
vn 0.5392 -0.8120 -0.2233
vn 0.4127 -0.8120 -0.4127
vn 0.2233 -0.8120 -0.5392
vn -0.0000 -0.8120 -0.5836
vn -0.2233 -0.8120 -0.5392
vn -0.4127 -0.8120 -0.4127
vn -0.5392 -0.8120 -0.2233
vn -0.0000 -1.0000 -0.0000
vt 0.031250 0.060233
vt 0.000000 0.051179
vt 0.062500 0.051179
vt 0.093750 0.060233
vt 0.125000 0.051179
vt 0.156250 0.060233
vt 0.187500 0.051179
vt 0.218750 0.060233
vt 0.250000 0.051179
vt 0.281250 0.060233
vt 0.312500 0.051179
vt 0.343750 0.060233
vt 0.375000 0.051179
vt 0.406250 0.060233
vt 0.437500 0.051179
vt 0.468750 0.060233
vt 0.500000 0.051179
vt 0.531250 0.060233
vt 0.562500 0.051179
vt 0.593750 0.060233
vt 0.625000 0.051179
vt 0.656250 0.060233
vt 0.687500 0.051179
vt 0.718750 0.060233
vt 0.750000 0.051179
vt 0.781250 0.060233
vt 0.812500 0.051179
vt 0.843750 0.060233
vt 0.875000 0.051179
vt 0.906250 0.060233
vt 0.937500 0.051179
vt 0.968750 0.060233
vt 1.000000 0.051179
vt 0.000000 0.032309
vt 0.062500 0.032309
vt 0.125000 0.032309
vt 0.187500 0.032309
vt 0.250000 0.032309
vt 0.312500 0.032309
vt 0.375000 0.032309
vt 0.437500 0.032309
vt 0.500000 0.032309
vt 0.562500 0.032309
vt 0.625000 0.032309
vt 0.687500 0.032309
vt 0.750000 0.032309
vt 0.812500 0.032309
vt 0.875000 0.032309
vt 0.937500 0.032309
vt 1.000000 0.032309
vt 0.000000 0.220113
vt 0.062500 0.220113
vt 0.125000 0.220113
vt 0.187500 0.220113
vt 0.250000 0.220113
vt 0.312500 0.220113
vt 0.375000 0.220113
vt 0.437500 0.220113
vt 0.500000 0.220113
vt 0.562500 0.220113
vt 0.625000 0.220113
vt 0.687500 0.220113
vt 0.750000 0.220113
vt 0.812500 0.220113
vt 0.875000 0.220113
vt 0.937500 0.220113
vt 1.000000 0.220113
vt 0.000000 0.259139
vt 0.062500 0.259139
vt 0.125000 0.259139
vt 0.187500 0.259139
vt 0.250000 0.259139
vt 0.312500 0.259139
vt 0.375000 0.259139
vt 0.437500 0.259139
vt 0.500000 0.259139
vt 0.562500 0.259139
vt 0.625000 0.259139
vt 0.687500 0.259139
vt 0.750000 0.259139
vt 0.812500 0.259139
vt 0.875000 0.259139
vt 0.937500 0.259139
vt 1.000000 0.259139
vt 0.000000 0.300259
vt 0.062500 0.300259
vt 0.125000 0.300259
vt 0.187500 0.300259
vt 0.250000 0.300259
vt 0.312500 0.300259
vt 0.375000 0.300259
vt 0.437500 0.300259
vt 0.500000 0.300259
vt 0.562500 0.300259
vt 0.625000 0.300259
vt 0.687500 0.300259
vt 0.750000 0.300259
vt 0.812500 0.300259
vt 0.875000 0.300259
vt 0.937500 0.300259
vt 1.000000 0.300259
vt 0.000000 0.428009
vt 0.062500 0.428009
vt 0.125000 0.428009
vt 0.187500 0.428009
vt 0.250000 0.428009
vt 0.312500 0.428009
vt 0.375000 0.428009
vt 0.437500 0.428009
vt 0.500000 0.428009
vt 0.562500 0.428009
vt 0.625000 0.428009
vt 0.687500 0.428009
vt 0.750000 0.428009
vt 0.812500 0.428009
vt 0.875000 0.428009
vt 0.937500 0.428009
vt 1.000000 0.428009
vt 0.000000 0.428259
vt 0.062500 0.428259
vt 0.125000 0.428259
vt 0.187500 0.428259
vt 0.250000 0.428259
vt 0.312500 0.428259
vt 0.375000 0.428259
vt 0.437500 0.428259
vt 0.500000 0.428259
vt 0.562500 0.428259
vt 0.625000 0.428259
vt 0.687500 0.428259
vt 0.750000 0.428259
vt 0.812500 0.428259
vt 0.875000 0.428259
vt 0.937500 0.428259
vt 1.000000 0.428259
vt 0.000000 0.428510
vt 0.062500 0.428510
vt 0.125000 0.428510
vt 0.187500 0.428510
vt 0.250000 0.428510
vt 0.312500 0.428510
vt 0.375000 0.428510
vt 0.437500 0.428510
vt 0.500000 0.428510
vt 0.562500 0.428510
vt 0.625000 0.428510
vt 0.687500 0.428510
vt 0.750000 0.428510
vt 0.812500 0.428510
vt 0.875000 0.428510
vt 0.937500 0.428510
vt 1.000000 0.428510
vt 0.000000 0.428761
vt 0.062500 0.428761
vt 0.125000 0.428761
vt 0.187500 0.428761
vt 0.250000 0.428761
vt 0.312500 0.428761
vt 0.375000 0.428761
vt 0.437500 0.428761
vt 0.500000 0.428761
vt 0.562500 0.428761
vt 0.625000 0.428761
vt 0.687500 0.428761
vt 0.750000 0.428761
vt 0.812500 0.428761
vt 0.875000 0.428761
vt 0.937500 0.428761
vt 1.000000 0.428761
vt 0.000000 0.429011
vt 0.062500 0.429011
vt 0.125000 0.429011
vt 0.187500 0.429011
vt 0.250000 0.429011
vt 0.312500 0.429011
vt 0.375000 0.429011
vt 0.437500 0.429011
vt 0.500000 0.429011
vt 0.562500 0.429011
vt 0.625000 0.429011
vt 0.687500 0.429011
vt 0.750000 0.429011
vt 0.812500 0.429011
vt 0.875000 0.429011
vt 0.937500 0.429011
vt 1.000000 0.429011
vt 0.000000 0.429262
vt 0.062500 0.429262
vt 0.125000 0.429262
vt 0.187500 0.429262
vt 0.250000 0.429262
vt 0.312500 0.429262
vt 0.375000 0.429262
vt 0.437500 0.429262
vt 0.500000 0.429262
vt 0.562500 0.429262
vt 0.625000 0.429262
vt 0.687500 0.429262
vt 0.750000 0.429262
vt 0.812500 0.429262
vt 0.875000 0.429262
vt 0.937500 0.429262
vt 1.000000 0.429262
vt 0.000000 0.429512
vt 0.062500 0.429512
vt 0.125000 0.429512
vt 0.187500 0.429512
vt 0.250000 0.429512
vt 0.312500 0.429512
vt 0.375000 0.429512
vt 0.437500 0.429512
vt 0.500000 0.429512
vt 0.562500 0.429512
vt 0.625000 0.429512
vt 0.687500 0.429512
vt 0.750000 0.429512
vt 0.812500 0.429512
vt 0.875000 0.429512
vt 0.937500 0.429512
vt 1.000000 0.429512
vt 0.000000 0.429763
vt 0.062500 0.429763
vt 0.125000 0.429763
vt 0.187500 0.429763
vt 0.250000 0.429763
vt 0.312500 0.429763
vt 0.375000 0.429763
vt 0.437500 0.429763
vt 0.500000 0.429763
vt 0.562500 0.429763
vt 0.625000 0.429763
vt 0.687500 0.429763
vt 0.750000 0.429763
vt 0.812500 0.429763
vt 0.875000 0.429763
vt 0.937500 0.429763
vt 1.000000 0.429763
vt 0.000000 0.430014
vt 0.062500 0.430014
vt 0.125000 0.430014
vt 0.187500 0.430014
vt 0.250000 0.430014
vt 0.312500 0.430014
vt 0.375000 0.430014
vt 0.437500 0.430014
vt 0.500000 0.430014
vt 0.562500 0.430014
vt 0.625000 0.430014
vt 0.687500 0.430014
vt 0.750000 0.430014
vt 0.812500 0.430014
vt 0.875000 0.430014
vt 0.937500 0.430014
vt 1.000000 0.430014
vt 0.000000 0.430264
vt 0.062500 0.430264
vt 0.125000 0.430264
vt 0.187500 0.430264
vt 0.250000 0.430264
vt 0.312500 0.430264
vt 0.375000 0.430264
vt 0.437500 0.430264
vt 0.500000 0.430264
vt 0.562500 0.430264
vt 0.625000 0.430264
vt 0.687500 0.430264
vt 0.750000 0.430264
vt 0.812500 0.430264
vt 0.875000 0.430264
vt 0.937500 0.430264
vt 1.000000 0.430264
vt 0.000000 0.430515
vt 0.062500 0.430515
vt 0.125000 0.430515
vt 0.187500 0.430515
vt 0.250000 0.430515
vt 0.312500 0.430515
vt 0.375000 0.430515
vt 0.437500 0.430515
vt 0.500000 0.430515
vt 0.562500 0.430515
vt 0.625000 0.430515
vt 0.687500 0.430515
vt 0.750000 0.430515
vt 0.812500 0.430515
vt 0.875000 0.430515
vt 0.937500 0.430515
vt 1.000000 0.430515
vt 0.000000 0.430766
vt 0.062500 0.430766
vt 0.125000 0.430766
vt 0.187500 0.430766
vt 0.250000 0.430766
vt 0.312500 0.430766
vt 0.375000 0.430766
vt 0.437500 0.430766
vt 0.500000 0.430766
vt 0.562500 0.430766
vt 0.625000 0.430766
vt 0.687500 0.430766
vt 0.750000 0.430766
vt 0.812500 0.430766
vt 0.875000 0.430766
vt 0.937500 0.430766
vt 1.000000 0.430766
vt 0.000000 0.431016
vt 0.062500 0.431016
vt 0.125000 0.431016
vt 0.187500 0.431016
vt 0.250000 0.431016
vt 0.312500 0.431016
vt 0.375000 0.431016
vt 0.437500 0.431016
vt 0.500000 0.431016
vt 0.562500 0.431016
vt 0.625000 0.431016
vt 0.687500 0.431016
vt 0.750000 0.431016
vt 0.812500 0.431016
vt 0.875000 0.431016
vt 0.937500 0.431016
vt 1.000000 0.431016
vt 0.000000 0.428969
vt 0.062500 0.428969
vt 0.125000 0.428969
vt 0.187500 0.428969
vt 0.250000 0.428969
vt 0.312500 0.428969
vt 0.375000 0.428969
vt 0.437500 0.428969
vt 0.500000 0.428969
vt 0.562500 0.428969
vt 0.625000 0.428969
vt 0.687500 0.428969
vt 0.750000 0.428969
vt 0.812500 0.428969
vt 0.875000 0.428969
vt 0.937500 0.428969
vt 1.000000 0.428969
vt 0.000000 0.304711
vt 0.062500 0.304711
vt 0.125000 0.304711
vt 0.187500 0.304711
vt 0.250000 0.304711
vt 0.312500 0.304711
vt 0.375000 0.304711
vt 0.437500 0.304711
vt 0.500000 0.304711
vt 0.562500 0.304711
vt 0.625000 0.304711
vt 0.687500 0.304711
vt 0.750000 0.304711
vt 0.812500 0.304711
vt 0.875000 0.304711
vt 0.937500 0.304711
vt 1.000000 0.304711
vt 0.000000 0.291178
vt 0.062500 0.291178
vt 0.125000 0.291178
vt 0.187500 0.291178
vt 0.250000 0.291178
vt 0.312500 0.291178
vt 0.375000 0.291178
vt 0.437500 0.291178
vt 0.500000 0.291178
vt 0.562500 0.291178
vt 0.625000 0.291178
vt 0.687500 0.291178
vt 0.750000 0.291178
vt 0.812500 0.291178
vt 0.875000 0.291178
vt 0.937500 0.291178
vt 1.000000 0.291178
vt 0.000000 0.267759
vt 0.062500 0.267759
vt 0.125000 0.267759
vt 0.187500 0.267759
vt 0.250000 0.267759
vt 0.312500 0.267759
vt 0.375000 0.267759
vt 0.437500 0.267759
vt 0.500000 0.267759
vt 0.562500 0.267759
vt 0.625000 0.267759
vt 0.687500 0.267759
vt 0.750000 0.267759
vt 0.812500 0.267759
vt 0.875000 0.267759
vt 0.937500 0.267759
vt 1.000000 0.267759
vt 0.000000 0.246528
vt 0.062500 0.246528
vt 0.125000 0.246528
vt 0.187500 0.246528
vt 0.250000 0.246528
vt 0.312500 0.246528
vt 0.375000 0.246528
vt 0.437500 0.246528
vt 0.500000 0.246528
vt 0.562500 0.246528
vt 0.625000 0.246528
vt 0.687500 0.246528
vt 0.750000 0.246528
vt 0.812500 0.246528
vt 0.875000 0.246528
vt 0.937500 0.246528
vt 1.000000 0.246528
vt 0.000000 0.222011
vt 0.062500 0.222011
vt 0.125000 0.222011
vt 0.187500 0.222011
vt 0.250000 0.222011
vt 0.312500 0.222011
vt 0.375000 0.222011
vt 0.437500 0.222011
vt 0.500000 0.222011
vt 0.562500 0.222011
vt 0.625000 0.222011
vt 0.687500 0.222011
vt 0.750000 0.222011
vt 0.812500 0.222011
vt 0.875000 0.222011
vt 0.937500 0.222011
vt 1.000000 0.222011
vt 0.000000 0.006211
vt 0.062500 0.006211
vt 0.125000 0.006211
vt 0.187500 0.006211
vt 0.250000 0.006211
vt 0.312500 0.006211
vt 0.375000 0.006211
vt 0.437500 0.006211
vt 0.500000 0.006211
vt 0.562500 0.006211
vt 0.625000 0.006211
vt 0.687500 0.006211
vt 0.750000 0.006211
vt 0.812500 0.006211
vt 0.875000 0.006211
vt 0.937500 0.006211
vt 1.000000 0.006211
vt 0.000000 0.000239
vt 0.062500 0.000239
vt 0.125000 0.000239
vt 0.187500 0.000239
vt 0.250000 0.000239
vt 0.312500 0.000239
vt 0.375000 0.000239
vt 0.437500 0.000239
vt 0.500000 0.000239
vt 0.562500 0.000239
vt 0.625000 0.000239
vt 0.687500 0.000239
vt 0.750000 0.000239
vt 0.812500 0.000239
vt 0.875000 0.000239
vt 0.937500 0.000239
vt 1.000000 0.000239
vt 0.000000 0.000239
vt 0.062500 0.000239
vt 0.125000 0.000239
vt 0.187500 0.000239
vt 0.250000 0.000239
vt 0.312500 0.000239
vt 0.375000 0.000239
vt 0.437500 0.000239
vt 0.500000 0.000239
vt 0.562500 0.000239
vt 0.625000 0.000239
vt 0.687500 0.000239
vt 0.750000 0.000239
vt 0.812500 0.000239
vt 0.875000 0.000239
vt 0.937500 0.000239
vt 1.000000 0.000239
vt 0.000000 0.035862
vt 0.062500 0.035862
vt 0.125000 0.035862
vt 0.187500 0.035862
vt 0.250000 0.035862
vt 0.312500 0.035862
vt 0.375000 0.035862
vt 0.437500 0.035862
vt 0.500000 0.035862
vt 0.562500 0.035862
vt 0.625000 0.035862
vt 0.687500 0.035862
vt 0.750000 0.035862
vt 0.812500 0.035862
vt 0.875000 0.035862
vt 0.937500 0.035862
vt 1.000000 0.035862
vt 0.031250 0.043844
vt 0.093750 0.043844
vt 0.156250 0.043844
vt 0.218750 0.043844
vt 0.281250 0.043844
vt 0.343750 0.043844
vt 0.406250 0.043844
vt 0.468750 0.043844
vt 0.531250 0.043844
vt 0.593750 0.043844
vt 0.656250 0.043844
vt 0.718750 0.043844
vt 0.781250 0.043844
vt 0.843750 0.043844
vt 0.906250 0.043844
vt 0.968750 0.043844
s 1
f 133/201/133 134/202/134 163/203/135
f 133/204/133 163/203/135 191/205/136
f 133/206/133 191/205/136 219/207/137
f 133/208/133 219/207/137 247/209/138
f 133/210/133 247/209/138 275/211/139
f 133/212/133 275/211/139 303/213/140
f 133/214/133 303/213/140 331/215/141
f 133/216/133 331/215/141 359/217/142
f 133/218/133 359/217/142 387/219/143
f 133/220/133 387/219/143 415/221/144
f 133/222/133 415/221/144 443/223/145
f 133/224/133 443/223/145 471/225/146
f 133/226/133 471/225/146 499/227/147
f 133/228/133 499/227/147 527/229/148
f 133/230/133 527/229/148 555/231/149
f 133/232/133 555/231/149 134/233/134
f 134/202/134 135/234/150 164/235/151 163/203/135
f 163/203/135 164/235/151 192/236/152 191/205/136
f 191/205/136 192/236/152 220/237/153 219/207/137
f 219/207/137 220/237/153 248/238/154 247/209/138
f 247/209/138 248/238/154 276/239/155 275/211/139
f 275/211/139 276/239/155 304/240/156 303/213/140
f 303/213/140 304/240/156 332/241/157 331/215/141
f 331/215/141 332/241/157 360/242/158 359/217/142
f 359/217/142 360/242/158 388/243/159 387/219/143
f 387/219/143 388/243/159 416/244/160 415/221/144
f 415/221/144 416/244/160 444/245/161 443/223/145
f 443/223/145 444/245/161 472/246/162 471/225/146
f 471/225/146 472/246/162 500/247/163 499/227/147
f 499/227/147 500/247/163 528/248/164 527/229/148
f 527/229/148 528/248/164 556/249/165 555/231/149
f 555/231/149 556/249/165 135/250/150 134/233/134
f 135/234/150 136/251/166 165/252/167 164/235/151
f 164/235/151 165/252/167 193/253/168 192/236/152
f 192/236/152 193/253/168 221/254/169 220/237/153
f 220/237/153 221/254/169 249/255/170 248/238/154
f 248/238/154 249/255/170 277/256/171 276/239/155
f 276/239/155 277/256/171 305/257/172 304/240/156
f 304/240/156 305/257/172 333/258/173 332/241/157
f 332/241/157 333/258/173 361/259/174 360/242/158
f 360/242/158 361/259/174 389/260/175 388/243/159
f 388/243/159 389/260/175 417/261/176 416/244/160
f 416/244/160 417/261/176 445/262/177 444/245/161
f 444/245/161 445/262/177 473/263/178 472/246/162
f 472/246/162 473/263/178 501/264/179 500/247/163
f 500/247/163 501/264/179 529/265/180 528/248/164
f 528/248/164 529/265/180 557/266/181 556/249/165
f 556/249/165 557/266/181 136/267/166 135/250/150
f 136/251/166 137/268/182 166/269/183 165/252/167
f 165/252/167 166/269/183 194/270/184 193/253/168
f 193/253/168 194/270/184 222/271/185 221/254/169
f 221/254/169 222/271/185 250/272/186 249/255/170
f 249/255/170 250/272/186 278/273/187 277/256/171
f 277/256/171 278/273/187 306/274/188 305/257/172
f 305/257/172 306/274/188 334/275/189 333/258/173
f 333/258/173 334/275/189 362/276/190 361/259/174
f 361/259/174 362/276/190 390/277/191 389/260/175
f 389/260/175 390/277/191 418/278/192 417/261/176
f 417/261/176 418/278/192 446/279/193 445/262/177
f 445/262/177 446/279/193 474/280/194 473/263/178
f 473/263/178 474/280/194 502/281/195 501/264/179
f 501/264/179 502/281/195 530/282/196 529/265/180
f 529/265/180 530/282/196 558/283/197 557/266/181
f 557/266/181 558/283/197 137/284/182 136/267/166
f 137/268/182 138/285/198 167/286/199 166/269/183
f 166/269/183 167/286/199 195/287/200 194/270/184
f 194/270/184 195/287/200 223/288/201 222/271/185
f 222/271/185 223/288/201 251/289/202 250/272/186
f 250/272/186 251/289/202 279/290/203 278/273/187
f 278/273/187 279/290/203 307/291/204 306/274/188
f 306/274/188 307/291/204 335/292/205 334/275/189
f 334/275/189 335/292/205 363/293/206 362/276/190
f 362/276/190 363/293/206 391/294/207 390/277/191
f 390/277/191 391/294/207 419/295/208 418/278/192
f 418/278/192 419/295/208 447/296/209 446/279/193
f 446/279/193 447/296/209 475/297/210 474/280/194
f 474/280/194 475/297/210 503/298/211 502/281/195
f 502/281/195 503/298/211 531/299/212 530/282/196
f 530/282/196 531/299/212 559/300/213 558/283/197
f 558/283/197 559/300/213 138/301/198 137/284/182
f 138/285/198 139/302/214 168/303/215 167/286/199
f 167/286/199 168/303/215 196/304/216 195/287/200
f 195/287/200 196/304/216 224/305/217 223/288/201
f 223/288/201 224/305/217 252/306/218 251/289/202
f 251/289/202 252/306/218 280/307/219 279/290/203
f 279/290/203 280/307/219 308/308/220 307/291/204
f 307/291/204 308/308/220 336/309/221 335/292/205
f 335/292/205 336/309/221 364/310/222 363/293/206
f 363/293/206 364/310/222 392/311/223 391/294/207
f 391/294/207 392/311/223 420/312/224 419/295/208
f 419/295/208 420/312/224 448/313/225 447/296/209
f 447/296/209 448/313/225 476/314/226 475/297/210
f 475/297/210 476/314/226 504/315/227 503/298/211
f 503/298/211 504/315/227 532/316/228 531/299/212
f 531/299/212 532/316/228 560/317/229 559/300/213
f 559/300/213 560/317/229 139/318/214 138/301/198
f 139/302/214 140/319/230 169/320/231 168/303/215
f 168/303/215 169/320/231 197/321/232 196/304/216
f 196/304/216 197/321/232 225/322/233 224/305/217
f 224/305/217 225/322/233 253/323/234 252/306/218
f 252/306/218 253/323/234 281/324/235 280/307/219
f 280/307/219 281/324/235 309/325/236 308/308/220
f 308/308/220 309/325/236 337/326/237 336/309/221
f 336/309/221 337/326/237 365/327/238 364/310/222
f 364/310/222 365/327/238 393/328/239 392/311/223
f 392/311/223 393/328/239 421/329/240 420/312/224
f 420/312/224 421/329/240 449/330/241 448/313/225
f 448/313/225 449/330/241 477/331/242 476/314/226
f 476/314/226 477/331/242 505/332/243 504/315/227
f 504/315/227 505/332/243 533/333/244 532/316/228
f 532/316/228 533/333/244 561/334/245 560/317/229
f 560/317/229 561/334/245 140/335/230 139/318/214
f 140/319/230 141/336/246 170/337/247 169/320/231
f 169/320/231 170/337/247 198/338/248 197/321/232
f 197/321/232 198/338/248 226/339/249 225/322/233
f 225/322/233 226/339/249 254/340/250 253/323/234
f 253/323/234 254/340/250 282/341/251 281/324/235
f 281/324/235 282/341/251 310/342/252 309/325/236
f 309/325/236 310/342/252 338/343/253 337/326/237
f 337/326/237 338/343/253 366/344/254 365/327/238
f 365/327/238 366/344/254 394/345/255 393/328/239
f 393/328/239 394/345/255 422/346/256 421/329/240
f 421/329/240 422/346/256 450/347/257 449/330/241
f 449/330/241 450/347/257 478/348/258 477/331/242
f 477/331/242 478/348/258 506/349/259 505/332/243
f 505/332/243 506/349/259 534/350/260 533/333/244
f 533/333/244 534/350/260 562/351/261 561/334/245
f 561/334/245 562/351/261 141/352/246 140/335/230
f 141/336/246 142/353/262 171/354/263 170/337/247
f 170/337/247 171/354/263 199/355/264 198/338/248
f 198/338/248 199/355/264 227/356/265 226/339/249
f 226/339/249 227/356/265 255/357/266 254/340/250
f 254/340/250 255/357/266 283/358/267 282/341/251
f 282/341/251 283/358/267 311/359/268 310/342/252
f 310/342/252 311/359/268 339/360/269 338/343/253
f 338/343/253 339/360/269 367/361/270 366/344/254
f 366/344/254 367/361/270 395/362/271 394/345/255
f 394/345/255 395/362/271 423/363/272 422/346/256
f 422/346/256 423/363/272 451/364/273 450/347/257
f 450/347/257 451/364/273 479/365/274 478/348/258
f 478/348/258 479/365/274 507/366/275 506/349/259
f 506/349/259 507/366/275 535/367/276 534/350/260
f 534/350/260 535/367/276 563/368/277 562/351/261
f 562/351/261 563/368/277 142/369/262 141/352/246
f 142/353/262 143/370/278 172/371/279 171/354/263
f 171/354/263 172/371/279 200/372/280 199/355/264
f 199/355/264 200/372/280 228/373/281 227/356/265
f 227/356/265 228/373/281 256/374/282 255/357/266
f 255/357/266 256/374/282 284/375/283 283/358/267
f 283/358/267 284/375/283 312/376/284 311/359/268
f 311/359/268 312/376/284 340/377/285 339/360/269
f 339/360/269 340/377/285 368/378/286 367/361/270
f 367/361/270 368/378/286 396/379/287 395/362/271
f 395/362/271 396/379/287 424/380/288 423/363/272
f 423/363/272 424/380/288 452/381/289 451/364/273
f 451/364/273 452/381/289 480/382/290 479/365/274
f 479/365/274 480/382/290 508/383/291 507/366/275
f 507/366/275 508/383/291 536/384/292 535/367/276
f 535/367/276 536/384/292 564/385/293 563/368/277
f 563/368/277 564/385/293 143/386/278 142/369/262
f 143/370/278 144/387/294 173/388/295 172/371/279
f 172/371/279 173/388/295 201/389/296 200/372/280
f 200/372/280 201/389/296 229/390/297 228/373/281
f 228/373/281 229/390/297 257/391/298 256/374/282
f 256/374/282 257/391/298 285/392/299 284/375/283
f 284/375/283 285/392/299 313/393/300 312/376/284
f 312/376/284 313/393/300 341/394/301 340/377/285
f 340/377/285 341/394/301 369/395/302 368/378/286
f 368/378/286 369/395/302 397/396/303 396/379/287
f 396/379/287 397/396/303 425/397/304 424/380/288
f 424/380/288 425/397/304 453/398/305 452/381/289
f 452/381/289 453/398/305 481/399/306 480/382/290
f 480/382/290 481/399/306 509/400/307 508/383/291
f 508/383/291 509/400/307 537/401/308 536/384/292
f 536/384/292 537/401/308 565/402/309 564/385/293
f 564/385/293 565/402/309 144/403/294 143/386/278
f 144/387/294 145/404/310 174/405/311 173/388/295
f 173/388/295 174/405/311 202/406/312 201/389/296
f 201/389/296 202/406/312 230/407/313 229/390/297
f 229/390/297 230/407/313 258/408/314 257/391/298
f 257/391/298 258/408/314 286/409/315 285/392/299
f 285/392/299 286/409/315 314/410/316 313/393/300
f 313/393/300 314/410/316 342/411/317 341/394/301
f 341/394/301 342/411/317 370/412/318 369/395/302
f 369/395/302 370/412/318 398/413/319 397/396/303
f 397/396/303 398/413/319 426/414/320 425/397/304
f 425/397/304 426/414/320 454/415/321 453/398/305
f 453/398/305 454/415/321 482/416/322 481/399/306
f 481/399/306 482/416/322 510/417/323 509/400/307
f 509/400/307 510/417/323 538/418/324 537/401/308
f 537/401/308 538/418/324 566/419/325 565/402/309
f 565/402/309 566/419/325 145/420/310 144/403/294
f 145/404/310 146/421/326 175/422/327 174/405/311
f 174/405/311 175/422/327 203/423/328 202/406/312
f 202/406/312 203/423/328 231/424/329 230/407/313
f 230/407/313 231/424/329 259/425/330 258/408/314
f 258/408/314 259/425/330 287/426/331 286/409/315
f 286/409/315 287/426/331 315/427/332 314/410/316
f 314/410/316 315/427/332 343/428/333 342/411/317
f 342/411/317 343/428/333 371/429/334 370/412/318
f 370/412/318 371/429/334 399/430/335 398/413/319
f 398/413/319 399/430/335 427/431/336 426/414/320
f 426/414/320 427/431/336 455/432/337 454/415/321
f 454/415/321 455/432/337 483/433/338 482/416/322
f 482/416/322 483/433/338 511/434/339 510/417/323
f 510/417/323 511/434/339 539/435/340 538/418/324
f 538/418/324 539/435/340 567/436/341 566/419/325
f 566/419/325 567/436/341 146/437/326 145/420/310
f 146/421/326 147/438/342 176/439/343 175/422/327
f 175/422/327 176/439/343 204/440/344 203/423/328
f 203/423/328 204/440/344 232/441/345 231/424/329
f 231/424/329 232/441/345 260/442/346 259/425/330
f 259/425/330 260/442/346 288/443/347 287/426/331
f 287/426/331 288/443/347 316/444/348 315/427/332
f 315/427/332 316/444/348 344/445/349 343/428/333
f 343/428/333 344/445/349 372/446/350 371/429/334
f 371/429/334 372/446/350 400/447/351 399/430/335
f 399/430/335 400/447/351 428/448/352 427/431/336
f 427/431/336 428/448/352 456/449/353 455/432/337
f 455/432/337 456/449/353 484/450/354 483/433/338
f 483/433/338 484/450/354 512/451/355 511/434/339
f 511/434/339 512/451/355 540/452/356 539/435/340
f 539/435/340 540/452/356 568/453/357 567/436/341
f 567/436/341 568/453/357 147/454/342 146/437/326
f 147/438/342 148/455/358 177/456/359 176/439/343
f 176/439/343 177/456/359 205/457/360 204/440/344
f 204/440/344 205/457/360 233/458/361 232/441/345
f 232/441/345 233/458/361 261/459/362 260/442/346
f 260/442/346 261/459/362 289/460/363 288/443/347
f 288/443/347 289/460/363 317/461/364 316/444/348
f 316/444/348 317/461/364 345/462/365 344/445/349
f 344/445/349 345/462/365 373/463/366 372/446/350
f 372/446/350 373/463/366 401/464/367 400/447/351
f 400/447/351 401/464/367 429/465/368 428/448/352
f 428/448/352 429/465/368 457/466/369 456/449/353
f 456/449/353 457/466/369 485/467/370 484/450/354
f 484/450/354 485/467/370 513/468/371 512/451/355
f 512/451/355 513/468/371 541/469/372 540/452/356
f 540/452/356 541/469/372 569/470/373 568/453/357
f 568/453/357 569/470/373 148/471/358 147/454/342
f 148/455/358 149/472/374 178/473/375 177/456/359
f 177/456/359 178/473/375 206/474/376 205/457/360
f 205/457/360 206/474/376 234/475/377 233/458/361
f 233/458/361 234/475/377 262/476/378 261/459/362
f 261/459/362 262/476/378 290/477/379 289/460/363
f 289/460/363 290/477/379 318/478/380 317/461/364
f 317/461/364 318/478/380 346/479/381 345/462/365
f 345/462/365 346/479/381 374/480/382 373/463/366
f 373/463/366 374/480/382 402/481/383 401/464/367
f 401/464/367 402/481/383 430/482/384 429/465/368
f 429/465/368 430/482/384 458/483/385 457/466/369
f 457/466/369 458/483/385 486/484/386 485/467/370
f 485/467/370 486/484/386 514/485/387 513/468/371
f 513/468/371 514/485/387 542/486/388 541/469/372
f 541/469/372 542/486/388 570/487/389 569/470/373
f 569/470/373 570/487/389 149/488/374 148/471/358
f 149/472/374 150/489/390 179/490/391 178/473/375
f 178/473/375 179/490/391 207/491/392 206/474/376
f 206/474/376 207/491/392 235/492/393 234/475/377
f 234/475/377 235/492/393 263/493/394 262/476/378
f 262/476/378 263/493/394 291/494/395 290/477/379
f 290/477/379 291/494/395 319/495/396 318/478/380
f 318/478/380 319/495/396 347/496/397 346/479/381
f 346/479/381 347/496/397 375/497/398 374/480/382
f 374/480/382 375/497/398 403/498/399 402/481/383
f 402/481/383 403/498/399 431/499/400 430/482/384
f 430/482/384 431/499/400 459/500/401 458/483/385
f 458/483/385 459/500/401 487/501/402 486/484/386
f 486/484/386 487/501/402 515/502/403 514/485/387
f 514/485/387 515/502/403 543/503/404 542/486/388
f 542/486/388 543/503/404 571/504/405 570/487/389
f 570/487/389 571/504/405 150/505/390 149/488/374
f 150/489/390 151/506/406 180/507/407 179/490/391
f 179/490/391 180/507/407 208/508/408 207/491/392
f 207/491/392 208/508/408 236/509/409 235/492/393
f 235/492/393 236/509/409 264/510/410 263/493/394
f 263/493/394 264/510/410 292/511/411 291/494/395
f 291/494/395 292/511/411 320/512/412 319/495/396
f 319/495/396 320/512/412 348/513/413 347/496/397
f 347/496/397 348/513/413 376/514/414 375/497/398
f 375/497/398 376/514/414 404/515/415 403/498/399
f 403/498/399 404/515/415 432/516/416 431/499/400
f 431/499/400 432/516/416 460/517/417 459/500/401
f 459/500/401 460/517/417 488/518/418 487/501/402
f 487/501/402 488/518/418 516/519/419 515/502/403
f 515/502/403 516/519/419 544/520/420 543/503/404
f 543/503/404 544/520/420 572/521/421 571/504/405
f 571/504/405 572/521/421 151/522/406 150/505/390
f 151/506/406 152/523/422 181/524/423 180/507/407
f 180/507/407 181/524/423 209/525/424 208/508/408
f 208/508/408 209/525/424 237/526/425 236/509/409
f 236/509/409 237/526/425 265/527/426 264/510/410
f 264/510/410 265/527/426 293/528/427 292/511/411
f 292/511/411 293/528/427 321/529/428 320/512/412
f 320/512/412 321/529/428 349/530/429 348/513/413
f 348/513/413 349/530/429 377/531/430 376/514/414
f 376/514/414 377/531/430 405/532/431 404/515/415
f 404/515/415 405/532/431 433/533/432 432/516/416
f 432/516/416 433/533/432 461/534/433 460/517/417
f 460/517/417 461/534/433 489/535/434 488/518/418
f 488/518/418 489/535/434 517/536/435 516/519/419
f 516/519/419 517/536/435 545/537/436 544/520/420
f 544/520/420 545/537/436 573/538/437 572/521/421
f 572/521/421 573/538/437 152/539/422 151/522/406
f 152/523/422 153/540/438 182/541/439 181/524/423
f 181/524/423 182/541/439 210/542/440 209/525/424
f 209/525/424 210/542/440 238/543/441 237/526/425
f 237/526/425 238/543/441 266/544/442 265/527/426
f 265/527/426 266/544/442 294/545/443 293/528/427
f 293/528/427 294/545/443 322/546/444 321/529/428
f 321/529/428 322/546/444 350/547/445 349/530/429
f 349/530/429 350/547/445 378/548/446 377/531/430
f 377/531/430 378/548/446 406/549/447 405/532/431
f 405/532/431 406/549/447 434/550/448 433/533/432
f 433/533/432 434/550/448 462/551/449 461/534/433
f 461/534/433 462/551/449 490/552/450 489/535/434
f 489/535/434 490/552/450 518/553/451 517/536/435
f 517/536/435 518/553/451 546/554/452 545/537/436
f 545/537/436 546/554/452 574/555/453 573/538/437
f 573/538/437 574/555/453 153/556/438 152/539/422
f 153/540/438 154/557/454 183/558/455 182/541/439
f 182/541/439 183/558/455 211/559/456 210/542/440
f 210/542/440 211/559/456 239/560/457 238/543/441
f 238/543/441 239/560/457 267/561/458 266/544/442
f 266/544/442 267/561/458 295/562/459 294/545/443
f 294/545/443 295/562/459 323/563/460 322/546/444
f 322/546/444 323/563/460 351/564/461 350/547/445
f 350/547/445 351/564/461 379/565/462 378/548/446
f 378/548/446 379/565/462 407/566/463 406/549/447
f 406/549/447 407/566/463 435/567/464 434/550/448
f 434/550/448 435/567/464 463/568/465 462/551/449
f 462/551/449 463/568/465 491/569/466 490/552/450
f 490/552/450 491/569/466 519/570/467 518/553/451
f 518/553/451 519/570/467 547/571/468 546/554/452
f 546/554/452 547/571/468 575/572/469 574/555/453
f 574/555/453 575/572/469 154/573/454 153/556/438
f 154/557/454 155/574/470 184/575/471 183/558/455
f 183/558/455 184/575/471 212/576/472 211/559/456
f 211/559/456 212/576/472 240/577/473 239/560/457
f 239/560/457 240/577/473 268/578/474 267/561/458
f 267/561/458 268/578/474 296/579/475 295/562/459
f 295/562/459 296/579/475 324/580/476 323/563/460
f 323/563/460 324/580/476 352/581/477 351/564/461
f 351/564/461 352/581/477 380/582/478 379/565/462
f 379/565/462 380/582/478 408/583/479 407/566/463
f 407/566/463 408/583/479 436/584/480 435/567/464
f 435/567/464 436/584/480 464/585/481 463/568/465
f 463/568/465 464/585/481 492/586/482 491/569/466
f 491/569/466 492/586/482 520/587/483 519/570/467
f 519/570/467 520/587/483 548/588/484 547/571/468
f 547/571/468 548/588/484 576/589/485 575/572/469
f 575/572/469 576/589/485 155/590/470 154/573/454
f 155/574/470 156/591/486 185/592/487 184/575/471
f 184/575/471 185/592/487 213/593/488 212/576/472
f 212/576/472 213/593/488 241/594/489 240/577/473
f 240/577/473 241/594/489 269/595/490 268/578/474
f 268/578/474 269/595/490 297/596/491 296/579/475
f 296/579/475 297/596/491 325/597/492 324/580/476
f 324/580/476 325/597/492 353/598/493 352/581/477
f 352/581/477 353/598/493 381/599/494 380/582/478
f 380/582/478 381/599/494 409/600/495 408/583/479
f 408/583/479 409/600/495 437/601/496 436/584/480
f 436/584/480 437/601/496 465/602/497 464/585/481
f 464/585/481 465/602/497 493/603/498 492/586/482
f 492/586/482 493/603/498 521/604/499 520/587/483
f 520/587/483 521/604/499 549/605/500 548/588/484
f 548/588/484 549/605/500 577/606/501 576/589/485
f 576/589/485 577/606/501 156/607/486 155/590/470
f 156/591/486 157/608/502 186/609/503 185/592/487
f 185/592/487 186/609/503 214/610/504 213/593/488
f 213/593/488 214/610/504 242/611/505 241/594/489
f 241/594/489 242/611/505 270/612/506 269/595/490
f 269/595/490 270/612/506 298/613/507 297/596/491
f 297/596/491 298/613/507 326/614/508 325/597/492
f 325/597/492 326/614/508 354/615/509 353/598/493
f 353/598/493 354/615/509 382/616/510 381/599/494
f 381/599/494 382/616/510 410/617/511 409/600/495
f 409/600/495 410/617/511 438/618/512 437/601/496
f 437/601/496 438/618/512 466/619/513 465/602/497
f 465/602/497 466/619/513 494/620/514 493/603/498
f 493/603/498 494/620/514 522/621/515 521/604/499
f 521/604/499 522/621/515 550/622/516 549/605/500
f 549/605/500 550/622/516 578/623/517 577/606/501
f 577/606/501 578/623/517 157/624/502 156/607/486
f 157/608/502 158/625/518 187/626/519 186/609/503
f 186/609/503 187/626/519 215/627/520 214/610/504
f 214/610/504 215/627/520 243/628/521 242/611/505
f 242/611/505 243/628/521 271/629/522 270/612/506
f 270/612/506 271/629/522 299/630/523 298/613/507
f 298/613/507 299/630/523 327/631/524 326/614/508
f 326/614/508 327/631/524 355/632/525 354/615/509
f 354/615/509 355/632/525 383/633/526 382/616/510
f 382/616/510 383/633/526 411/634/527 410/617/511
f 410/617/511 411/634/527 439/635/528 438/618/512
f 438/618/512 439/635/528 467/636/529 466/619/513
f 466/619/513 467/636/529 495/637/530 494/620/514
f 494/620/514 495/637/530 523/638/531 522/621/515
f 522/621/515 523/638/531 551/639/532 550/622/516
f 550/622/516 551/639/532 579/640/533 578/623/517
f 578/623/517 579/640/533 158/641/518 157/624/502
f 158/625/518 159/642/534 188/643/535 187/626/519
f 187/626/519 188/643/535 216/644/536 215/627/520
f 215/627/520 216/644/536 244/645/537 243/628/521
f 243/628/521 244/645/537 272/646/538 271/629/522
f 271/629/522 272/646/538 300/647/539 299/630/523
f 299/630/523 300/647/539 328/648/540 327/631/524
f 327/631/524 328/648/540 356/649/541 355/632/525
f 355/632/525 356/649/541 384/650/542 383/633/526
f 383/633/526 384/650/542 412/651/543 411/634/527
f 411/634/527 412/651/543 440/652/544 439/635/528
f 439/635/528 440/652/544 468/653/545 467/636/529
f 467/636/529 468/653/545 496/654/546 495/637/530
f 495/637/530 496/654/546 524/655/547 523/638/531
f 523/638/531 524/655/547 552/656/548 551/639/532
f 551/639/532 552/656/548 580/657/549 579/640/533
f 579/640/533 580/657/549 159/658/534 158/641/518
f 159/642/534 160/659/550 189/660/551 188/643/535
f 188/643/535 189/660/551 217/661/552 216/644/536
f 216/644/536 217/661/552 245/662/553 244/645/537
f 244/645/537 245/662/553 273/663/554 272/646/538
f 272/646/538 273/663/554 301/664/555 300/647/539
f 300/647/539 301/664/555 329/665/556 328/648/540
f 328/648/540 329/665/556 357/666/557 356/649/541
f 356/649/541 357/666/557 385/667/558 384/650/542
f 384/650/542 385/667/558 413/668/559 412/651/543
f 412/651/543 413/668/559 441/669/560 440/652/544
f 440/652/544 441/669/560 469/670/561 468/653/545
f 468/653/545 469/670/561 497/671/562 496/654/546
f 496/654/546 497/671/562 525/672/563 524/655/547
f 524/655/547 525/672/563 553/673/564 552/656/548
f 552/656/548 553/673/564 581/674/565 580/657/549
f 580/657/549 581/674/565 160/675/550 159/658/534
f 160/659/550 161/676/566 190/677/567 189/660/551
f 189/660/551 190/677/567 218/678/568 217/661/552
f 217/661/552 218/678/568 246/679/569 245/662/553
f 245/662/553 246/679/569 274/680/570 273/663/554
f 273/663/554 274/680/570 302/681/571 301/664/555
f 301/664/555 302/681/571 330/682/572 329/665/556
f 329/665/556 330/682/572 358/683/573 357/666/557
f 357/666/557 358/683/573 386/684/574 385/667/558
f 385/667/558 386/684/574 414/685/575 413/668/559
f 413/668/559 414/685/575 442/686/576 441/669/560
f 441/669/560 442/686/576 470/687/577 469/670/561
f 469/670/561 470/687/577 498/688/578 497/671/562
f 497/671/562 498/688/578 526/689/579 525/672/563
f 525/672/563 526/689/579 554/690/580 553/673/564
f 553/673/564 554/690/580 582/691/581 581/674/565
f 581/674/565 582/691/581 161/692/566 160/675/550
f 161/676/566 162/693/582 190/677/567
f 190/677/567 162/694/582 218/678/568
f 218/678/568 162/695/582 246/679/569
f 246/679/569 162/696/582 274/680/570
f 274/680/570 162/697/582 302/681/571
f 302/681/571 162/698/582 330/682/572
f 330/682/572 162/699/582 358/683/573
f 358/683/573 162/700/582 386/684/574
f 386/684/574 162/701/582 414/685/575
f 414/685/575 162/702/582 442/686/576
f 442/686/576 162/703/582 470/687/577
f 470/687/577 162/704/582 498/688/578
f 498/688/578 162/705/582 526/689/579
f 526/689/579 162/706/582 554/690/580
f 554/690/580 162/707/582 582/691/581
f 582/691/581 162/708/582 161/692/566
o BottleWine01.001
v 0.000000 0.064716 0.000000
v 0.034821 0.055662 0.000000
v 0.056214 0.036792 0.000000
v 0.056214 0.224596 0.000000
v 0.047335 0.263622 -0.000000
v 0.015887 0.304742 0.000000
v 0.015887 0.432492 0.000000
v 0.016647 0.432743 0.000000
v 0.017345 0.432993 0.000000
v 0.018002 0.433244 0.000000
v 0.018638 0.433494 0.000000
v 0.019273 0.433745 0.000000
v 0.019930 0.433996 0.000000
v 0.020628 0.434246 0.000000
v 0.021388 0.434497 0.000000
v 0.022232 0.434747 0.000000
v 0.023178 0.434998 0.000000
v 0.024250 0.435249 0.000000
v 0.025466 0.435499 0.000000
v 0.029420 0.433452 0.000000
v 0.031481 0.309194 0.000000
v 0.037495 0.295662 0.000000
v 0.056580 0.272242 0.000000
v 0.068083 0.251011 0.000000
v 0.070408 0.226495 0.000000
v 0.070408 0.010694 0.000000
v 0.066292 0.004722 0.000000
v 0.058642 0.004722 0.000000
v 0.032457 0.040345 0.000000
v 0.000000 0.048327 0.000000
v 0.032171 0.055662 -0.013326
v 0.051935 0.036792 -0.021512
v 0.051935 0.224596 -0.021512
v 0.043732 0.263622 -0.018114
v 0.014678 0.304742 -0.006080
v 0.014678 0.432492 -0.006080
v 0.015380 0.432743 -0.006371
v 0.016025 0.432993 -0.006638
v 0.016632 0.433244 -0.006889
v 0.017219 0.433494 -0.007132
v 0.017806 0.433745 -0.007376
v 0.018413 0.433996 -0.007627
v 0.019058 0.434246 -0.007894
v 0.019760 0.434497 -0.008185
v 0.020539 0.434747 -0.008508
v 0.021414 0.434998 -0.008870
v 0.022404 0.435249 -0.009280
v 0.023528 0.435499 -0.009745
v 0.027181 0.433452 -0.011259
v 0.029084 0.309194 -0.012047
v 0.034641 0.295662 -0.014349
v 0.052273 0.272242 -0.021652
v 0.062901 0.251011 -0.026054
v 0.065049 0.226495 -0.026944
v 0.065049 0.010694 -0.026944
v 0.061246 0.004722 -0.025369
v 0.054178 0.004722 -0.022441
v 0.029987 0.040345 -0.012421
v 0.024622 0.055662 -0.024622
v 0.039749 0.036792 -0.039749
v 0.039750 0.224596 -0.039749
v 0.033471 0.263622 -0.033471
v 0.011234 0.304742 -0.011234
v 0.011234 0.432492 -0.011234
v 0.011771 0.432743 -0.011771
v 0.012265 0.432993 -0.012265
v 0.012729 0.433244 -0.012729
v 0.013179 0.433494 -0.013179
v 0.013628 0.433745 -0.013628
v 0.014093 0.433996 -0.014093
v 0.014586 0.434246 -0.014586
v 0.015124 0.434497 -0.015124
v 0.015720 0.434747 -0.015720
v 0.016390 0.434998 -0.016390
v 0.017147 0.435249 -0.017147
v 0.018007 0.435499 -0.018007
v 0.020803 0.433452 -0.020803
v 0.022260 0.309194 -0.022260
v 0.026513 0.295662 -0.026513
v 0.040008 0.272242 -0.040008
v 0.048142 0.251011 -0.048142
v 0.049786 0.226495 -0.049786
v 0.049786 0.010694 -0.049786
v 0.046876 0.004722 -0.046876
v 0.041466 0.004722 -0.041466
v 0.022951 0.040345 -0.022951
v 0.013326 0.055662 -0.032171
v 0.021512 0.036792 -0.051935
v 0.021512 0.224596 -0.051935
v 0.018114 0.263622 -0.043732
v 0.006080 0.304742 -0.014678
v 0.006080 0.432492 -0.014678
v 0.006371 0.432743 -0.015380
v 0.006638 0.432993 -0.016025
v 0.006889 0.433244 -0.016632
v 0.007132 0.433494 -0.017219
v 0.007376 0.433745 -0.017806
v 0.007627 0.433996 -0.018413
v 0.007894 0.434246 -0.019058
v 0.008185 0.434497 -0.019760
v 0.008508 0.434747 -0.020539
v 0.008870 0.434998 -0.021414
v 0.009280 0.435249 -0.022404
v 0.009746 0.435499 -0.023528
v 0.011259 0.433452 -0.027181
v 0.012047 0.309194 -0.029084
v 0.014349 0.295662 -0.034641
v 0.021652 0.272242 -0.052273
v 0.026054 0.251011 -0.062901
v 0.026944 0.226495 -0.065049
v 0.026944 0.010694 -0.065049
v 0.025369 0.004722 -0.061246
v 0.022441 0.004722 -0.054178
v 0.012421 0.040345 -0.029987
v 0.000000 0.055662 -0.034821
v 0.000000 0.036792 -0.056214
v 0.000000 0.224596 -0.056214
v -0.000000 0.263622 -0.047335
v -0.000000 0.304742 -0.015887
v -0.000000 0.432492 -0.015887
v 0.000000 0.432743 -0.016647
v 0.000000 0.432993 -0.017345
v 0.000000 0.433244 -0.018002
v 0.000000 0.433494 -0.018638
v 0.000000 0.433745 -0.019273
v 0.000000 0.433996 -0.019930
v 0.000000 0.434246 -0.020628
v 0.000000 0.434497 -0.021388
v 0.000000 0.434747 -0.022232
v 0.000000 0.434998 -0.023178
v 0.000000 0.435249 -0.024250
v 0.000000 0.435499 -0.025466
v 0.000000 0.433452 -0.029420
v -0.000000 0.309194 -0.031481
v -0.000000 0.295662 -0.037495
v 0.000000 0.272242 -0.056580
v 0.000000 0.251011 -0.068083
v 0.000000 0.226495 -0.070408
v -0.000000 0.010694 -0.070408
v -0.000000 0.004722 -0.066292
v 0.000000 0.004722 -0.058642
v 0.000000 0.040345 -0.032457
v -0.013326 0.055662 -0.032171
v -0.021512 0.036792 -0.051935
v -0.021512 0.224596 -0.051935
v -0.018114 0.263622 -0.043732
v -0.006080 0.304742 -0.014678
v -0.006080 0.432492 -0.014678
v -0.006371 0.432743 -0.015380
v -0.006638 0.432993 -0.016025
v -0.006889 0.433244 -0.016632
v -0.007132 0.433494 -0.017219
v -0.007376 0.433745 -0.017806
v -0.007627 0.433996 -0.018413
v -0.007894 0.434246 -0.019058
v -0.008185 0.434497 -0.019760
v -0.008508 0.434747 -0.020539
v -0.008870 0.434998 -0.021414
v -0.009280 0.435249 -0.022404
v -0.009745 0.435499 -0.023528
v -0.011259 0.433452 -0.027181
v -0.012047 0.309194 -0.029084
v -0.014349 0.295662 -0.034641
v -0.021652 0.272242 -0.052273
v -0.026054 0.251011 -0.062901
v -0.026944 0.226495 -0.065049
v -0.026944 0.010694 -0.065049
v -0.025369 0.004722 -0.061246
v -0.022441 0.004722 -0.054178
v -0.012421 0.040345 -0.029987
v -0.024622 0.055662 -0.024622
v -0.039749 0.036792 -0.039749
v -0.039749 0.224596 -0.039750
v -0.033471 0.263622 -0.033471
v -0.011234 0.304742 -0.011234
v -0.011234 0.432492 -0.011234
v -0.011771 0.432743 -0.011771
v -0.012265 0.432993 -0.012265
v -0.012729 0.433244 -0.012729
v -0.013179 0.433494 -0.013179
v -0.013628 0.433745 -0.013628
v -0.014093 0.433996 -0.014093
v -0.014586 0.434246 -0.014586
v -0.015124 0.434497 -0.015124
v -0.015720 0.434747 -0.015720
v -0.016390 0.434998 -0.016390
v -0.017147 0.435249 -0.017147
v -0.018007 0.435499 -0.018007
v -0.020803 0.433452 -0.020803
v -0.022260 0.309194 -0.022260
v -0.026513 0.295662 -0.026513
v -0.040008 0.272242 -0.040008
v -0.048142 0.251011 -0.048142
v -0.049786 0.226495 -0.049786
v -0.049786 0.010694 -0.049786
v -0.046876 0.004722 -0.046876
v -0.041466 0.004722 -0.041466
v -0.022951 0.040345 -0.022951
v -0.032171 0.055662 -0.013326
v -0.051935 0.036792 -0.021512
v -0.051935 0.224596 -0.021512
v -0.043732 0.263622 -0.018114
v -0.014678 0.304742 -0.006080
v -0.014678 0.432492 -0.006080
v -0.015380 0.432743 -0.006371
v -0.016025 0.432993 -0.006638
v -0.016632 0.433244 -0.006889
v -0.017219 0.433494 -0.007132
v -0.017806 0.433745 -0.007376
v -0.018413 0.433996 -0.007627
v -0.019058 0.434246 -0.007894
v -0.019760 0.434497 -0.008185
v -0.020539 0.434747 -0.008508
v -0.021414 0.434998 -0.008870
v -0.022404 0.435249 -0.009280
v -0.023528 0.435499 -0.009746
v -0.027181 0.433452 -0.011259
v -0.029084 0.309194 -0.012047
v -0.034641 0.295662 -0.014349
v -0.052273 0.272242 -0.021652
v -0.062901 0.251011 -0.026054
v -0.065049 0.226495 -0.026944
v -0.065049 0.010694 -0.026944
v -0.061246 0.004722 -0.025369
v -0.054178 0.004722 -0.022441
v -0.029987 0.040345 -0.012421
v -0.034821 0.055662 -0.000000
v -0.056214 0.036792 -0.000000
v -0.056214 0.224596 -0.000000
v -0.047335 0.263622 0.000000
v -0.015887 0.304742 0.000000
v -0.015887 0.432492 0.000000
v -0.016647 0.432743 -0.000000
v -0.017345 0.432993 -0.000000
v -0.018002 0.433244 -0.000000
v -0.018638 0.433494 -0.000000
v -0.019273 0.433745 -0.000000
v -0.019930 0.433996 -0.000000
v -0.020628 0.434246 -0.000000
v -0.021388 0.434497 -0.000000
v -0.022232 0.434747 -0.000000
v -0.023178 0.434998 -0.000000
v -0.024250 0.435249 -0.000000
v -0.025466 0.435499 -0.000000
v -0.029420 0.433452 -0.000000
v -0.031481 0.309194 0.000000
v -0.037495 0.295662 0.000000
v -0.056580 0.272242 -0.000000
v -0.068083 0.251011 -0.000000
v -0.070408 0.226495 -0.000000
v -0.070408 0.010694 0.000000
v -0.066292 0.004722 0.000000
v -0.058642 0.004722 0.000000
v -0.032457 0.040345 -0.000000
v -0.032171 0.055662 0.013326
v -0.051935 0.036792 0.021512
v -0.051935 0.224596 0.021512
v -0.043732 0.263622 0.018114
v -0.014678 0.304742 0.006080
v -0.014678 0.432492 0.006080
v -0.015380 0.432743 0.006371
v -0.016025 0.432993 0.006638
v -0.016632 0.433244 0.006889
v -0.017219 0.433494 0.007132
v -0.017806 0.433745 0.007376
v -0.018413 0.433996 0.007627
v -0.019058 0.434246 0.007894
v -0.019760 0.434497 0.008185
v -0.020539 0.434747 0.008508
v -0.021414 0.434998 0.008870
v -0.022404 0.435249 0.009280
v -0.023528 0.435499 0.009745
v -0.027181 0.433452 0.011259
v -0.029084 0.309194 0.012047
v -0.034641 0.295662 0.014349
v -0.052273 0.272242 0.021652
v -0.062901 0.251011 0.026054
v -0.065049 0.226495 0.026944
v -0.065049 0.010694 0.026944
v -0.061246 0.004722 0.025369
v -0.054178 0.004722 0.022441
v -0.029987 0.040345 0.012421
v -0.024622 0.055662 0.024622
v -0.039749 0.036792 0.039749
v -0.039749 0.224596 0.039749
v -0.033471 0.263622 0.033471
v -0.011234 0.304742 0.011234
v -0.011234 0.432492 0.011234
v -0.011771 0.432743 0.011771
v -0.012265 0.432993 0.012265
v -0.012729 0.433244 0.012729
v -0.013179 0.433494 0.013179
v -0.013628 0.433745 0.013628
v -0.014093 0.433996 0.014093
v -0.014586 0.434246 0.014586
v -0.015124 0.434497 0.015124
v -0.015720 0.434747 0.015720
v -0.016390 0.434998 0.016390
v -0.017147 0.435249 0.017147
v -0.018007 0.435499 0.018007
v -0.020803 0.433452 0.020803
v -0.022260 0.309194 0.022260
v -0.026513 0.295662 0.026513
v -0.040008 0.272242 0.040008
v -0.048142 0.251011 0.048142
v -0.049786 0.226495 0.049786
v -0.049786 0.010694 0.049786
v -0.046876 0.004722 0.046876
v -0.041466 0.004722 0.041466
v -0.022951 0.040345 0.022951
v -0.013326 0.055662 0.032171
v -0.021512 0.036792 0.051935
v -0.021512 0.224596 0.051935
v -0.018114 0.263622 0.043732
v -0.006080 0.304742 0.014678
v -0.006080 0.432492 0.014678
v -0.006371 0.432743 0.015380
v -0.006638 0.432993 0.016025
v -0.006889 0.433244 0.016632
v -0.007132 0.433494 0.017219
v -0.007376 0.433745 0.017806
v -0.007627 0.433996 0.018413
v -0.007894 0.434246 0.019058
v -0.008185 0.434497 0.019760
v -0.008508 0.434747 0.020539
v -0.008870 0.434998 0.021414
v -0.009280 0.435249 0.022404
v -0.009746 0.435499 0.023528
v -0.011259 0.433452 0.027181
v -0.012047 0.309194 0.029084
v -0.014349 0.295662 0.034641
v -0.021652 0.272242 0.052273
v -0.026054 0.251011 0.062901
v -0.026944 0.226495 0.065049
v -0.026944 0.010694 0.065049
v -0.025369 0.004722 0.061246
v -0.022441 0.004722 0.054178
v -0.012421 0.040345 0.029987
v -0.000000 0.055662 0.034821
v -0.000000 0.036792 0.056214
v -0.000000 0.224596 0.056214
v 0.000000 0.263622 0.047335
v 0.000000 0.304742 0.015887
v 0.000000 0.432492 0.015887
v -0.000000 0.432743 0.016647
v -0.000000 0.432993 0.017345
v -0.000000 0.433244 0.018002
v -0.000000 0.433494 0.018638
v -0.000000 0.433745 0.019273
v -0.000000 0.433996 0.019930
v -0.000000 0.434246 0.020628
v -0.000000 0.434497 0.021388
v -0.000000 0.434747 0.022232
v -0.000000 0.434998 0.023178
v -0.000000 0.435249 0.024250
v -0.000000 0.435499 0.025466
v -0.000000 0.433452 0.029420
v 0.000000 0.309194 0.031481
v 0.000000 0.295662 0.037495
v -0.000000 0.272242 0.056580
v -0.000000 0.251011 0.068083
v -0.000000 0.226495 0.070408
v -0.000000 0.010694 0.070408
v -0.000000 0.004722 0.066292
v -0.000000 0.004722 0.058642
v -0.000000 0.040345 0.032457
v 0.013326 0.055662 0.032171
v 0.021512 0.036792 0.051935
v 0.021512 0.224596 0.051935
v 0.018114 0.263622 0.043732
v 0.006080 0.304742 0.014678
v 0.006080 0.432492 0.014678
v 0.006371 0.432743 0.015380
v 0.006638 0.432993 0.016025
v 0.006889 0.433244 0.016632
v 0.007132 0.433494 0.017219
v 0.007376 0.433745 0.017806
v 0.007627 0.433996 0.018413
v 0.007894 0.434246 0.019058
v 0.008185 0.434497 0.019760
v 0.008508 0.434747 0.020539
v 0.008870 0.434998 0.021414
v 0.009280 0.435249 0.022404
v 0.009745 0.435499 0.023528
v 0.011259 0.433452 0.027181
v 0.012047 0.309194 0.029084
v 0.014349 0.295662 0.034641
v 0.021652 0.272242 0.052273
v 0.026054 0.251011 0.062901
v 0.026944 0.226495 0.065049
v 0.026944 0.010694 0.065049
v 0.025369 0.004722 0.061246
v 0.022441 0.004722 0.054178
v 0.012421 0.040345 0.029987
v 0.024622 0.055662 0.024622
v 0.039749 0.036792 0.039749
v 0.039749 0.224596 0.039749
v 0.033471 0.263622 0.033471
v 0.011234 0.304742 0.011234
v 0.011234 0.432492 0.011234
v 0.011771 0.432743 0.011771
v 0.012265 0.432993 0.012265
v 0.012729 0.433244 0.012729
v 0.013179 0.433494 0.013179
v 0.013628 0.433745 0.013628
v 0.014093 0.433996 0.014093
v 0.014586 0.434246 0.014586
v 0.015124 0.434497 0.015124
v 0.015720 0.434747 0.015720
v 0.016390 0.434998 0.016390
v 0.017147 0.435249 0.017147
v 0.018007 0.435499 0.018007
v 0.020803 0.433452 0.020803
v 0.022260 0.309194 0.022260
v 0.026513 0.295662 0.026513
v 0.040008 0.272242 0.040008
v 0.048142 0.251011 0.048142
v 0.049786 0.226495 0.049786
v 0.049786 0.010694 0.049786
v 0.046876 0.004722 0.046876
v 0.041466 0.004722 0.041466
v 0.022951 0.040345 0.022951
v 0.032171 0.055662 0.013326
v 0.051935 0.036792 0.021512
v 0.051935 0.224596 0.021512
v 0.043732 0.263622 0.018114
v 0.014678 0.304742 0.006080
v 0.014678 0.432492 0.006080
v 0.015380 0.432743 0.006371
v 0.016025 0.432993 0.006638
v 0.016632 0.433244 0.006889
v 0.017219 0.433494 0.007132
v 0.017806 0.433745 0.007376
v 0.018413 0.433996 0.007627
v 0.019058 0.434246 0.007894
v 0.019760 0.434497 0.008185
v 0.020539 0.434747 0.008508
v 0.021414 0.434998 0.008870
v 0.022404 0.435249 0.009280
v 0.023528 0.435499 0.009746
v 0.027181 0.433452 0.011259
v 0.029084 0.309194 0.012047
v 0.034641 0.295662 0.014349
v 0.052273 0.272242 0.021652
v 0.062901 0.251011 0.026054
v 0.065049 0.226495 0.026944
v 0.065049 0.010694 0.026944
v 0.061246 0.004722 0.025369
v 0.054178 0.004722 0.022441
v 0.029987 0.040345 0.012421
vn -0.0000 1.0000 -0.0000
vn 0.4914 0.8709 -0.0000
vn 0.4540 0.8709 -0.1880
vn 0.3475 0.8709 -0.3475
vn 0.1880 0.8709 -0.4540
vn -0.0000 0.8709 -0.4914
vn -0.1880 0.8709 -0.4540
vn -0.3475 0.8709 -0.3475
vn -0.4540 0.8709 -0.1880
vn -0.4914 0.8709 -0.0000
vn -0.4540 0.8709 0.1880
vn -0.3475 0.8709 0.3475
vn -0.1880 0.8709 0.4540
vn -0.0000 0.8709 0.4914
vn 0.1880 0.8709 0.4540
vn 0.3475 0.8709 0.3475
vn 0.4540 0.8709 0.1880
vn -0.4593 0.8676 0.1903
vn -0.3516 0.8676 0.3516
vn -0.1903 0.8676 0.4593
vn -0.0000 0.8676 0.4972
vn 0.1903 0.8676 0.4593
vn 0.3516 0.8676 0.3516
vn 0.4972 0.8676 -0.0000
vn 0.4593 0.8676 -0.1903
vn 0.3516 0.8676 -0.3516
vn 0.1903 0.8676 -0.4593
vn -0.0000 0.8676 -0.4972
vn -0.1903 0.8676 -0.4593
vn -0.3516 0.8676 -0.3516
vn -0.4593 0.8676 -0.1903
vn -0.9939 -0.1101 -0.0000
vn -0.4972 0.8676 -0.0000
vn -0.9183 -0.1101 0.3804
vn -0.7028 -0.1101 0.7028
vn -0.3804 -0.1101 0.9183
vn -0.0000 -0.1101 0.9939
vn 0.3804 -0.1101 0.9183
vn 0.7028 -0.1101 0.7028
vn 0.4593 0.8676 0.1903
vn 0.9939 -0.1101 -0.0000
vn 0.9183 -0.1101 -0.3804
vn 0.7028 -0.1101 -0.7028
vn -0.0000 -0.1101 -0.9939
vn -0.3804 -0.1101 -0.9183
vn -0.7028 -0.1101 -0.7028
vn -0.9183 -0.1101 -0.3804
vn -0.9100 -0.4146 -0.0000
vn -0.8408 -0.4146 0.3483
vn -0.6435 -0.4146 0.6435
vn -0.3483 -0.4146 0.8408
vn -0.0000 -0.4146 0.9100
vn 0.3483 -0.4146 0.8408
vn 0.6435 -0.4146 0.6435
vn 0.9183 -0.1101 0.3804
vn 0.8408 -0.4146 0.3483
vn 0.9100 -0.4146 -0.0000
vn 0.8408 -0.4146 -0.3483
vn 0.6435 -0.4146 -0.6435
vn 0.3804 -0.1101 -0.9183
vn 0.3483 -0.4146 -0.8408
vn -0.0000 -0.4146 -0.9100
vn -0.3483 -0.4146 -0.8408
vn -0.6435 -0.4146 -0.6435
vn -0.8408 -0.4146 -0.3483
vn -0.9428 -0.3335 -0.0000
vn -0.8710 -0.3335 0.3608
vn -0.6666 -0.3335 0.6666
vn -0.3608 -0.3335 0.8710
vn -0.0000 -0.3335 0.9428
vn 0.3608 -0.3335 0.8710
vn 0.6666 -0.3335 0.6666
vn 0.8710 -0.3335 0.3608
vn 0.9428 -0.3335 -0.0000
vn 0.8710 -0.3335 -0.3608
vn 0.6666 -0.3335 -0.6666
vn 0.3608 -0.3335 -0.8710
vn -0.0000 -0.3335 -0.9428
vn -0.3608 -0.3335 -0.8710
vn -0.6666 -0.3335 -0.6666
vn -0.8710 -0.3335 -0.3608
vn -0.7820 0.6233 -0.0000
vn -0.7225 0.6233 0.2993
vn -0.5530 0.6233 0.5529
vn -0.2993 0.6233 0.7225
vn -0.0000 0.6233 0.7820
vn 0.2992 0.6233 0.7225
vn 0.5530 0.6233 0.5529
vn 0.7225 0.6233 0.2992
vn 0.7820 0.6233 -0.0000
vn 0.7225 0.6233 -0.2993
vn 0.5529 0.6233 -0.5529
vn 0.2993 0.6233 -0.7225
vn -0.0000 0.6233 -0.7820
vn -0.2993 0.6233 -0.7225
vn -0.5530 0.6233 -0.5529
vn -0.7225 0.6233 -0.2993
vn -0.3021 0.9450 0.1251
vn -0.2312 0.9450 0.2312
vn -0.1251 0.9450 0.3021
vn -0.0000 0.9450 0.3270
vn 0.1251 0.9450 0.3021
vn 0.2312 0.9450 0.2312
vn 0.3021 0.9450 0.1251
vn 0.3270 0.9450 -0.0000
vn 0.3021 0.9450 -0.1251
vn 0.2312 0.9450 -0.2312
vn 0.1251 0.9450 -0.3021
vn -0.0000 0.9450 -0.3270
vn -0.1251 0.9450 -0.3021
vn -0.2312 0.9450 -0.2312
vn -0.3021 0.9450 -0.1251
vn -0.3270 0.9450 -0.0000
vn -0.3219 0.9373 0.1333
vn -0.2463 0.9374 0.2463
vn -0.1333 0.9374 0.3218
vn -0.0000 0.9374 0.3484
vn 0.1333 0.9374 0.3218
vn 0.2463 0.9374 0.2463
vn 0.3218 0.9374 0.1333
vn 0.3484 0.9374 -0.0000
vn 0.3219 0.9374 -0.1333
vn 0.2464 0.9374 -0.2463
vn 0.1333 0.9374 -0.3218
vn -0.0000 0.9374 -0.3484
vn -0.1333 0.9374 -0.3218
vn -0.2463 0.9374 -0.2463
vn -0.3218 0.9374 -0.1333
vn -0.3484 0.9373 -0.0000
vn -0.3347 0.9321 0.1386
vn -0.2561 0.9321 0.2561
vn -0.1386 0.9321 0.3347
vn -0.0000 0.9321 0.3622
vn 0.1386 0.9321 0.3347
vn 0.2561 0.9321 0.2561
vn 0.3347 0.9321 0.1386
vn 0.3623 0.9321 -0.0000
vn 0.3347 0.9321 -0.1386
vn 0.2561 0.9321 -0.2561
vn 0.1386 0.9321 -0.3347
vn -0.0000 0.9321 -0.3622
vn -0.1386 0.9321 -0.3347
vn -0.2561 0.9321 -0.2561
vn -0.3347 0.9321 -0.1386
vn -0.3623 0.9321 -0.0000
vn -0.3388 0.9303 0.1403
vn -0.2593 0.9303 0.2593
vn -0.1403 0.9303 0.3388
vn -0.0000 0.9303 0.3667
vn 0.1403 0.9303 0.3388
vn 0.2593 0.9303 0.2593
vn 0.3388 0.9303 0.1403
vn 0.3667 0.9303 -0.0000
vn 0.3387 0.9304 -0.1403
vn 0.2593 0.9303 -0.2593
vn 0.1403 0.9303 -0.3388
vn -0.0000 0.9303 -0.3667
vn -0.1403 0.9303 -0.3388
vn -0.2593 0.9303 -0.2593
vn -0.3388 0.9303 -0.1403
vn -0.3667 0.9303 -0.0000
vn -0.3336 0.9325 0.1382
vn -0.2553 0.9325 0.2553
vn -0.1382 0.9325 0.3336
vn -0.0000 0.9325 0.3611
vn 0.1382 0.9325 0.3336
vn 0.2553 0.9325 0.2553
vn 0.3336 0.9325 0.1382
vn 0.3611 0.9325 -0.0000
vn 0.3335 0.9326 -0.1382
vn 0.2553 0.9325 -0.2553
vn 0.1382 0.9325 -0.3336
vn -0.0000 0.9325 -0.3611
vn -0.1382 0.9325 -0.3336
vn -0.2553 0.9325 -0.2553
vn -0.3336 0.9325 -0.1382
vn -0.3611 0.9325 -0.0000
vn -0.3198 0.9382 0.1325
vn -0.2448 0.9382 0.2448
vn -0.1325 0.9382 0.3198
vn -0.0000 0.9382 0.3462
vn 0.1325 0.9382 0.3198
vn 0.2448 0.9382 0.2448
vn 0.3198 0.9382 0.1325
vn 0.3462 0.9382 -0.0000
vn 0.3198 0.9382 -0.1325
vn 0.2448 0.9382 -0.2448
vn 0.1325 0.9382 -0.3198
vn -0.0000 0.9382 -0.3462
vn -0.1325 0.9382 -0.3198
vn -0.2448 0.9382 -0.2448
vn -0.3198 0.9382 -0.1325
vn -0.3462 0.9382 -0.0000
vn -0.2994 0.9460 0.1240
vn -0.2291 0.9460 0.2291
vn -0.1240 0.9460 0.2994
vn -0.0000 0.9460 0.3240
vn 0.1240 0.9460 0.2994
vn 0.2291 0.9460 0.2291
vn 0.2994 0.9460 0.1240
vn 0.3241 0.9460 -0.0000
vn 0.2994 0.9460 -0.1240
vn 0.2291 0.9460 -0.2291
vn 0.1240 0.9460 -0.2994
vn -0.0000 0.9460 -0.3240
vn -0.1240 0.9460 -0.2994
vn -0.2291 0.9460 -0.2291
vn -0.2994 0.9460 -0.1240
vn -0.3241 0.9460 -0.0000
vn -0.2747 0.9548 0.1138
vn -0.2103 0.9548 0.2102
vn -0.1138 0.9548 0.2747
vn -0.0000 0.9548 0.2973
vn 0.1138 0.9548 0.2747
vn 0.2102 0.9548 0.2102
vn 0.2747 0.9548 0.1138
vn 0.2973 0.9548 -0.0000
vn 0.2747 0.9548 -0.1138
vn 0.2103 0.9548 -0.2102
vn 0.1138 0.9548 -0.2747
vn -0.0000 0.9548 -0.2973
vn -0.1138 0.9548 -0.2747
vn -0.2102 0.9548 -0.2102
vn -0.2747 0.9548 -0.1138
vn -0.2973 0.9548 -0.0000
vn -0.2482 0.9632 0.1028
vn -0.1900 0.9632 0.1900
vn -0.1028 0.9632 0.2482
vn -0.0000 0.9632 0.2687
vn 0.1028 0.9632 0.2482
vn 0.1900 0.9632 0.1900
vn 0.2482 0.9632 0.1028
vn 0.2687 0.9632 -0.0000
vn 0.2482 0.9632 -0.1028
vn 0.1900 0.9632 -0.1900
vn 0.1028 0.9632 -0.2482
vn -0.0000 0.9632 -0.2687
vn -0.1028 0.9632 -0.2482
vn -0.1899 0.9632 -0.1900
vn -0.2482 0.9632 -0.1028
vn -0.2687 0.9632 -0.0000
vn -0.2219 0.9707 0.0919
vn -0.1698 0.9707 0.1698
vn -0.0919 0.9707 0.2219
vn -0.0000 0.9707 0.2401
vn 0.0919 0.9707 0.2219
vn 0.1698 0.9707 0.1698
vn 0.2219 0.9707 0.0919
vn 0.2401 0.9707 -0.0000
vn 0.2219 0.9707 -0.0919
vn 0.1698 0.9707 -0.1698
vn 0.0919 0.9707 -0.2219
vn -0.0000 0.9707 -0.2401
vn -0.0919 0.9707 -0.2219
vn -0.1698 0.9707 -0.1698
vn -0.2218 0.9707 -0.0919
vn -0.2401 0.9707 -0.0000
vn -0.1970 0.9770 0.0816
vn -0.1507 0.9770 0.1507
vn -0.0816 0.9770 0.1969
vn -0.0000 0.9770 0.2132
vn 0.0816 0.9770 0.1970
vn 0.1507 0.9770 0.1507
vn 0.1969 0.9770 0.0816
vn 0.2132 0.9770 -0.0000
vn 0.1970 0.9770 -0.0816
vn 0.1507 0.9770 -0.1507
vn 0.0816 0.9770 -0.1969
vn -0.0000 0.9770 -0.2132
vn -0.0816 0.9770 -0.1970
vn -0.1507 0.9770 -0.1507
vn -0.1969 0.9770 -0.0816
vn -0.2132 0.9770 -0.0000
vn 0.1638 0.9842 -0.0678
vn 0.1254 0.9842 -0.1254
vn 0.0678 0.9842 -0.1638
vn -0.0000 0.9842 -0.1773
vn -0.0678 0.9842 -0.1638
vn -0.1254 0.9842 -0.1254
vn -0.1638 0.9842 -0.0678
vn -0.1773 0.9842 -0.0000
vn -0.1638 0.9842 0.0678
vn -0.1254 0.9842 0.1254
vn -0.0678 0.9842 0.1638
vn -0.0000 0.9842 0.1773
vn 0.0678 0.9842 0.1638
vn 0.1254 0.9842 0.1254
vn 0.1638 0.9842 0.0678
vn 0.1773 0.9842 -0.0000
vn 0.8660 0.5001 -0.0000
vn 0.8000 0.5001 -0.3314
vn 0.6123 0.5001 -0.6123
vn 0.3314 0.5001 -0.8000
vn -0.0000 0.5001 -0.8660
vn -0.3314 0.5001 -0.8000
vn -0.6123 0.5001 -0.6123
vn -0.8000 0.5001 -0.3314
vn -0.8660 0.5001 -0.0000
vn -0.8000 0.5001 0.3314
vn -0.6123 0.5001 0.6123
vn -0.3314 0.5001 0.8000
vn -0.0000 0.5001 0.8660
vn 0.3314 0.5001 0.8000
vn 0.6123 0.5001 0.6123
vn 0.8000 0.5001 0.3314
vn 0.9753 0.2211 -0.0000
vn 0.9010 0.2211 -0.3732
vn 0.6896 0.2211 -0.6896
vn 0.3732 0.2211 -0.9010
vn -0.0000 0.2211 -0.9753
vn -0.3732 0.2211 -0.9010
vn -0.6896 0.2211 -0.6896
vn -0.9010 0.2211 -0.3732
vn -0.9753 0.2211 -0.0000
vn -0.9010 0.2211 0.3732
vn -0.6896 0.2211 0.6896
vn -0.3732 0.2211 0.9010
vn -0.0000 0.2211 0.9753
vn 0.3732 0.2211 0.9010
vn 0.6896 0.2211 0.6896
vn 0.9010 0.2211 0.3732
vn 0.8474 0.5310 -0.0000
vn 0.7829 0.5310 -0.3243
vn 0.5992 0.5310 -0.5992
vn 0.3243 0.5310 -0.7829
vn -0.0000 0.5310 -0.8474
vn -0.3243 0.5310 -0.7829
vn -0.7829 0.5310 -0.3243
vn -0.8474 0.5310 -0.0000
vn -0.7829 0.5310 0.3243
vn -0.5992 0.5310 0.5992
vn -0.3243 0.5310 0.7829
vn -0.0000 0.5310 0.8474
vn 0.3243 0.5310 0.7829
vn 0.5992 0.5310 0.5992
vn 0.7829 0.5310 0.3243
vn 0.7709 0.5512 -0.3193
vn 0.5900 0.5512 -0.5900
vn 0.3193 0.5512 -0.7709
vn -0.0000 0.5512 -0.8344
vn -0.3193 0.5512 -0.7709
vn -0.5900 0.5512 -0.5900
vn -0.5992 0.5310 -0.5992
vn -0.7709 0.5512 -0.3193
vn -0.8344 0.5512 -0.0000
vn -0.7709 0.5512 0.3193
vn -0.5900 0.5512 0.5900
vn -0.3193 0.5512 0.7709
vn -0.0000 0.5512 0.8344
vn 0.3193 0.5512 0.7709
vn 0.5900 0.5512 0.5900
vn 0.7709 0.5512 0.3193
vn 0.8344 0.5512 -0.0000
vn 0.9587 0.2846 -0.0000
vn 0.8857 0.2846 -0.3669
vn 0.6779 0.2846 -0.6779
vn 0.3669 0.2846 -0.8857
vn -0.0000 0.2846 -0.9587
vn -0.3669 0.2846 -0.8857
vn -0.6779 0.2846 -0.6779
vn -0.8857 0.2846 -0.3669
vn -0.9587 0.2846 -0.0000
vn -0.8857 0.2846 0.3669
vn -0.6779 0.2846 0.6779
vn -0.3669 0.2846 0.8857
vn -0.0000 0.2846 0.9587
vn 0.3669 0.2846 0.8857
vn 0.6779 0.2846 0.6779
vn 0.8857 0.2846 0.3669
vn 0.9989 0.0470 -0.0000
vn 0.9229 0.0470 -0.3823
vn 0.7063 0.0470 -0.7063
vn 0.3823 0.0470 -0.9229
vn -0.0000 0.0470 -0.9989
vn -0.3823 0.0470 -0.9229
vn -0.7063 0.0470 -0.7063
vn -0.9229 0.0470 -0.3823
vn -0.9989 0.0470 -0.0000
vn -0.9229 0.0470 0.3823
vn -0.7063 0.0470 0.7063
vn -0.3823 0.0470 0.9229
vn -0.0000 0.0470 0.9989
vn 0.3823 0.0470 0.9229
vn 0.7063 0.0470 0.7063
vn 0.9229 0.0470 0.3823
vn 0.9579 -0.2872 -0.0000
vn 0.8850 -0.2872 -0.3666
vn 0.6773 -0.2872 -0.6773
vn 0.3666 -0.2872 -0.8850
vn -0.0000 -0.2872 -0.9579
vn -0.3666 -0.2872 -0.8850
vn -0.6773 -0.2872 -0.6773
vn -0.8850 -0.2872 -0.3666
vn -0.9579 -0.2872 -0.0000
vn -0.8850 -0.2872 0.3666
vn -0.6773 -0.2872 0.6773
vn -0.3666 -0.2872 0.8850
vn -0.0000 -0.2872 0.9579
vn 0.3666 -0.2872 0.8850
vn 0.6773 -0.2872 0.6773
vn 0.8850 -0.2872 0.3666
vn 0.5081 -0.8613 -0.0000
vn 0.4695 -0.8613 -0.1945
vn 0.3593 -0.8613 -0.3593
vn -0.0000 -0.8613 -0.5081
vn -0.1945 -0.8613 -0.4695
vn -0.4695 -0.8613 -0.1945
vn -0.5081 -0.8613 -0.0000
vn -0.4695 -0.8613 0.1945
vn -0.1945 -0.8613 0.4695
vn -0.0000 -0.8613 0.5081
vn 0.1945 -0.8613 0.4695
vn 0.4695 -0.8613 0.1945
vn -0.3736 -0.9146 0.1548
vn -0.2860 -0.9146 0.2860
vn -0.1548 -0.9146 0.3736
vn 0.1945 -0.8613 -0.4695
vn -0.0000 -0.9146 0.4044
vn 0.1548 -0.9146 0.3736
vn 0.2860 -0.9146 0.2860
vn -0.3593 -0.8613 -0.3593
vn 0.3736 -0.9146 0.1548
vn 0.3736 -0.9146 -0.1548
vn 0.2860 -0.9146 -0.2860
vn -0.3593 -0.8613 0.3593
vn 0.1548 -0.9146 -0.3736
vn -0.0000 -0.9146 -0.4044
vn -0.2860 -0.9146 -0.2860
vn 0.3593 -0.8613 0.3593
vn -0.4044 -0.9146 -0.0000
vn -0.5392 -0.8120 0.2233
vn -0.4127 -0.8120 0.4127
vn -0.2233 -0.8120 0.5392
vn -0.0000 -0.8120 0.5836
vn 0.2233 -0.8120 0.5392
vn 0.5392 -0.8120 0.2233
vn 0.5836 -0.8120 -0.0000
vn 0.4044 -0.9146 -0.0000
vn 0.5392 -0.8120 -0.2233
vn 0.4127 -0.8120 -0.4127
vn -0.0000 -0.8120 -0.5836
vn -0.1548 -0.9146 -0.3736
vn -0.2233 -0.8120 -0.5392
vn -0.5392 -0.8120 -0.2233
vn -0.3736 -0.9146 -0.1548
vn -0.5836 -0.8120 -0.0000
vn -0.0000 -1.0000 -0.0000
vn 0.4127 -0.8120 0.4127
vn 0.2233 -0.8120 -0.5392
vn -0.4127 -0.8120 -0.4127
vt 0.031250 0.060233
vt 0.000000 0.051179
vt 0.062500 0.051179
vt 0.093750 0.060233
vt 0.125000 0.051179
vt 0.156250 0.060233
vt 0.187500 0.051179
vt 0.218750 0.060233
vt 0.250000 0.051179
vt 0.281250 0.060233
vt 0.312500 0.051179
vt 0.343750 0.060233
vt 0.375000 0.051179
vt 0.406250 0.060233
vt 0.437500 0.051179
vt 0.468750 0.060233
vt 0.500000 0.051179
vt 0.531250 0.060233
vt 0.562500 0.051179
vt 0.593750 0.060233
vt 0.625000 0.051179
vt 0.656250 0.060233
vt 0.687500 0.051179
vt 0.718750 0.060233
vt 0.750000 0.051179
vt 0.781250 0.060233
vt 0.812500 0.051179
vt 0.843750 0.060233
vt 0.875000 0.051179
vt 0.906250 0.060233
vt 0.937500 0.051179
vt 0.968750 0.060233
vt 1.000000 0.051179
vt 0.062500 0.032309
vt 0.125000 0.032309
vt 0.187500 0.032309
vt 0.250000 0.032309
vt 0.312500 0.032309
vt 0.375000 0.032309
vt 0.500000 0.032309
vt 0.562500 0.032309
vt 0.625000 0.032309
vt 0.687500 0.032309
vt 0.750000 0.032309
vt 0.812500 0.032309
vt 0.875000 0.032309
vt 0.937500 0.032309
vt 0.000000 0.220113
vt 0.000000 0.032309
vt 0.062500 0.220113
vt 0.125000 0.220113
vt 0.187500 0.220113
vt 0.250000 0.220113
vt 0.312500 0.220113
vt 0.375000 0.220113
vt 0.437500 0.032309
vt 0.500000 0.220113
vt 0.562500 0.220113
vt 0.625000 0.220113
vt 0.750000 0.220113
vt 0.812500 0.220113
vt 0.875000 0.220113
vt 0.937500 0.220113
vt 1.000000 0.032309
vt 0.000000 0.259139
vt 0.062500 0.259139
vt 0.125000 0.259139
vt 0.187500 0.259139
vt 0.250000 0.259139
vt 0.312500 0.259139
vt 0.375000 0.259139
vt 0.437500 0.220113
vt 0.437500 0.259139
vt 0.500000 0.259139
vt 0.562500 0.259139
vt 0.625000 0.259139
vt 0.687500 0.220113
vt 0.687500 0.259139
vt 0.750000 0.259139
vt 0.812500 0.259139
vt 0.875000 0.259139
vt 0.937500 0.259139
vt 1.000000 0.220113
vt 0.000000 0.300259
vt 0.062500 0.300259
vt 0.125000 0.300259
vt 0.187500 0.300259
vt 0.250000 0.300259
vt 0.312500 0.300259
vt 0.375000 0.300259
vt 0.437500 0.300259
vt 0.500000 0.300259
vt 0.562500 0.300259
vt 0.625000 0.300259
vt 0.687500 0.300259
vt 0.750000 0.300259
vt 0.812500 0.300259
vt 0.875000 0.300259
vt 0.937500 0.300259
vt 1.000000 0.259139
vt 0.000000 0.428009
vt 0.062500 0.428009
vt 0.125000 0.428009
vt 0.187500 0.428009
vt 0.250000 0.428009
vt 0.312500 0.428009
vt 0.375000 0.428009
vt 0.437500 0.428009
vt 0.500000 0.428009
vt 0.562500 0.428009
vt 0.625000 0.428009
vt 0.687500 0.428009
vt 0.750000 0.428009
vt 0.812500 0.428009
vt 0.875000 0.428009
vt 0.937500 0.428009
vt 1.000000 0.300259
vt 0.062500 0.428259
vt 0.125000 0.428259
vt 0.187500 0.428259
vt 0.250000 0.428259
vt 0.312500 0.428259
vt 0.375000 0.428259
vt 0.437500 0.428259
vt 0.500000 0.428259
vt 0.562500 0.428259
vt 0.625000 0.428259
vt 0.687500 0.428259
vt 0.750000 0.428259
vt 0.812500 0.428259
vt 0.875000 0.428259
vt 0.937500 0.428259
vt 1.000000 0.428259
vt 1.000000 0.428009
vt 0.000000 0.428259
vt 0.062500 0.428510
vt 0.125000 0.428510
vt 0.187500 0.428510
vt 0.250000 0.428510
vt 0.312500 0.428510
vt 0.375000 0.428510
vt 0.437500 0.428510
vt 0.500000 0.428510
vt 0.562500 0.428510
vt 0.625000 0.428510
vt 0.687500 0.428510
vt 0.750000 0.428510
vt 0.812500 0.428510
vt 0.875000 0.428510
vt 0.937500 0.428510
vt 1.000000 0.428510
vt 0.000000 0.428510
vt 0.062500 0.428761
vt 0.125000 0.428761
vt 0.187500 0.428761
vt 0.250000 0.428761
vt 0.312500 0.428761
vt 0.375000 0.428761
vt 0.437500 0.428761
vt 0.500000 0.428761
vt 0.562500 0.428761
vt 0.625000 0.428761
vt 0.687500 0.428761
vt 0.750000 0.428761
vt 0.812500 0.428761
vt 0.875000 0.428761
vt 0.937500 0.428761
vt 1.000000 0.428761
vt 0.000000 0.428761
vt 0.062500 0.429011
vt 0.125000 0.429011
vt 0.187500 0.429011
vt 0.250000 0.429011
vt 0.312500 0.429011
vt 0.375000 0.429011
vt 0.437500 0.429011
vt 0.500000 0.429011
vt 0.562500 0.429011
vt 0.625000 0.429011
vt 0.687500 0.429011
vt 0.750000 0.429011
vt 0.812500 0.429011
vt 0.875000 0.429011
vt 0.937500 0.429011
vt 1.000000 0.429011
vt 0.000000 0.429011
vt 0.062500 0.429262
vt 0.125000 0.429262
vt 0.187500 0.429262
vt 0.250000 0.429262
vt 0.312500 0.429262
vt 0.375000 0.429262
vt 0.437500 0.429262
vt 0.500000 0.429262
vt 0.562500 0.429262
vt 0.625000 0.429262
vt 0.687500 0.429262
vt 0.750000 0.429262
vt 0.812500 0.429262
vt 0.875000 0.429262
vt 0.937500 0.429262
vt 1.000000 0.429262
vt 0.000000 0.429262
vt 0.062500 0.429512
vt 0.125000 0.429512
vt 0.187500 0.429512
vt 0.250000 0.429512
vt 0.312500 0.429512
vt 0.375000 0.429512
vt 0.437500 0.429512
vt 0.500000 0.429512
vt 0.562500 0.429512
vt 0.625000 0.429512
vt 0.687500 0.429512
vt 0.750000 0.429512
vt 0.812500 0.429512
vt 0.875000 0.429512
vt 0.937500 0.429512
vt 1.000000 0.429512
vt 0.000000 0.429512
vt 0.062500 0.429763
vt 0.125000 0.429763
vt 0.187500 0.429763
vt 0.250000 0.429763
vt 0.312500 0.429763
vt 0.375000 0.429763
vt 0.437500 0.429763
vt 0.500000 0.429763
vt 0.562500 0.429763
vt 0.625000 0.429763
vt 0.687500 0.429763
vt 0.750000 0.429763
vt 0.812500 0.429763
vt 0.875000 0.429763
vt 0.937500 0.429763
vt 1.000000 0.429763
vt 0.000000 0.429763
vt 0.062500 0.430014
vt 0.125000 0.430014
vt 0.187500 0.430014
vt 0.250000 0.430014
vt 0.312500 0.430014
vt 0.375000 0.430014
vt 0.437500 0.430014
vt 0.500000 0.430014
vt 0.562500 0.430014
vt 0.625000 0.430014
vt 0.687500 0.430014
vt 0.750000 0.430014
vt 0.812500 0.430014
vt 0.875000 0.430014
vt 0.937500 0.430014
vt 1.000000 0.430014
vt 0.000000 0.430014
vt 0.062500 0.430264
vt 0.125000 0.430264
vt 0.187500 0.430264
vt 0.250000 0.430264
vt 0.312500 0.430264
vt 0.375000 0.430264
vt 0.437500 0.430264
vt 0.500000 0.430264
vt 0.562500 0.430264
vt 0.625000 0.430264
vt 0.687500 0.430264
vt 0.750000 0.430264
vt 0.812500 0.430264
vt 0.875000 0.430264
vt 0.937500 0.430264
vt 1.000000 0.430264
vt 0.000000 0.430264
vt 0.062500 0.430515
vt 0.125000 0.430515
vt 0.187500 0.430515
vt 0.250000 0.430515
vt 0.312500 0.430515
vt 0.375000 0.430515
vt 0.437500 0.430515
vt 0.500000 0.430515
vt 0.562500 0.430515
vt 0.625000 0.430515
vt 0.687500 0.430515
vt 0.750000 0.430515
vt 0.812500 0.430515
vt 0.875000 0.430515
vt 0.937500 0.430515
vt 1.000000 0.430515
vt 0.000000 0.430515
vt 0.062500 0.430766
vt 0.125000 0.430766
vt 0.187500 0.430766
vt 0.250000 0.430766
vt 0.312500 0.430766
vt 0.375000 0.430766
vt 0.437500 0.430766
vt 0.500000 0.430766
vt 0.562500 0.430766
vt 0.625000 0.430766
vt 0.687500 0.430766
vt 0.750000 0.430766
vt 0.812500 0.430766
vt 0.875000 0.430766
vt 0.937500 0.430766
vt 1.000000 0.430766
vt 0.000000 0.430766
vt 0.062500 0.431016
vt 0.125000 0.431016
vt 0.187500 0.431016
vt 0.250000 0.431016
vt 0.312500 0.431016
vt 0.375000 0.431016
vt 0.437500 0.431016
vt 0.500000 0.431016
vt 0.562500 0.431016
vt 0.625000 0.431016
vt 0.687500 0.431016
vt 0.750000 0.431016
vt 0.812500 0.431016
vt 0.875000 0.431016
vt 0.937500 0.431016
vt 1.000000 0.431016
vt 0.000000 0.428969
vt 0.000000 0.431016
vt 0.062500 0.428969
vt 0.125000 0.428969
vt 0.187500 0.428969
vt 0.250000 0.428969
vt 0.312500 0.428969
vt 0.375000 0.428969
vt 0.437500 0.428969
vt 0.500000 0.428969
vt 0.562500 0.428969
vt 0.625000 0.428969
vt 0.687500 0.428969
vt 0.750000 0.428969
vt 0.812500 0.428969
vt 0.875000 0.428969
vt 0.937500 0.428969
vt 0.000000 0.304711
vt 0.062500 0.304711
vt 0.125000 0.304711
vt 0.187500 0.304711
vt 0.250000 0.304711
vt 0.312500 0.304711
vt 0.375000 0.304711
vt 0.437500 0.304711
vt 0.500000 0.304711
vt 0.562500 0.304711
vt 0.625000 0.304711
vt 0.687500 0.304711
vt 0.750000 0.304711
vt 0.812500 0.304711
vt 0.875000 0.304711
vt 0.937500 0.304711
vt 1.000000 0.428969
vt 0.000000 0.291178
vt 0.062500 0.291178
vt 0.125000 0.291178
vt 0.187500 0.291178
vt 0.250000 0.291178
vt 0.312500 0.291178
vt 0.437500 0.291178
vt 0.500000 0.291178
vt 0.562500 0.291178
vt 0.625000 0.291178
vt 0.687500 0.291178
vt 0.750000 0.291178
vt 0.812500 0.291178
vt 0.875000 0.291178
vt 0.937500 0.291178
vt 1.000000 0.304711
vt 0.062500 0.267759
vt 0.125000 0.267759
vt 0.187500 0.267759
vt 0.250000 0.267759
vt 0.312500 0.267759
vt 0.375000 0.267759
vt 0.375000 0.291178
vt 0.437500 0.267759
vt 0.500000 0.267759
vt 0.562500 0.267759
vt 0.625000 0.267759
vt 0.687500 0.267759
vt 0.750000 0.267759
vt 0.812500 0.267759
vt 0.875000 0.267759
vt 0.937500 0.267759
vt 1.000000 0.267759
vt 1.000000 0.291178
vt 0.000000 0.246528
vt 0.000000 0.267759
vt 0.062500 0.246528
vt 0.125000 0.246528
vt 0.187500 0.246528
vt 0.250000 0.246528
vt 0.312500 0.246528
vt 0.375000 0.246528
vt 0.437500 0.246528
vt 0.500000 0.246528
vt 0.562500 0.246528
vt 0.625000 0.246528
vt 0.687500 0.246528
vt 0.750000 0.246528
vt 0.812500 0.246528
vt 0.875000 0.246528
vt 0.937500 0.246528
vt 0.000000 0.222011
vt 0.062500 0.222011
vt 0.125000 0.222011
vt 0.187500 0.222011
vt 0.250000 0.222011
vt 0.312500 0.222011
vt 0.375000 0.222011
vt 0.437500 0.222011
vt 0.500000 0.222011
vt 0.562500 0.222011
vt 0.625000 0.222011
vt 0.687500 0.222011
vt 0.750000 0.222011
vt 0.812500 0.222011
vt 0.875000 0.222011
vt 0.937500 0.222011
vt 1.000000 0.246528
vt 0.000000 0.006211
vt 0.062500 0.006211
vt 0.125000 0.006211
vt 0.187500 0.006211
vt 0.250000 0.006211
vt 0.312500 0.006211
vt 0.375000 0.006211
vt 0.437500 0.006211
vt 0.500000 0.006211
vt 0.562500 0.006211
vt 0.625000 0.006211
vt 0.687500 0.006211
vt 0.750000 0.006211
vt 0.812500 0.006211
vt 0.875000 0.006211
vt 0.937500 0.006211
vt 1.000000 0.222011
vt 0.000000 0.000239
vt 0.062500 0.000239
vt 0.125000 0.000239
vt 0.250000 0.000239
vt 0.312500 0.000239
vt 0.437500 0.000239
vt 0.500000 0.000239
vt 0.562500 0.000239
vt 0.687500 0.000239
vt 0.750000 0.000239
vt 0.812500 0.000239
vt 0.937500 0.000239
vt 1.000000 0.006211
vt 0.062500 0.000239
vt 0.125000 0.000239
vt 0.187500 0.000239
vt 0.187500 0.000239
vt 0.250000 0.000239
vt 0.312500 0.000239
vt 0.375000 0.000239
vt 0.375000 0.000239
vt 0.437500 0.000239
vt 0.562500 0.000239
vt 0.625000 0.000239
vt 0.625000 0.000239
vt 0.687500 0.000239
vt 0.750000 0.000239
vt 0.875000 0.000239
vt 0.875000 0.000239
vt 1.000000 0.000239
vt 1.000000 0.000239
vt 0.000000 0.000239
vt 0.062500 0.035862
vt 0.125000 0.035862
vt 0.187500 0.035862
vt 0.250000 0.035862
vt 0.312500 0.035862
vt 0.437500 0.035862
vt 0.500000 0.035862
vt 0.500000 0.000239
vt 0.562500 0.035862
vt 0.625000 0.035862
vt 0.750000 0.035862
vt 0.812500 0.000239
vt 0.812500 0.035862
vt 0.937500 0.035862
vt 0.937500 0.000239
vt 0.000000 0.035862
vt 0.031250 0.043844
vt 0.093750 0.043844
vt 0.156250 0.043844
vt 0.218750 0.043844
vt 0.281250 0.043844
vt 0.343750 0.043844
vt 0.375000 0.035862
vt 0.406250 0.043844
vt 0.468750 0.043844
vt 0.531250 0.043844
vt 0.593750 0.043844
vt 0.656250 0.043844
vt 0.687500 0.035862
vt 0.718750 0.043844
vt 0.781250 0.043844
vt 0.843750 0.043844
vt 0.875000 0.035862
vt 0.906250 0.043844
vt 0.968750 0.043844
vt 1.000000 0.035862
s 1
f 583/709/583 584/710/584 613/711/585
f 583/712/583 613/711/585 641/713/586
f 583/714/583 641/713/586 669/715/587
f 583/716/583 669/715/587 697/717/588
f 583/718/583 697/717/588 725/719/589
f 583/720/583 725/719/589 753/721/590
f 583/722/583 753/721/590 781/723/591
f 583/724/583 781/723/591 809/725/592
f 583/726/583 809/725/592 837/727/593
f 583/728/583 837/727/593 865/729/594
f 583/730/583 865/729/594 893/731/595
f 583/732/583 893/731/595 921/733/596
f 583/734/583 921/733/596 949/735/597
f 583/736/583 949/735/597 977/737/598
f 583/738/583 977/737/598 1005/739/599
f 583/740/583 1005/739/599 584/741/584
f 584/710/584 614/742/600 613/711/585
f 614/742/600 641/713/586 613/711/585
f 642/743/601 669/715/587 641/713/586
f 670/744/602 697/717/588 669/715/587
f 698/745/603 725/719/589 697/717/588
f 726/746/604 753/721/590 725/719/589
f 754/747/605 781/723/591 753/721/590
f 781/723/591 810/748/606 809/725/592
f 810/748/606 837/727/593 809/725/592
f 838/749/607 865/729/594 837/727/593
f 866/750/608 893/731/595 865/729/594
f 894/751/609 921/733/596 893/731/595
f 922/752/610 949/735/597 921/733/596
f 950/753/611 977/737/598 949/735/597
f 978/754/612 1005/739/599 977/737/598
f 1006/755/613 584/741/584 1005/739/599
f 586/756/614 614/742/600 585/757/615
f 615/758/616 642/743/601 614/742/600
f 643/759/617 670/744/602 642/743/601
f 671/760/618 698/745/603 670/744/602
f 699/761/619 726/746/604 698/745/603
f 727/762/620 754/747/605 726/746/604
f 755/763/621 782/764/622 754/747/605
f 782/764/622 811/765/623 810/748/606
f 811/765/623 838/749/607 810/748/606
f 839/766/624 866/750/608 838/749/607
f 867/767/625 894/751/609 866/750/608
f 894/751/609 923/768/626 922/752/610
f 923/768/626 950/753/611 922/752/610
f 951/769/627 978/754/612 950/753/611
f 979/770/628 1006/755/613 978/754/612
f 1007/771/629 585/772/615 1006/755/613
f 587/773/630 615/758/616 586/756/614
f 616/774/631 643/759/617 615/758/616
f 644/775/632 671/760/618 643/759/617
f 672/776/633 699/761/619 671/760/618
f 700/777/634 727/762/620 699/761/619
f 728/778/635 755/763/621 727/762/620
f 756/779/636 783/780/637 755/763/621
f 784/781/638 811/765/623 783/780/637
f 812/782/639 839/766/624 811/765/623
f 840/783/640 867/767/625 839/766/624
f 868/784/641 895/785/642 867/767/625
f 896/786/643 923/768/626 895/785/642
f 924/787/644 951/769/627 923/768/626
f 952/788/645 979/770/628 951/769/627
f 980/789/646 1007/771/629 979/770/628
f 1008/790/647 586/791/614 1007/771/629
f 588/792/648 616/774/631 587/773/630
f 617/793/649 644/775/632 616/774/631
f 645/794/650 672/776/633 644/775/632
f 673/795/651 700/777/634 672/776/633
f 701/796/652 728/778/635 700/777/634
f 729/797/653 756/779/636 728/778/635
f 757/798/654 784/781/638 756/779/636
f 785/799/655 812/782/639 784/781/638
f 813/800/656 840/783/640 812/782/639
f 841/801/657 868/784/641 840/783/640
f 869/802/658 896/786/643 868/784/641
f 897/803/659 924/787/644 896/786/643
f 925/804/660 952/788/645 924/787/644
f 953/805/661 980/789/646 952/788/645
f 981/806/662 1008/790/647 980/789/646
f 1009/807/663 587/808/630 1008/790/647
f 589/809/664 617/793/649 588/792/648
f 618/810/665 645/794/650 617/793/649
f 646/811/666 673/795/651 645/794/650
f 674/812/667 701/796/652 673/795/651
f 702/813/668 729/797/653 701/796/652
f 730/814/669 757/798/654 729/797/653
f 758/815/670 785/799/655 757/798/654
f 786/816/671 813/800/656 785/799/655
f 814/817/672 841/801/657 813/800/656
f 842/818/673 869/802/658 841/801/657
f 870/819/674 897/803/659 869/802/658
f 898/820/675 925/804/660 897/803/659
f 926/821/676 953/805/661 925/804/660
f 954/822/677 981/806/662 953/805/661
f 982/823/678 1009/807/663 981/806/662
f 1010/824/679 588/825/648 1009/807/663
f 589/809/664 619/826/680 618/810/665
f 618/810/665 647/827/681 646/811/666
f 646/811/666 675/828/682 674/812/667
f 674/812/667 703/829/683 702/813/668
f 702/813/668 731/830/684 730/814/669
f 730/814/669 759/831/685 758/815/670
f 758/815/670 787/832/686 786/816/671
f 786/816/671 815/833/687 814/817/672
f 814/817/672 843/834/688 842/818/673
f 842/818/673 871/835/689 870/819/674
f 870/819/674 899/836/690 898/820/675
f 898/820/675 927/837/691 926/821/676
f 926/821/676 955/838/692 954/822/677
f 954/822/677 983/839/693 982/823/678
f 982/823/678 1011/840/694 1010/824/679
f 1010/824/679 590/841/695 589/842/664
f 590/843/695 620/844/696 619/826/680
f 619/826/680 648/845/697 647/827/681
f 647/827/681 676/846/698 675/828/682
f 675/828/682 704/847/699 703/829/683
f 703/829/683 732/848/700 731/830/684
f 731/830/684 760/849/701 759/831/685
f 759/831/685 788/850/702 787/832/686
f 787/832/686 816/851/703 815/833/687
f 815/833/687 844/852/704 843/834/688
f 843/834/688 872/853/705 871/835/689
f 871/835/689 900/854/706 899/836/690
f 899/836/690 928/855/707 927/837/691
f 927/837/691 956/856/708 955/838/692
f 955/838/692 984/857/709 983/839/693
f 983/839/693 1012/858/710 1011/840/694
f 1011/840/694 591/859/711 590/841/695
f 591/860/711 621/861/712 620/844/696
f 620/844/696 649/862/713 648/845/697
f 648/845/697 677/863/714 676/846/698
f 676/846/698 705/864/715 704/847/699
f 704/847/699 733/865/716 732/848/700
f 732/848/700 761/866/717 760/849/701
f 760/849/701 789/867/718 788/850/702
f 788/850/702 817/868/719 816/851/703
f 816/851/703 845/869/720 844/852/704
f 844/852/704 873/870/721 872/853/705
f 872/853/705 901/871/722 900/854/706
f 900/854/706 929/872/723 928/855/707
f 928/855/707 957/873/724 956/856/708
f 956/856/708 985/874/725 984/857/709
f 984/857/709 1013/875/726 1012/858/710
f 1012/858/710 592/876/727 591/859/711
f 592/877/727 622/878/728 621/861/712
f 621/861/712 650/879/729 649/862/713
f 649/862/713 678/880/730 677/863/714
f 677/863/714 706/881/731 705/864/715
f 705/864/715 734/882/732 733/865/716
f 733/865/716 762/883/733 761/866/717
f 761/866/717 790/884/734 789/867/718
f 789/867/718 818/885/735 817/868/719
f 817/868/719 846/886/736 845/869/720
f 845/869/720 874/887/737 873/870/721
f 873/870/721 902/888/738 901/871/722
f 901/871/722 930/889/739 929/872/723
f 929/872/723 958/890/740 957/873/724
f 957/873/724 986/891/741 985/874/725
f 985/874/725 1014/892/742 1013/875/726
f 1013/875/726 593/893/743 592/876/727
f 593/894/743 623/895/744 622/878/728
f 622/878/728 651/896/745 650/879/729
f 650/879/729 679/897/746 678/880/730
f 678/880/730 707/898/747 706/881/731
f 706/881/731 735/899/748 734/882/732
f 734/882/732 763/900/749 762/883/733
f 762/883/733 791/901/750 790/884/734
f 790/884/734 819/902/751 818/885/735
f 818/885/735 847/903/752 846/886/736
f 846/886/736 875/904/753 874/887/737
f 874/887/737 903/905/754 902/888/738
f 902/888/738 931/906/755 930/889/739
f 930/889/739 959/907/756 958/890/740
f 958/890/740 987/908/757 986/891/741
f 986/891/741 1015/909/758 1014/892/742
f 1014/892/742 594/910/759 593/893/743
f 594/911/759 624/912/760 623/895/744
f 623/895/744 652/913/761 651/896/745
f 651/896/745 680/914/762 679/897/746
f 679/897/746 708/915/763 707/898/747
f 707/898/747 736/916/764 735/899/748
f 735/899/748 764/917/765 763/900/749
f 763/900/749 792/918/766 791/901/750
f 791/901/750 820/919/767 819/902/751
f 819/902/751 848/920/768 847/903/752
f 847/903/752 876/921/769 875/904/753
f 875/904/753 904/922/770 903/905/754
f 903/905/754 932/923/771 931/906/755
f 931/906/755 960/924/772 959/907/756
f 959/907/756 988/925/773 987/908/757
f 987/908/757 1016/926/774 1015/909/758
f 1015/909/758 595/927/775 594/910/759
f 595/928/775 625/929/776 624/912/760
f 624/912/760 653/930/777 652/913/761
f 652/913/761 681/931/778 680/914/762
f 680/914/762 709/932/779 708/915/763
f 708/915/763 737/933/780 736/916/764
f 736/916/764 765/934/781 764/917/765
f 764/917/765 793/935/782 792/918/766
f 792/918/766 821/936/783 820/919/767
f 820/919/767 849/937/784 848/920/768
f 848/920/768 877/938/785 876/921/769
f 876/921/769 905/939/786 904/922/770
f 904/922/770 933/940/787 932/923/771
f 932/923/771 961/941/788 960/924/772
f 960/924/772 989/942/789 988/925/773
f 988/925/773 1017/943/790 1016/926/774
f 1016/926/774 596/944/791 595/927/775
f 596/945/791 626/946/792 625/929/776
f 625/929/776 654/947/793 653/930/777
f 653/930/777 682/948/794 681/931/778
f 681/931/778 710/949/795 709/932/779
f 709/932/779 738/950/796 737/933/780
f 737/933/780 766/951/797 765/934/781
f 765/934/781 794/952/798 793/935/782
f 793/935/782 822/953/799 821/936/783
f 821/936/783 850/954/800 849/937/784
f 849/937/784 878/955/801 877/938/785
f 877/938/785 906/956/802 905/939/786
f 905/939/786 934/957/803 933/940/787
f 933/940/787 962/958/804 961/941/788
f 961/941/788 990/959/805 989/942/789
f 989/942/789 1018/960/806 1017/943/790
f 1017/943/790 597/961/807 596/944/791
f 597/962/807 627/963/808 626/946/792
f 626/946/792 655/964/809 654/947/793
f 654/947/793 683/965/810 682/948/794
f 682/948/794 711/966/811 710/949/795
f 710/949/795 739/967/812 738/950/796
f 738/950/796 767/968/813 766/951/797
f 766/951/797 795/969/814 794/952/798
f 794/952/798 823/970/815 822/953/799
f 822/953/799 851/971/816 850/954/800
f 850/954/800 879/972/817 878/955/801
f 878/955/801 907/973/818 906/956/802
f 906/956/802 935/974/819 934/957/803
f 934/957/803 963/975/820 962/958/804
f 962/958/804 991/976/821 990/959/805
f 990/959/805 1019/977/822 1018/960/806
f 1018/960/806 598/978/823 597/961/807
f 598/979/823 628/980/824 627/963/808
f 627/963/808 656/981/825 655/964/809
f 655/964/809 684/982/826 683/965/810
f 683/965/810 712/983/827 711/966/811
f 711/966/811 740/984/828 739/967/812
f 739/967/812 768/985/829 767/968/813
f 767/968/813 796/986/830 795/969/814
f 795/969/814 824/987/831 823/970/815
f 823/970/815 852/988/832 851/971/816
f 851/971/816 880/989/833 879/972/817
f 879/972/817 908/990/834 907/973/818
f 907/973/818 936/991/835 935/974/819
f 935/974/819 964/992/836 963/975/820
f 963/975/820 992/993/837 991/976/821
f 991/976/821 1020/994/838 1019/977/822
f 1019/977/822 599/995/839 598/978/823
f 599/996/839 629/997/840 628/980/824
f 628/980/824 657/998/841 656/981/825
f 656/981/825 685/999/842 684/982/826
f 684/982/826 713/1000/843 712/983/827
f 712/983/827 741/1001/844 740/984/828
f 740/984/828 769/1002/845 768/985/829
f 768/985/829 797/1003/846 796/986/830
f 796/986/830 825/1004/847 824/987/831
f 824/987/831 853/1005/848 852/988/832
f 852/988/832 881/1006/849 880/989/833
f 880/989/833 909/1007/850 908/990/834
f 908/990/834 937/1008/851 936/991/835
f 936/991/835 965/1009/852 964/992/836
f 964/992/836 993/1010/853 992/993/837
f 992/993/837 1021/1011/854 1020/994/838
f 1020/994/838 600/1012/855 599/995/839
f 600/1013/855 630/1014/856 629/997/840
f 629/997/840 658/1015/857 657/998/841
f 657/998/841 686/1016/858 685/999/842
f 685/999/842 714/1017/859 713/1000/843
f 713/1000/843 742/1018/860 741/1001/844
f 741/1001/844 770/1019/861 769/1002/845
f 769/1002/845 798/1020/862 797/1003/846
f 797/1003/846 826/1021/863 825/1004/847
f 825/1004/847 854/1022/864 853/1005/848
f 853/1005/848 882/1023/865 881/1006/849
f 881/1006/849 910/1024/866 909/1007/850
f 909/1007/850 938/1025/867 937/1008/851
f 937/1008/851 966/1026/868 965/1009/852
f 965/1009/852 994/1027/869 993/1010/853
f 993/1010/853 1022/1028/870 1021/1011/854
f 1021/1011/854 601/1029/871 600/1012/855
f 602/1030/872 630/1014/856 601/1031/871
f 631/1032/873 658/1015/857 630/1014/856
f 659/1033/874 686/1016/858 658/1015/857
f 687/1034/875 714/1017/859 686/1016/858
f 715/1035/876 742/1018/860 714/1017/859
f 743/1036/877 770/1019/861 742/1018/860
f 771/1037/878 798/1020/862 770/1019/861
f 799/1038/879 826/1021/863 798/1020/862
f 827/1039/880 854/1022/864 826/1021/863
f 855/1040/881 882/1023/865 854/1022/864
f 883/1041/882 910/1024/866 882/1023/865
f 911/1042/883 938/1025/867 910/1024/866
f 939/1043/884 966/1026/868 938/1025/867
f 967/1044/885 994/1027/869 966/1026/868
f 995/1045/886 1022/1028/870 994/1027/869
f 1023/1046/887 601/1029/871 1022/1028/870
f 603/1047/888 631/1032/873 602/1030/872
f 632/1048/889 659/1033/874 631/1032/873
f 660/1049/890 687/1034/875 659/1033/874
f 688/1050/891 715/1035/876 687/1034/875
f 716/1051/892 743/1036/877 715/1035/876
f 744/1052/893 771/1037/878 743/1036/877
f 772/1053/894 799/1038/879 771/1037/878
f 800/1054/895 827/1039/880 799/1038/879
f 828/1055/896 855/1040/881 827/1039/880
f 856/1056/897 883/1041/882 855/1040/881
f 884/1057/898 911/1042/883 883/1041/882
f 912/1058/899 939/1043/884 911/1042/883
f 940/1059/900 967/1044/885 939/1043/884
f 968/1060/901 995/1045/886 967/1044/885
f 996/1061/902 1023/1046/887 995/1045/886
f 1024/1062/903 602/1063/872 1023/1046/887
f 604/1064/904 632/1048/889 603/1047/888
f 633/1065/905 660/1049/890 632/1048/889
f 661/1066/906 688/1050/891 660/1049/890
f 689/1067/907 716/1051/892 688/1050/891
f 717/1068/908 744/1052/893 716/1051/892
f 745/1069/909 772/1053/894 744/1052/893
f 772/1053/894 801/1070/910 800/1054/895
f 801/1070/910 828/1055/896 800/1054/895
f 829/1071/911 856/1056/897 828/1055/896
f 857/1072/912 884/1057/898 856/1056/897
f 885/1073/913 912/1058/899 884/1057/898
f 913/1074/914 940/1059/900 912/1058/899
f 941/1075/915 968/1060/901 940/1059/900
f 969/1076/916 996/1061/902 968/1060/901
f 997/1077/917 1024/1062/903 996/1061/902
f 1025/1078/918 603/1079/888 1024/1062/903
f 604/1064/904 634/1080/919 633/1065/905
f 633/1065/905 662/1081/920 661/1066/906
f 661/1066/906 690/1082/921 689/1067/907
f 689/1067/907 718/1083/922 717/1068/908
f 717/1068/908 746/1084/923 745/1069/909
f 745/1069/909 774/1085/924 773/1086/925
f 773/1086/925 802/1087/926 801/1070/910
f 801/1070/910 830/1088/927 829/1071/911
f 829/1071/911 858/1089/928 857/1072/912
f 857/1072/912 886/1090/929 885/1073/913
f 885/1073/913 914/1091/930 913/1074/914
f 913/1074/914 942/1092/931 941/1075/915
f 941/1075/915 970/1093/932 969/1076/916
f 969/1076/916 998/1094/933 997/1077/917
f 997/1077/917 1026/1095/934 1025/1078/918
f 1025/1078/918 605/1096/935 604/1097/904
f 606/1098/936 634/1080/919 605/1099/935
f 635/1100/937 662/1081/920 634/1080/919
f 663/1101/938 690/1082/921 662/1081/920
f 691/1102/939 718/1083/922 690/1082/921
f 719/1103/940 746/1084/923 718/1083/922
f 747/1104/941 774/1085/924 746/1084/923
f 775/1105/942 802/1087/926 774/1085/924
f 803/1106/943 830/1088/927 802/1087/926
f 831/1107/944 858/1089/928 830/1088/927
f 859/1108/945 886/1090/929 858/1089/928
f 887/1109/946 914/1091/930 886/1090/929
f 915/1110/947 942/1092/931 914/1091/930
f 943/1111/948 970/1093/932 942/1092/931
f 971/1112/949 998/1094/933 970/1093/932
f 999/1113/950 1026/1095/934 998/1094/933
f 1027/1114/951 605/1096/935 1026/1095/934
f 607/1115/952 635/1100/937 606/1098/936
f 636/1116/953 663/1101/938 635/1100/937
f 664/1117/954 691/1102/939 663/1101/938
f 692/1118/955 719/1103/940 691/1102/939
f 720/1119/956 747/1104/941 719/1103/940
f 748/1120/957 775/1105/942 747/1104/941
f 776/1121/958 803/1106/943 775/1105/942
f 804/1122/959 831/1107/944 803/1106/943
f 832/1123/960 859/1108/945 831/1107/944
f 860/1124/961 887/1109/946 859/1108/945
f 888/1125/962 915/1110/947 887/1109/946
f 916/1126/963 943/1111/948 915/1110/947
f 944/1127/964 971/1112/949 943/1111/948
f 972/1128/965 999/1113/950 971/1112/949
f 1000/1129/966 1027/1114/951 999/1113/950
f 1028/1130/967 606/1131/936 1027/1114/951
f 608/1132/968 636/1116/953 607/1115/952
f 637/1133/969 664/1117/954 636/1116/953
f 665/1134/970 692/1118/955 664/1117/954
f 693/1135/971 720/1119/956 692/1118/955
f 721/1136/972 748/1120/957 720/1119/956
f 749/1137/973 776/1121/958 748/1120/957
f 777/1138/974 804/1122/959 776/1121/958
f 805/1139/975 832/1123/960 804/1122/959
f 833/1140/976 860/1124/961 832/1123/960
f 861/1141/977 888/1125/962 860/1124/961
f 889/1142/978 916/1126/963 888/1125/962
f 917/1143/979 944/1127/964 916/1126/963
f 945/1144/980 972/1128/965 944/1127/964
f 973/1145/981 1000/1129/966 972/1128/965
f 1001/1146/982 1028/1130/967 1000/1129/966
f 1029/1147/983 607/1148/952 1028/1130/967
f 609/1149/984 637/1133/969 608/1132/968
f 638/1150/985 665/1134/970 637/1133/969
f 666/1151/986 693/1135/971 665/1134/970
f 693/1135/971 722/1152/987 721/1136/972
f 722/1152/987 749/1137/973 721/1136/972
f 750/1153/988 777/1138/974 749/1137/973
f 777/1138/974 806/1154/989 805/1139/975
f 805/1139/975 834/1155/990 833/1140/976
f 834/1155/990 861/1141/977 833/1140/976
f 862/1156/991 889/1142/978 861/1141/977
f 889/1142/978 918/1157/992 917/1143/979
f 918/1157/992 945/1144/980 917/1143/979
f 946/1158/993 973/1145/981 945/1144/980
f 974/1159/994 1001/1146/982 973/1145/981
f 1001/1146/982 1030/1160/995 1029/1147/983
f 1030/1160/995 608/1161/968 1029/1147/983
f 609/1149/984 639/1162/996 638/1150/985
f 638/1150/985 667/1163/997 666/1151/986
f 666/1151/986 695/1164/998 694/1165/999
f 694/1165/999 723/1166/1000 722/1152/987
f 722/1152/987 751/1167/1001 750/1153/988
f 750/1153/988 779/1168/1002 778/1169/1003
f 778/1169/1003 807/1170/1004 806/1154/989
f 807/1170/1004 834/1155/990 806/1154/989
f 834/1155/990 863/1171/1005 862/1156/991
f 862/1156/991 891/1172/1006 890/1173/1007
f 890/1173/1007 919/1174/1008 918/1157/992
f 918/1157/992 947/1175/1009 946/1158/993
f 947/1175/1009 974/1159/994 946/1158/993
f 974/1159/994 1003/1176/1010 1002/1177/1011
f 1003/1176/1010 1030/1160/995 1002/1177/1011
f 1030/1160/995 610/1178/1012 609/1179/984
f 610/1180/1012 640/1181/1013 639/1162/996
f 639/1162/996 668/1182/1014 667/1163/997
f 668/1182/1014 695/1164/998 667/1163/997
f 696/1183/1015 723/1166/1000 695/1164/998
f 724/1184/1016 751/1167/1001 723/1166/1000
f 752/1185/1017 779/1168/1002 751/1167/1001
f 779/1168/1002 808/1186/1018 807/1170/1004
f 807/1170/1004 836/1187/1019 835/1188/1020
f 835/1188/1020 864/1189/1021 863/1171/1005
f 863/1171/1005 892/1190/1022 891/1172/1006
f 892/1190/1022 919/1174/1008 891/1172/1006
f 919/1174/1008 948/1191/1023 947/1175/1009
f 948/1191/1023 975/1192/1024 947/1175/1009
f 976/1193/1025 1003/1176/1010 975/1192/1024
f 1003/1176/1010 1032/1194/1026 1031/1195/1027
f 1032/1194/1026 610/1178/1012 1031/1195/1027
f 611/1196/1028 612/1197/1029 640/1181/1013
f 640/1181/1013 612/1198/1029 668/1182/1014
f 668/1182/1014 612/1199/1029 696/1183/1015
f 696/1183/1015 612/1200/1029 724/1184/1016
f 724/1184/1016 612/1201/1029 752/1185/1017
f 752/1185/1017 612/1202/1029 780/1203/1030
f 780/1203/1030 612/1204/1029 808/1186/1018
f 808/1186/1018 612/1205/1029 836/1187/1019
f 836/1187/1019 612/1206/1029 864/1189/1021
f 864/1189/1021 612/1207/1029 892/1190/1022
f 892/1190/1022 612/1208/1029 920/1209/1031
f 920/1209/1031 612/1210/1029 948/1191/1023
f 948/1191/1023 612/1211/1029 976/1193/1025
f 976/1193/1025 612/1212/1029 1004/1213/1032
f 1004/1213/1032 612/1214/1029 1032/1194/1026
f 1032/1194/1026 612/1215/1029 611/1216/1028
f 584/710/584 585/757/615 614/742/600
f 614/742/600 642/743/601 641/713/586
f 642/743/601 670/744/602 669/715/587
f 670/744/602 698/745/603 697/717/588
f 698/745/603 726/746/604 725/719/589
f 726/746/604 754/747/605 753/721/590
f 754/747/605 782/764/622 781/723/591
f 781/723/591 782/764/622 810/748/606
f 810/748/606 838/749/607 837/727/593
f 838/749/607 866/750/608 865/729/594
f 866/750/608 894/751/609 893/731/595
f 894/751/609 922/752/610 921/733/596
f 922/752/610 950/753/611 949/735/597
f 950/753/611 978/754/612 977/737/598
f 978/754/612 1006/755/613 1005/739/599
f 1006/755/613 585/772/615 584/741/584
f 586/756/614 615/758/616 614/742/600
f 615/758/616 643/759/617 642/743/601
f 643/759/617 671/760/618 670/744/602
f 671/760/618 699/761/619 698/745/603
f 699/761/619 727/762/620 726/746/604
f 727/762/620 755/763/621 754/747/605
f 755/763/621 783/780/637 782/764/622
f 782/764/622 783/780/637 811/765/623
f 811/765/623 839/766/624 838/749/607
f 839/766/624 867/767/625 866/750/608
f 867/767/625 895/785/642 894/751/609
f 894/751/609 895/785/642 923/768/626
f 923/768/626 951/769/627 950/753/611
f 951/769/627 979/770/628 978/754/612
f 979/770/628 1007/771/629 1006/755/613
f 1007/771/629 586/791/614 585/772/615
f 587/773/630 616/774/631 615/758/616
f 616/774/631 644/775/632 643/759/617
f 644/775/632 672/776/633 671/760/618
f 672/776/633 700/777/634 699/761/619
f 700/777/634 728/778/635 727/762/620
f 728/778/635 756/779/636 755/763/621
f 756/779/636 784/781/638 783/780/637
f 784/781/638 812/782/639 811/765/623
f 812/782/639 840/783/640 839/766/624
f 840/783/640 868/784/641 867/767/625
f 868/784/641 896/786/643 895/785/642
f 896/786/643 924/787/644 923/768/626
f 924/787/644 952/788/645 951/769/627
f 952/788/645 980/789/646 979/770/628
f 980/789/646 1008/790/647 1007/771/629
f 1008/790/647 587/808/630 586/791/614
f 588/792/648 617/793/649 616/774/631
f 617/793/649 645/794/650 644/775/632
f 645/794/650 673/795/651 672/776/633
f 673/795/651 701/796/652 700/777/634
f 701/796/652 729/797/653 728/778/635
f 729/797/653 757/798/654 756/779/636
f 757/798/654 785/799/655 784/781/638
f 785/799/655 813/800/656 812/782/639
f 813/800/656 841/801/657 840/783/640
f 841/801/657 869/802/658 868/784/641
f 869/802/658 897/803/659 896/786/643
f 897/803/659 925/804/660 924/787/644
f 925/804/660 953/805/661 952/788/645
f 953/805/661 981/806/662 980/789/646
f 981/806/662 1009/807/663 1008/790/647
f 1009/807/663 588/825/648 587/808/630
f 589/809/664 618/810/665 617/793/649
f 618/810/665 646/811/666 645/794/650
f 646/811/666 674/812/667 673/795/651
f 674/812/667 702/813/668 701/796/652
f 702/813/668 730/814/669 729/797/653
f 730/814/669 758/815/670 757/798/654
f 758/815/670 786/816/671 785/799/655
f 786/816/671 814/817/672 813/800/656
f 814/817/672 842/818/673 841/801/657
f 842/818/673 870/819/674 869/802/658
f 870/819/674 898/820/675 897/803/659
f 898/820/675 926/821/676 925/804/660
f 926/821/676 954/822/677 953/805/661
f 954/822/677 982/823/678 981/806/662
f 982/823/678 1010/824/679 1009/807/663
f 1010/824/679 589/842/664 588/825/648
f 589/809/664 590/843/695 619/826/680
f 618/810/665 619/826/680 647/827/681
f 646/811/666 647/827/681 675/828/682
f 674/812/667 675/828/682 703/829/683
f 702/813/668 703/829/683 731/830/684
f 730/814/669 731/830/684 759/831/685
f 758/815/670 759/831/685 787/832/686
f 786/816/671 787/832/686 815/833/687
f 814/817/672 815/833/687 843/834/688
f 842/818/673 843/834/688 871/835/689
f 870/819/674 871/835/689 899/836/690
f 898/820/675 899/836/690 927/837/691
f 926/821/676 927/837/691 955/838/692
f 954/822/677 955/838/692 983/839/693
f 982/823/678 983/839/693 1011/840/694
f 1010/824/679 1011/840/694 590/841/695
f 590/843/695 591/860/711 620/844/696
f 619/826/680 620/844/696 648/845/697
f 647/827/681 648/845/697 676/846/698
f 675/828/682 676/846/698 704/847/699
f 703/829/683 704/847/699 732/848/700
f 731/830/684 732/848/700 760/849/701
f 759/831/685 760/849/701 788/850/702
f 787/832/686 788/850/702 816/851/703
f 815/833/687 816/851/703 844/852/704
f 843/834/688 844/852/704 872/853/705
f 871/835/689 872/853/705 900/854/706
f 899/836/690 900/854/706 928/855/707
f 927/837/691 928/855/707 956/856/708
f 955/838/692 956/856/708 984/857/709
f 983/839/693 984/857/709 1012/858/710
f 1011/840/694 1012/858/710 591/859/711
f 591/860/711 592/877/727 621/861/712
f 620/844/696 621/861/712 649/862/713
f 648/845/697 649/862/713 677/863/714
f 676/846/698 677/863/714 705/864/715
f 704/847/699 705/864/715 733/865/716
f 732/848/700 733/865/716 761/866/717
f 760/849/701 761/866/717 789/867/718
f 788/850/702 789/867/718 817/868/719
f 816/851/703 817/868/719 845/869/720
f 844/852/704 845/869/720 873/870/721
f 872/853/705 873/870/721 901/871/722
f 900/854/706 901/871/722 929/872/723
f 928/855/707 929/872/723 957/873/724
f 956/856/708 957/873/724 985/874/725
f 984/857/709 985/874/725 1013/875/726
f 1012/858/710 1013/875/726 592/876/727
f 592/877/727 593/894/743 622/878/728
f 621/861/712 622/878/728 650/879/729
f 649/862/713 650/879/729 678/880/730
f 677/863/714 678/880/730 706/881/731
f 705/864/715 706/881/731 734/882/732
f 733/865/716 734/882/732 762/883/733
f 761/866/717 762/883/733 790/884/734
f 789/867/718 790/884/734 818/885/735
f 817/868/719 818/885/735 846/886/736
f 845/869/720 846/886/736 874/887/737
f 873/870/721 874/887/737 902/888/738
f 901/871/722 902/888/738 930/889/739
f 929/872/723 930/889/739 958/890/740
f 957/873/724 958/890/740 986/891/741
f 985/874/725 986/891/741 1014/892/742
f 1013/875/726 1014/892/742 593/893/743
f 593/894/743 594/911/759 623/895/744
f 622/878/728 623/895/744 651/896/745
f 650/879/729 651/896/745 679/897/746
f 678/880/730 679/897/746 707/898/747
f 706/881/731 707/898/747 735/899/748
f 734/882/732 735/899/748 763/900/749
f 762/883/733 763/900/749 791/901/750
f 790/884/734 791/901/750 819/902/751
f 818/885/735 819/902/751 847/903/752
f 846/886/736 847/903/752 875/904/753
f 874/887/737 875/904/753 903/905/754
f 902/888/738 903/905/754 931/906/755
f 930/889/739 931/906/755 959/907/756
f 958/890/740 959/907/756 987/908/757
f 986/891/741 987/908/757 1015/909/758
f 1014/892/742 1015/909/758 594/910/759
f 594/911/759 595/928/775 624/912/760
f 623/895/744 624/912/760 652/913/761
f 651/896/745 652/913/761 680/914/762
f 679/897/746 680/914/762 708/915/763
f 707/898/747 708/915/763 736/916/764
f 735/899/748 736/916/764 764/917/765
f 763/900/749 764/917/765 792/918/766
f 791/901/750 792/918/766 820/919/767
f 819/902/751 820/919/767 848/920/768
f 847/903/752 848/920/768 876/921/769
f 875/904/753 876/921/769 904/922/770
f 903/905/754 904/922/770 932/923/771
f 931/906/755 932/923/771 960/924/772
f 959/907/756 960/924/772 988/925/773
f 987/908/757 988/925/773 1016/926/774
f 1015/909/758 1016/926/774 595/927/775
f 595/928/775 596/945/791 625/929/776
f 624/912/760 625/929/776 653/930/777
f 652/913/761 653/930/777 681/931/778
f 680/914/762 681/931/778 709/932/779
f 708/915/763 709/932/779 737/933/780
f 736/916/764 737/933/780 765/934/781
f 764/917/765 765/934/781 793/935/782
f 792/918/766 793/935/782 821/936/783
f 820/919/767 821/936/783 849/937/784
f 848/920/768 849/937/784 877/938/785
f 876/921/769 877/938/785 905/939/786
f 904/922/770 905/939/786 933/940/787
f 932/923/771 933/940/787 961/941/788
f 960/924/772 961/941/788 989/942/789
f 988/925/773 989/942/789 1017/943/790
f 1016/926/774 1017/943/790 596/944/791
f 596/945/791 597/962/807 626/946/792
f 625/929/776 626/946/792 654/947/793
f 653/930/777 654/947/793 682/948/794
f 681/931/778 682/948/794 710/949/795
f 709/932/779 710/949/795 738/950/796
f 737/933/780 738/950/796 766/951/797
f 765/934/781 766/951/797 794/952/798
f 793/935/782 794/952/798 822/953/799
f 821/936/783 822/953/799 850/954/800
f 849/937/784 850/954/800 878/955/801
f 877/938/785 878/955/801 906/956/802
f 905/939/786 906/956/802 934/957/803
f 933/940/787 934/957/803 962/958/804
f 961/941/788 962/958/804 990/959/805
f 989/942/789 990/959/805 1018/960/806
f 1017/943/790 1018/960/806 597/961/807
f 597/962/807 598/979/823 627/963/808
f 626/946/792 627/963/808 655/964/809
f 654/947/793 655/964/809 683/965/810
f 682/948/794 683/965/810 711/966/811
f 710/949/795 711/966/811 739/967/812
f 738/950/796 739/967/812 767/968/813
f 766/951/797 767/968/813 795/969/814
f 794/952/798 795/969/814 823/970/815
f 822/953/799 823/970/815 851/971/816
f 850/954/800 851/971/816 879/972/817
f 878/955/801 879/972/817 907/973/818
f 906/956/802 907/973/818 935/974/819
f 934/957/803 935/974/819 963/975/820
f 962/958/804 963/975/820 991/976/821
f 990/959/805 991/976/821 1019/977/822
f 1018/960/806 1019/977/822 598/978/823
f 598/979/823 599/996/839 628/980/824
f 627/963/808 628/980/824 656/981/825
f 655/964/809 656/981/825 684/982/826
f 683/965/810 684/982/826 712/983/827
f 711/966/811 712/983/827 740/984/828
f 739/967/812 740/984/828 768/985/829
f 767/968/813 768/985/829 796/986/830
f 795/969/814 796/986/830 824/987/831
f 823/970/815 824/987/831 852/988/832
f 851/971/816 852/988/832 880/989/833
f 879/972/817 880/989/833 908/990/834
f 907/973/818 908/990/834 936/991/835
f 935/974/819 936/991/835 964/992/836
f 963/975/820 964/992/836 992/993/837
f 991/976/821 992/993/837 1020/994/838
f 1019/977/822 1020/994/838 599/995/839
f 599/996/839 600/1013/855 629/997/840
f 628/980/824 629/997/840 657/998/841
f 656/981/825 657/998/841 685/999/842
f 684/982/826 685/999/842 713/1000/843
f 712/983/827 713/1000/843 741/1001/844
f 740/984/828 741/1001/844 769/1002/845
f 768/985/829 769/1002/845 797/1003/846
f 796/986/830 797/1003/846 825/1004/847
f 824/987/831 825/1004/847 853/1005/848
f 852/988/832 853/1005/848 881/1006/849
f 880/989/833 881/1006/849 909/1007/850
f 908/990/834 909/1007/850 937/1008/851
f 936/991/835 937/1008/851 965/1009/852
f 964/992/836 965/1009/852 993/1010/853
f 992/993/837 993/1010/853 1021/1011/854
f 1020/994/838 1021/1011/854 600/1012/855
f 600/1013/855 601/1031/871 630/1014/856
f 629/997/840 630/1014/856 658/1015/857
f 657/998/841 658/1015/857 686/1016/858
f 685/999/842 686/1016/858 714/1017/859
f 713/1000/843 714/1017/859 742/1018/860
f 741/1001/844 742/1018/860 770/1019/861
f 769/1002/845 770/1019/861 798/1020/862
f 797/1003/846 798/1020/862 826/1021/863
f 825/1004/847 826/1021/863 854/1022/864
f 853/1005/848 854/1022/864 882/1023/865
f 881/1006/849 882/1023/865 910/1024/866
f 909/1007/850 910/1024/866 938/1025/867
f 937/1008/851 938/1025/867 966/1026/868
f 965/1009/852 966/1026/868 994/1027/869
f 993/1010/853 994/1027/869 1022/1028/870
f 1021/1011/854 1022/1028/870 601/1029/871
f 602/1030/872 631/1032/873 630/1014/856
f 631/1032/873 659/1033/874 658/1015/857
f 659/1033/874 687/1034/875 686/1016/858
f 687/1034/875 715/1035/876 714/1017/859
f 715/1035/876 743/1036/877 742/1018/860
f 743/1036/877 771/1037/878 770/1019/861
f 771/1037/878 799/1038/879 798/1020/862
f 799/1038/879 827/1039/880 826/1021/863
f 827/1039/880 855/1040/881 854/1022/864
f 855/1040/881 883/1041/882 882/1023/865
f 883/1041/882 911/1042/883 910/1024/866
f 911/1042/883 939/1043/884 938/1025/867
f 939/1043/884 967/1044/885 966/1026/868
f 967/1044/885 995/1045/886 994/1027/869
f 995/1045/886 1023/1046/887 1022/1028/870
f 1023/1046/887 602/1063/872 601/1029/871
f 603/1047/888 632/1048/889 631/1032/873
f 632/1048/889 660/1049/890 659/1033/874
f 660/1049/890 688/1050/891 687/1034/875
f 688/1050/891 716/1051/892 715/1035/876
f 716/1051/892 744/1052/893 743/1036/877
f 744/1052/893 772/1053/894 771/1037/878
f 772/1053/894 800/1054/895 799/1038/879
f 800/1054/895 828/1055/896 827/1039/880
f 828/1055/896 856/1056/897 855/1040/881
f 856/1056/897 884/1057/898 883/1041/882
f 884/1057/898 912/1058/899 911/1042/883
f 912/1058/899 940/1059/900 939/1043/884
f 940/1059/900 968/1060/901 967/1044/885
f 968/1060/901 996/1061/902 995/1045/886
f 996/1061/902 1024/1062/903 1023/1046/887
f 1024/1062/903 603/1079/888 602/1063/872
f 604/1064/904 633/1065/905 632/1048/889
f 633/1065/905 661/1066/906 660/1049/890
f 661/1066/906 689/1067/907 688/1050/891
f 689/1067/907 717/1068/908 716/1051/892
f 717/1068/908 745/1069/909 744/1052/893
f 745/1069/909 773/1086/925 772/1053/894
f 772/1053/894 773/1086/925 801/1070/910
f 801/1070/910 829/1071/911 828/1055/896
f 829/1071/911 857/1072/912 856/1056/897
f 857/1072/912 885/1073/913 884/1057/898
f 885/1073/913 913/1074/914 912/1058/899
f 913/1074/914 941/1075/915 940/1059/900
f 941/1075/915 969/1076/916 968/1060/901
f 969/1076/916 997/1077/917 996/1061/902
f 997/1077/917 1025/1078/918 1024/1062/903
f 1025/1078/918 604/1097/904 603/1079/888
f 604/1064/904 605/1099/935 634/1080/919
f 633/1065/905 634/1080/919 662/1081/920
f 661/1066/906 662/1081/920 690/1082/921
f 689/1067/907 690/1082/921 718/1083/922
f 717/1068/908 718/1083/922 746/1084/923
f 745/1069/909 746/1084/923 774/1085/924
f 773/1086/925 774/1085/924 802/1087/926
f 801/1070/910 802/1087/926 830/1088/927
f 829/1071/911 830/1088/927 858/1089/928
f 857/1072/912 858/1089/928 886/1090/929
f 885/1073/913 886/1090/929 914/1091/930
f 913/1074/914 914/1091/930 942/1092/931
f 941/1075/915 942/1092/931 970/1093/932
f 969/1076/916 970/1093/932 998/1094/933
f 997/1077/917 998/1094/933 1026/1095/934
f 1025/1078/918 1026/1095/934 605/1096/935
f 606/1098/936 635/1100/937 634/1080/919
f 635/1100/937 663/1101/938 662/1081/920
f 663/1101/938 691/1102/939 690/1082/921
f 691/1102/939 719/1103/940 718/1083/922
f 719/1103/940 747/1104/941 746/1084/923
f 747/1104/941 775/1105/942 774/1085/924
f 775/1105/942 803/1106/943 802/1087/926
f 803/1106/943 831/1107/944 830/1088/927
f 831/1107/944 859/1108/945 858/1089/928
f 859/1108/945 887/1109/946 886/1090/929
f 887/1109/946 915/1110/947 914/1091/930
f 915/1110/947 943/1111/948 942/1092/931
f 943/1111/948 971/1112/949 970/1093/932
f 971/1112/949 999/1113/950 998/1094/933
f 999/1113/950 1027/1114/951 1026/1095/934
f 1027/1114/951 606/1131/936 605/1096/935
f 607/1115/952 636/1116/953 635/1100/937
f 636/1116/953 664/1117/954 663/1101/938
f 664/1117/954 692/1118/955 691/1102/939
f 692/1118/955 720/1119/956 719/1103/940
f 720/1119/956 748/1120/957 747/1104/941
f 748/1120/957 776/1121/958 775/1105/942
f 776/1121/958 804/1122/959 803/1106/943
f 804/1122/959 832/1123/960 831/1107/944
f 832/1123/960 860/1124/961 859/1108/945
f 860/1124/961 888/1125/962 887/1109/946
f 888/1125/962 916/1126/963 915/1110/947
f 916/1126/963 944/1127/964 943/1111/948
f 944/1127/964 972/1128/965 971/1112/949
f 972/1128/965 1000/1129/966 999/1113/950
f 1000/1129/966 1028/1130/967 1027/1114/951
f 1028/1130/967 607/1148/952 606/1131/936
f 608/1132/968 637/1133/969 636/1116/953
f 637/1133/969 665/1134/970 664/1117/954
f 665/1134/970 693/1135/971 692/1118/955
f 693/1135/971 721/1136/972 720/1119/956
f 721/1136/972 749/1137/973 748/1120/957
f 749/1137/973 777/1138/974 776/1121/958
f 777/1138/974 805/1139/975 804/1122/959
f 805/1139/975 833/1140/976 832/1123/960
f 833/1140/976 861/1141/977 860/1124/961
f 861/1141/977 889/1142/978 888/1125/962
f 889/1142/978 917/1143/979 916/1126/963
f 917/1143/979 945/1144/980 944/1127/964
f 945/1144/980 973/1145/981 972/1128/965
f 973/1145/981 1001/1146/982 1000/1129/966
f 1001/1146/982 1029/1147/983 1028/1130/967
f 1029/1147/983 608/1161/968 607/1148/952
f 609/1149/984 638/1150/985 637/1133/969
f 638/1150/985 666/1151/986 665/1134/970
f 666/1151/986 694/1165/999 693/1135/971
f 693/1135/971 694/1165/999 722/1152/987
f 722/1152/987 750/1153/988 749/1137/973
f 750/1153/988 778/1169/1003 777/1138/974
f 777/1138/974 778/1169/1003 806/1154/989
f 805/1139/975 806/1154/989 834/1155/990
f 834/1155/990 862/1156/991 861/1141/977
f 862/1156/991 890/1173/1007 889/1142/978
f 889/1142/978 890/1173/1007 918/1157/992
f 918/1157/992 946/1158/993 945/1144/980
f 946/1158/993 974/1159/994 973/1145/981
f 974/1159/994 1002/1177/1011 1001/1146/982
f 1001/1146/982 1002/1177/1011 1030/1160/995
f 1030/1160/995 609/1179/984 608/1161/968
f 609/1149/984 610/1180/1012 639/1162/996
f 638/1150/985 639/1162/996 667/1163/997
f 666/1151/986 667/1163/997 695/1164/998
f 694/1165/999 695/1164/998 723/1166/1000
f 722/1152/987 723/1166/1000 751/1167/1001
f 750/1153/988 751/1167/1001 779/1168/1002
f 778/1169/1003 779/1168/1002 807/1170/1004
f 807/1170/1004 835/1188/1020 834/1155/990
f 834/1155/990 835/1188/1020 863/1171/1005
f 862/1156/991 863/1171/1005 891/1172/1006
f 890/1173/1007 891/1172/1006 919/1174/1008
f 918/1157/992 919/1174/1008 947/1175/1009
f 947/1175/1009 975/1192/1024 974/1159/994
f 974/1159/994 975/1192/1024 1003/1176/1010
f 1003/1176/1010 1031/1195/1027 1030/1160/995
f 1030/1160/995 1031/1195/1027 610/1178/1012
f 610/1180/1012 611/1196/1028 640/1181/1013
f 639/1162/996 640/1181/1013 668/1182/1014
f 668/1182/1014 696/1183/1015 695/1164/998
f 696/1183/1015 724/1184/1016 723/1166/1000
f 724/1184/1016 752/1185/1017 751/1167/1001
f 752/1185/1017 780/1203/1030 779/1168/1002
f 779/1168/1002 780/1203/1030 808/1186/1018
f 807/1170/1004 808/1186/1018 836/1187/1019
f 835/1188/1020 836/1187/1019 864/1189/1021
f 863/1171/1005 864/1189/1021 892/1190/1022
f 892/1190/1022 920/1209/1031 919/1174/1008
f 919/1174/1008 920/1209/1031 948/1191/1023
f 948/1191/1023 976/1193/1025 975/1192/1024
f 976/1193/1025 1004/1213/1032 1003/1176/1010
f 1003/1176/1010 1004/1213/1032 1032/1194/1026
f 1032/1194/1026 611/1216/1028 610/1178/1012
