# Blender 4.0.2
# www.blender.org
mtllib Couch.mtl
o Couch
v -0.889872 0.065082 0.289299
v -0.902356 0.357069 0.287907
v -0.889872 0.065082 -0.308534
v -0.905020 0.370428 -0.338541
v -0.905897 0.135906 0.303048
v -0.906884 0.137094 -0.333012
v 0.000000 0.061175 -0.332940
v -0.651497 0.061175 -0.332940
v -0.651537 0.373271 -0.386891
v 0.000000 0.377007 -0.391318
v -0.651497 0.061175 0.304767
v 0.000000 0.061175 0.304767
v -0.447825 0.680300 -0.196330
v 0.000000 0.323529 0.304744
v -0.650242 0.359815 0.300801
v -0.499030 0.665896 -0.425832
v 0.000000 0.137089 0.335701
v -0.651255 0.136180 0.334589
v -0.651526 0.137108 -0.381838
v 0.000000 0.137547 -0.382009
v -0.488095 0.367497 0.148916
v -0.906887 0.061175 -0.126717
v -0.906887 0.061175 -0.005148
v -0.906887 0.061175 0.152176
v -0.938523 0.359796 0.140655
v -0.936773 0.361463 -0.014770
v -0.936087 0.366084 -0.140109
v -0.477629 0.383755 -0.015606
v -0.458195 0.455439 -0.120425
v -0.490990 0.053360 0.152176
v -0.490990 0.053360 -0.005148
v -0.490990 0.053360 -0.126717
v -0.491028 0.137245 -0.381948
v -0.490419 0.136708 0.335282
v -0.488665 0.321434 0.302659
v -0.490990 0.061175 0.304767
v -0.940545 0.136399 0.151603
v -0.940876 0.136898 -0.005333
v -0.940893 0.137090 -0.127000
v -0.490807 0.374771 -0.388900
v -0.490990 0.061175 -0.332940
v -0.760881 0.616001 0.105604
v 0.000000 0.458436 -0.126735
v 0.000000 0.382146 -0.016198
v 0.000000 0.369688 0.150851
v -0.607882 0.473089 -0.114038
v -0.628238 0.429720 -0.026141
v -0.635511 0.407836 0.135219
v -0.651497 0.053360 -0.126717
v -0.651497 0.053360 -0.005148
v -0.651497 0.053360 0.152176
v 0.000000 0.053360 -0.126717
v 0.000000 0.053360 -0.005148
v 0.000000 0.053360 0.152176
v -0.770033 0.621417 -0.051418
v -0.777455 0.690733 -0.176775
v -0.768211 0.658803 -0.413221
v -0.906979 0.632096 -0.194034
v -0.910571 0.650408 -0.372394
v -0.756910 0.563928 0.256164
v -0.756228 0.053360 0.152176
v -0.756228 0.053360 -0.005148
v -0.756228 0.053360 -0.126717
v -0.673593 0.544634 0.243232
v -0.886654 0.540700 0.242868
v -0.663078 0.661945 -0.418580
v 0.000000 0.670076 -0.432771
v -0.756238 0.137089 -0.381775
v -0.756228 0.061175 0.304767
v -0.669719 0.574354 0.106361
v -0.903961 0.565525 0.107651
v -0.894890 0.565587 -0.048414
v -0.756284 0.372424 -0.385557
v -0.756188 0.136018 0.334256
v -0.756139 0.357945 0.320113
v -0.756228 0.061175 -0.332940
v 0.000000 0.698722 -0.210867
v -0.645361 0.663229 -0.163829
v -0.673911 0.588477 -0.044470
v -0.814365 0.891403 -0.424313
v -0.812212 0.886990 -0.257491
v -0.702492 0.890966 -0.263626
v -0.523042 0.895559 -0.275265
v -0.536635 0.894089 -0.438008
v -0.709487 0.892681 -0.431169
v -0.932125 0.858197 -0.275547
v -0.936799 0.864246 -0.399524
v 0.000000 0.895055 -0.430801
v 0.000000 0.903175 -0.269137
v -0.903973 0.061844 0.237286
v -0.903969 0.234621 0.298577
v -0.933125 0.368511 -0.244036
v -0.903972 0.082893 -0.328769
v -0.834805 0.061844 -0.328760
v -0.834441 0.357235 0.315108
v -0.903849 0.082745 0.301902
v -0.906646 0.239112 -0.333811
v -0.836450 0.135920 0.330131
v -0.936648 0.137102 -0.234140
v -0.601716 0.061175 -0.332940
v -0.695992 0.372859 -0.386130
v -0.276317 0.375837 -0.390082
v -0.695805 0.061175 0.304767
v -0.276444 0.061175 0.304767
v -0.490918 0.082339 0.331782
v -0.489345 0.232072 0.330575
v -0.599288 0.324258 0.300886
v -0.490990 0.053360 0.066029
v -0.601219 0.136423 0.334918
v -0.695823 0.137091 -0.381798
v -0.276467 0.137382 -0.381985
v -0.469765 0.404073 -0.073961
v -0.651501 0.082389 -0.375661
v 0.000000 0.082443 -0.375683
v -0.488956 0.360118 0.236710
v 0.000000 0.082386 0.331834
v -0.651467 0.082272 0.331695
v -0.491057 0.240013 -0.383112
v 0.000000 0.362800 0.239073
v -0.637644 0.399245 0.224126
v -0.651497 0.054337 0.239291
v 0.000000 0.054337 0.239291
v -0.490990 0.054337 0.239291
v -0.490990 0.054337 -0.233944
v 0.000000 0.233237 0.331831
v -0.650761 0.234748 0.329341
v -0.651570 0.239502 -0.382598
v 0.000000 0.241011 -0.383557
v -0.903973 0.061844 -0.230781
v -0.906887 0.061175 -0.058448
v -0.906887 0.061175 0.066029
v -0.932895 0.358278 0.224644
v -0.938117 0.360565 0.056598
v -0.935918 0.363475 -0.070644
v -0.484023 0.373192 0.060824
v -0.444402 0.554175 -0.161997
v -0.568480 0.458266 -0.118361
v -0.276444 0.053360 -0.126717
v -0.601599 0.373901 -0.387824
v -0.276444 0.061175 -0.332940
v -0.935852 0.136097 0.238080
v -0.940797 0.136682 0.065787
v -0.940892 0.137029 -0.058695
v -0.933123 0.478068 0.123112
v -0.756121 0.234996 0.330320
v -0.756229 0.082386 -0.375653
v -0.899529 0.471821 0.267932
v 0.000000 0.402608 -0.076304
v 0.000000 0.373465 0.061652
v -0.756228 0.054337 -0.233944
v -0.620394 0.446993 -0.082069
v -0.632945 0.416928 0.048622
v -0.651497 0.054337 -0.233944
v -0.651497 0.053360 -0.058448
v -0.651497 0.053360 0.066029
v 0.000000 0.054337 -0.233944
v 0.000000 0.053360 -0.058448
v 0.000000 0.053360 0.066029
v -0.756228 0.053360 0.066029
v -0.791803 0.793730 -0.436704
v -0.758030 0.605215 0.187489
v -0.771438 0.637947 -0.122665
v -0.765926 0.617812 0.025221
v -0.601716 0.053360 -0.126717
v -0.601716 0.053360 -0.005148
v -0.601715 0.053360 0.152176
v -0.837010 0.054337 -0.126717
v -0.837010 0.054337 -0.005148
v -0.837010 0.054337 0.152176
v -0.255675 0.456632 -0.123138
v -0.268361 0.382336 -0.015076
v -0.274755 0.368512 0.150441
v -0.757797 0.515065 -0.394565
v -0.756228 0.054337 0.239291
v -0.756228 0.053360 -0.058448
v -0.649916 0.509937 -0.035810
v -0.616388 0.544167 -0.134139
v -0.490990 0.053360 -0.058448
v -0.936617 0.082300 0.152104
v -0.936658 0.082362 -0.005171
v -0.936661 0.082386 -0.126752
v -0.596822 0.371959 0.144805
v -0.570292 0.673517 -0.184354
v -0.673181 0.795515 -0.207750
v -0.601753 0.137155 -0.381894
v -0.276444 0.053360 0.152176
v -0.586315 0.391949 -0.019180
v -0.611966 0.663777 -0.422157
v -0.491305 0.520472 -0.402914
v -0.276444 0.053360 -0.005148
v -0.276077 0.136924 0.335531
v -0.274968 0.322597 0.303952
v -0.939733 0.236133 0.149376
v -0.940300 0.237526 -0.006791
v -0.940257 0.238558 -0.129064
v -0.930595 0.642250 -0.291269
v -0.756375 0.476044 0.298493
v -0.846085 0.655753 -0.407247
v -0.833159 0.558425 0.253178
v -0.708276 0.660540 -0.415451
v -0.280880 0.668005 -0.429357
v -0.837592 0.605944 0.104208
v -0.695805 0.053360 -0.005148
v -0.695805 0.053360 -0.126717
v -0.668583 0.565046 0.188420
v -0.901464 0.559625 0.189348
v -0.899990 0.564694 0.025771
v -0.893305 0.578186 -0.115026
v -0.846159 0.677244 -0.178266
v -0.834805 0.061844 0.302117
v -0.700358 0.561032 0.253605
v -0.837182 0.607862 -0.053324
v -0.696389 0.358379 0.318602
v -0.837014 0.137089 -0.375670
v -0.482521 0.804391 -0.225082
v -0.666133 0.607475 -0.107600
v -0.673409 0.579931 0.026883
v -0.246952 0.688814 -0.204512
v -0.695805 0.061175 -0.332940
v -0.836397 0.371687 -0.379372
v -0.695817 0.136075 0.334417
v -0.695805 0.053360 0.152176
v -0.713187 0.693576 -0.170991
v -0.713658 0.621265 -0.048965
v -0.703962 0.611814 0.104043
v -0.756223 0.082252 0.331654
v 0.000000 0.566328 -0.174869
v -0.601715 0.061175 0.304767
v -0.651968 0.490740 0.119377
v -0.902936 0.509238 -0.350687
v -0.652847 0.517335 -0.397983
v -0.925604 0.478668 -0.032158
v -0.756257 0.239349 -0.382283
v -0.665044 0.475796 0.270214
v -0.925607 0.495592 -0.164963
v 0.000000 0.524264 -0.409115
v -0.490994 0.082406 -0.375675
v -0.820956 0.924284 -0.346907
v -0.645005 0.892939 -0.270471
v -0.541111 0.927548 -0.363316
v -0.656862 0.893378 -0.435851
v -0.949074 0.876816 -0.340788
v -0.889714 0.885978 -0.420525
v -0.754563 0.892130 -0.426629
v -0.302320 0.894630 -0.435739
v -0.885942 0.880060 -0.260698
v 0.000000 0.930016 -0.352861
v -0.715790 0.925738 -0.355050
v -0.293520 0.899097 -0.274080
v -0.751330 0.889177 -0.259174
v -0.686685 0.796126 -0.442828
v -0.793986 0.790706 -0.209603
v -0.517963 0.798932 -0.450083
v 0.000000 0.801374 -0.450837
v -0.931071 0.783885 -0.397822
v 0.000000 0.819574 -0.230494
v -0.924951 0.774192 -0.243495
v -0.936185 0.238891 -0.235669
v -0.835359 0.234675 0.325698
v -0.836662 0.512929 -0.388306
v -0.836389 0.082367 0.327898
v -0.932565 0.082514 -0.233178
v -0.695807 0.082386 -0.375656
v -0.276447 0.082423 -0.375680
v -0.601720 0.082394 -0.375668
v -0.275387 0.232729 0.331329
v -0.601653 0.082303 0.331736
v -0.601715 0.054337 -0.233944
v -0.598209 0.363627 0.233214
v -0.695805 0.054337 0.239291
v -0.276444 0.054337 0.239291
v -0.601716 0.054337 0.239291
v -0.601790 0.239692 -0.382848
v -0.600266 0.232069 0.329565
v -0.695870 0.239409 -0.382410
v -0.276484 0.240473 -0.383345
v -0.275206 0.361550 0.238285
v -0.837010 0.054337 -0.058448
v -0.837010 0.054337 0.066029
v -0.276444 0.054337 -0.233944
v -0.276444 0.053360 -0.058448
v -0.276444 0.053360 0.066029
v -0.695805 0.054337 -0.233944
v -0.695805 0.053360 -0.058448
v -0.695805 0.053360 0.066029
v -0.652359 0.498665 0.036532
v -0.578528 0.411336 -0.076256
v -0.592685 0.379798 0.056807
v -0.697688 0.516298 -0.396050
v -0.836459 0.082513 -0.369778
v -0.836459 0.055277 -0.233154
v -0.836459 0.055277 0.238790
v -0.928788 0.475565 0.206241
v -0.601716 0.053360 -0.058448
v -0.932466 0.082389 0.238638
v -0.936648 0.082335 0.065999
v -0.936660 0.082379 -0.058479
v -0.291651 0.800217 -0.451093
v -0.263402 0.402881 -0.074370
v -0.640747 0.525823 -0.094015
v -0.560864 0.550284 -0.153300
v -0.272295 0.372915 0.061965
v -0.601716 0.053360 0.066029
v -0.276539 0.522340 -0.405916
v -0.695862 0.235199 0.330415
v -0.934264 0.235226 0.234583
v -0.940282 0.236900 0.064275
v -0.940233 0.238089 -0.060560
v -0.836011 0.596929 0.186418
v -0.711736 0.639615 -0.117134
v -0.730629 0.794773 -0.207444
v -0.731945 0.795072 -0.438990
v -0.700911 0.600693 0.186009
v -0.833938 0.474126 0.293816
v -0.709894 0.615387 0.024898
v -0.605776 0.799143 -0.216124
v -0.837558 0.623110 -0.123038
v -0.837775 0.605999 0.022977
v -0.929961 0.477884 0.040234
v -0.695807 0.082259 0.331674
v -0.652978 0.483990 0.205115
v -0.923389 0.484497 -0.092919
v -0.602467 0.518744 -0.400268
v -0.836943 0.239258 -0.376163
v -0.927420 0.503591 -0.263683
v -0.276398 0.082365 0.331813
v -0.698485 0.475918 0.295409
v -0.245915 0.559760 -0.168610
v -0.304785 0.928734 -0.359885
v -0.662562 0.926540 -0.360813
v -0.761109 0.925093 -0.349633
v -0.897044 0.917423 -0.346767
v -0.869047 0.790542 -0.431560
v -0.634669 0.797473 -0.446994
v -0.268227 0.811415 -0.229329
v -0.866177 0.783078 -0.213204
v -0.950386 0.779118 -0.321237
v 0.889872 0.065082 0.289299
v 0.902356 0.357069 0.287907
v 0.889872 0.065082 -0.308534
v 0.905020 0.370428 -0.338541
v 0.905897 0.135906 0.303048
v 0.906884 0.137094 -0.333012
v 0.651497 0.061175 -0.332940
v 0.651537 0.373271 -0.386891
v 0.651497 0.061175 0.304767
v 0.447825 0.680300 -0.196330
v 0.650242 0.359815 0.300801
v 0.499030 0.665896 -0.425832
v 0.651255 0.136180 0.334589
v 0.651526 0.137108 -0.381838
v 0.488095 0.367497 0.148916
v 0.906887 0.061175 -0.126717
v 0.906887 0.061175 -0.005148
v 0.906887 0.061175 0.152176
v 0.938523 0.359796 0.140655
v 0.936773 0.361463 -0.014770
v 0.936087 0.366084 -0.140109
v 0.477629 0.383755 -0.015606
v 0.458195 0.455439 -0.120425
v 0.490990 0.053360 0.152176
v 0.490990 0.053360 -0.005148
v 0.490990 0.053360 -0.126717
v 0.491028 0.137245 -0.381948
v 0.490419 0.136708 0.335282
v 0.488665 0.321434 0.302659
v 0.490990 0.061175 0.304767
v 0.940545 0.136399 0.151603
v 0.940876 0.136898 -0.005333
v 0.940893 0.137090 -0.127000
v 0.490807 0.374771 -0.388900
v 0.490990 0.061175 -0.332940
v 0.760881 0.616001 0.105604
v 0.607882 0.473089 -0.114038
v 0.628238 0.429720 -0.026141
v 0.635511 0.407836 0.135219
v 0.651497 0.053360 -0.126717
v 0.651497 0.053360 -0.005148
v 0.651497 0.053360 0.152176
v 0.770033 0.621417 -0.051418
v 0.777455 0.690733 -0.176775
v 0.768211 0.658803 -0.413221
v 0.906979 0.632096 -0.194034
v 0.910571 0.650408 -0.372394
v 0.756910 0.563928 0.256164
v 0.756228 0.053360 0.152176
v 0.756228 0.053360 -0.005148
v 0.756228 0.053360 -0.126717
v 0.673593 0.544634 0.243232
v 0.886654 0.540700 0.242868
v 0.663078 0.661945 -0.418580
v 0.756238 0.137089 -0.381775
v 0.756228 0.061175 0.304767
v 0.669719 0.574354 0.106361
v 0.903961 0.565525 0.107651
v 0.894890 0.565587 -0.048414
v 0.756284 0.372424 -0.385557
v 0.756188 0.136018 0.334256
v 0.756139 0.357945 0.320113
v 0.756228 0.061175 -0.332940
v 0.645361 0.663229 -0.163829
v 0.673911 0.588477 -0.044470
v 0.814365 0.891403 -0.424313
v 0.812212 0.886990 -0.257491
v 0.702492 0.890966 -0.263626
v 0.523042 0.895559 -0.275265
v 0.536635 0.894089 -0.438008
v 0.709487 0.892681 -0.431169
v 0.932125 0.858197 -0.275547
v 0.936799 0.864246 -0.399524
v 0.903973 0.061844 0.237286
v 0.903969 0.234621 0.298577
v 0.933125 0.368511 -0.244036
v 0.903972 0.082893 -0.328769
v 0.834805 0.061844 -0.328760
v 0.834441 0.357235 0.315108
v 0.903849 0.082745 0.301902
v 0.906646 0.239112 -0.333811
v 0.836450 0.135920 0.330131
v 0.936648 0.137102 -0.234140
v 0.601716 0.061175 -0.332940
v 0.695992 0.372859 -0.386130
v 0.276317 0.375837 -0.390082
v 0.695805 0.061175 0.304767
v 0.276444 0.061175 0.304767
v 0.490918 0.082339 0.331782
v 0.489345 0.232072 0.330575
v 0.599288 0.324258 0.300886
v 0.490990 0.053360 0.066029
v 0.601219 0.136423 0.334918
v 0.695823 0.137091 -0.381798
v 0.276467 0.137382 -0.381985
v 0.469765 0.404073 -0.073961
v 0.651501 0.082389 -0.375661
v 0.488956 0.360118 0.236710
v 0.651467 0.082272 0.331695
v 0.491057 0.240013 -0.383112
v 0.637644 0.399245 0.224126
v 0.651497 0.054337 0.239291
v 0.490990 0.054337 0.239291
v 0.490990 0.054337 -0.233944
v 0.650761 0.234748 0.329341
v 0.651570 0.239502 -0.382598
v 0.903973 0.061844 -0.230781
v 0.906887 0.061175 -0.058448
v 0.906887 0.061175 0.066029
v 0.932895 0.358278 0.224644
v 0.938117 0.360565 0.056598
v 0.935918 0.363475 -0.070644
v 0.484023 0.373192 0.060824
v 0.444402 0.554175 -0.161997
v 0.568480 0.458266 -0.118361
v 0.276444 0.053360 -0.126717
v 0.601599 0.373901 -0.387824
v 0.276444 0.061175 -0.332940
v 0.935852 0.136097 0.238080
v 0.940797 0.136682 0.065787
v 0.940892 0.137029 -0.058695
v 0.933123 0.478068 0.123112
v 0.756121 0.234996 0.330320
v 0.756229 0.082386 -0.375653
v 0.899529 0.471821 0.267932
v 0.756228 0.054337 -0.233944
v 0.620394 0.446993 -0.082069
v 0.632945 0.416928 0.048622
v 0.651497 0.054337 -0.233944
v 0.651497 0.053360 -0.058448
v 0.651497 0.053360 0.066029
v 0.756228 0.053360 0.066029
v 0.791803 0.793730 -0.436704
v 0.758030 0.605215 0.187489
v 0.771438 0.637947 -0.122665
v 0.765926 0.617812 0.025221
v 0.601716 0.053360 -0.126717
v 0.601716 0.053360 -0.005148
v 0.601715 0.053360 0.152176
v 0.837010 0.054337 -0.126717
v 0.837010 0.054337 -0.005148
v 0.837010 0.054337 0.152176
v 0.255675 0.456632 -0.123138
v 0.268361 0.382336 -0.015076
v 0.274755 0.368512 0.150441
v 0.757797 0.515065 -0.394565
v 0.756228 0.054337 0.239291
v 0.756228 0.053360 -0.058448
v 0.649916 0.509937 -0.035810
v 0.616388 0.544167 -0.134139
v 0.490990 0.053360 -0.058448
v 0.936617 0.082300 0.152104
v 0.936658 0.082362 -0.005171
v 0.936661 0.082386 -0.126752
v 0.596822 0.371959 0.144805
v 0.570292 0.673517 -0.184354
v 0.673181 0.795515 -0.207750
v 0.601753 0.137155 -0.381894
v 0.276444 0.053360 0.152176
v 0.586315 0.391949 -0.019180
v 0.611966 0.663777 -0.422157
v 0.491305 0.520472 -0.402914
v 0.276444 0.053360 -0.005148
v 0.276077 0.136924 0.335531
v 0.274968 0.322597 0.303952
v 0.939733 0.236133 0.149376
v 0.940300 0.237526 -0.006791
v 0.940257 0.238558 -0.129064
v 0.930595 0.642250 -0.291269
v 0.756375 0.476044 0.298493
v 0.846085 0.655753 -0.407247
v 0.833159 0.558425 0.253178
v 0.708276 0.660540 -0.415451
v 0.280880 0.668005 -0.429357
v 0.837592 0.605944 0.104208
v 0.695805 0.053360 -0.005148
v 0.695805 0.053360 -0.126717
v 0.668583 0.565046 0.188420
v 0.901464 0.559625 0.189348
v 0.899990 0.564694 0.025771
v 0.893305 0.578186 -0.115026
v 0.846159 0.677244 -0.178266
v 0.834805 0.061844 0.302117
v 0.700358 0.561032 0.253605
v 0.837182 0.607862 -0.053324
v 0.696389 0.358379 0.318602
v 0.837014 0.137089 -0.375670
v 0.482521 0.804391 -0.225082
v 0.666133 0.607475 -0.107600
v 0.673409 0.579931 0.026883
v 0.246952 0.688814 -0.204512
v 0.695805 0.061175 -0.332940
v 0.836397 0.371687 -0.379372
v 0.695817 0.136075 0.334417
v 0.695805 0.053360 0.152176
v 0.713187 0.693576 -0.170991
v 0.713658 0.621265 -0.048965
v 0.703962 0.611814 0.104043
v 0.756223 0.082252 0.331654
v 0.601715 0.061175 0.304767
v 0.651968 0.490740 0.119377
v 0.902936 0.509238 -0.350687
v 0.652847 0.517335 -0.397983
v 0.925604 0.478668 -0.032158
v 0.756257 0.239349 -0.382283
v 0.665044 0.475796 0.270214
v 0.925607 0.495592 -0.164963
v 0.490994 0.082406 -0.375675
v 0.820956 0.924284 -0.346907
v 0.645005 0.892939 -0.270471
v 0.541111 0.927548 -0.363316
v 0.656862 0.893378 -0.435851
v 0.949074 0.876816 -0.340788
v 0.889714 0.885978 -0.420525
v 0.754563 0.892130 -0.426629
v 0.302320 0.894630 -0.435739
v 0.885942 0.880060 -0.260698
v 0.715790 0.925738 -0.355050
v 0.293520 0.899097 -0.274080
v 0.751330 0.889177 -0.259174
v 0.686685 0.796126 -0.442828
v 0.793986 0.790706 -0.209603
v 0.517963 0.798932 -0.450083
v 0.931071 0.783885 -0.397822
v 0.924951 0.774192 -0.243495
v 0.936185 0.238891 -0.235669
v 0.835359 0.234675 0.325698
v 0.836662 0.512929 -0.388306
v 0.836389 0.082367 0.327898
v 0.932565 0.082514 -0.233178
v 0.695807 0.082386 -0.375656
v 0.276447 0.082423 -0.375680
v 0.601720 0.082394 -0.375668
v 0.275387 0.232729 0.331329
v 0.601653 0.082303 0.331736
v 0.601715 0.054337 -0.233944
v 0.598209 0.363627 0.233214
v 0.695805 0.054337 0.239291
v 0.276444 0.054337 0.239291
v 0.601716 0.054337 0.239291
v 0.601790 0.239692 -0.382848
v 0.600266 0.232069 0.329565
v 0.695870 0.239409 -0.382410
v 0.276484 0.240473 -0.383345
v 0.275206 0.361550 0.238285
v 0.837010 0.054337 -0.058448
v 0.837010 0.054337 0.066029
v 0.276444 0.054337 -0.233944
v 0.276444 0.053360 -0.058448
v 0.276444 0.053360 0.066029
v 0.695805 0.054337 -0.233944
v 0.695805 0.053360 -0.058448
v 0.695805 0.053360 0.066029
v 0.652359 0.498665 0.036532
v 0.578528 0.411336 -0.076256
v 0.592685 0.379798 0.056807
v 0.697688 0.516298 -0.396050
v 0.836459 0.082513 -0.369778
v 0.836459 0.055277 -0.233154
v 0.836459 0.055277 0.238790
v 0.928788 0.475565 0.206241
v 0.601716 0.053360 -0.058448
v 0.932466 0.082389 0.238638
v 0.936648 0.082335 0.065999
v 0.936660 0.082379 -0.058479
v 0.291651 0.800217 -0.451093
v 0.263402 0.402881 -0.074370
v 0.640747 0.525823 -0.094015
v 0.560864 0.550284 -0.153300
v 0.272295 0.372915 0.061965
v 0.601716 0.053360 0.066029
v 0.276539 0.522340 -0.405916
v 0.695862 0.235199 0.330415
v 0.934264 0.235226 0.234583
v 0.940282 0.236900 0.064275
v 0.940233 0.238089 -0.060560
v 0.836011 0.596929 0.186418
v 0.711736 0.639615 -0.117134
v 0.730629 0.794773 -0.207444
v 0.731945 0.795072 -0.438990
v 0.700911 0.600693 0.186009
v 0.833938 0.474126 0.293816
v 0.709894 0.615387 0.024898
v 0.605776 0.799143 -0.216124
v 0.837558 0.623110 -0.123038
v 0.837775 0.605999 0.022977
v 0.929961 0.477884 0.040234
v 0.695807 0.082259 0.331674
v 0.652978 0.483990 0.205115
v 0.923389 0.484497 -0.092919
v 0.602467 0.518744 -0.400268
v 0.836943 0.239258 -0.376163
v 0.927420 0.503591 -0.263683
v 0.276398 0.082365 0.331813
v 0.698485 0.475918 0.295409
v 0.245915 0.559760 -0.168610
v 0.304785 0.928734 -0.359885
v 0.662562 0.926540 -0.360813
v 0.761109 0.925093 -0.349633
v 0.897044 0.917423 -0.346767
v 0.869047 0.790542 -0.431560
v 0.634669 0.797473 -0.446994
v 0.268227 0.811415 -0.229329
v 0.866177 0.783078 -0.213204
v 0.950386 0.779118 -0.321237
vn -0.9997 0.0187 -0.0177
vn -0.9853 -0.0370 -0.1667
vn -0.9992 -0.0356 -0.0193
vn -0.9982 0.0590 -0.0049
vn -0.9871 0.0084 -0.1602
vn -0.9894 0.0222 -0.1432
vn -0.7455 -0.0085 -0.6665
vn -0.7304 -0.0484 -0.6813
vn -0.0292 0.0619 0.9977
vn -0.1888 0.0008 0.9820
vn -0.0265 -0.0045 0.9996
vn -0.0213 0.1324 0.9910
vn -0.1959 0.0652 0.9785
vn -0.1987 0.1289 0.9715
vn -0.5989 0.0619 0.7985
vn -0.5949 0.0028 0.8038
vn -0.0422 -0.0446 -0.9981
vn -0.2519 -0.1060 -0.9619
vn -0.0482 -0.1001 -0.9938
vn -0.2612 -0.0438 -0.9643
vn -0.7375 -0.0890 -0.6694
vn -0.7102 -0.1877 -0.6786
vn -0.2341 -0.1781 -0.9558
vn -0.0504 -0.1561 -0.9865
vn -0.0113 -0.9137 0.4062
vn -0.1775 -0.2991 0.9376
vn -0.1061 -0.8902 0.4431
vn -0.0234 -0.3190 0.9475
vn -0.5363 -0.3510 0.7676
vn -0.3506 -0.8561 0.3796
vn -0.8710 -0.4911 -0.0165
vn -0.3553 -0.9331 -0.0565
vn -0.3514 -0.9362 -0.0079
vn -0.8666 -0.4792 -0.1388
vn -0.6375 -0.4586 -0.6191
vn -0.3743 -0.8975 -0.2331
vn -0.0344 -0.3951 -0.9180
vn -0.0000 -0.9628 -0.2701
vn -0.0120 -0.9604 -0.2782
vn -0.0007 -0.0580 -0.9983
vn -0.0001 -0.4086 -0.9127
vn -0.0002 -0.4089 -0.9126
vn -0.0000 -0.9628 -0.2702
vn -0.0000 -0.4104 -0.9119
vn -0.0000 -0.9628 -0.2704
vn -0.0001 -0.4101 -0.9120
vn -0.0002 -0.0628 -0.9980
vn -0.0000 -0.4103 -0.9119
vn -0.0000 -0.9627 -0.2705
vn -0.0011 -0.0590 -0.9983
vn -0.0002 -0.4095 -0.9123
vn -0.0010 -0.0602 -0.9982
vn -0.0000 -0.0146 0.9999
vn -0.0033 0.1594 0.9872
vn -0.0012 -0.0116 0.9999
vn -0.0000 0.1559 0.9878
vn -0.0059 0.5287 0.8488
vn -0.0037 0.5313 0.8472
vn -0.0060 0.1643 0.9864
vn -0.0028 -0.0067 1.0000
vn -0.0000 -0.9170 0.3990
vn -0.0014 -0.3325 0.9431
vn -0.0009 -0.3368 0.9416
vn -0.0044 -0.0017 1.0000
vn -0.0022 -0.0028 1.0000
vn -0.0010 -0.3296 0.9441
vn -0.0000 -0.9169 0.3990
vn -0.0000 -0.9992 -0.0391
vn -0.0000 -1.0000 -0.0046
vn 0.0157 0.9969 0.0767
vn 0.3259 0.8844 0.3342
vn 0.0062 0.9481 0.3179
vn 0.3758 0.9221 0.0925
vn 0.8455 0.4923 0.2069
vn 0.4353 0.3253 0.8395
vn 0.1349 0.4699 0.8724
vn -0.0000 -1.0000 0.0056
vn -0.0060 -0.9983 0.0578
vn -0.0060 -1.0000 0.0056
vn -0.0000 -0.9983 0.0577
vn -0.0000 -0.9169 0.3991
vn -0.0049 -0.0192 -0.9998
vn -0.0177 -0.0538 -0.9984
vn -0.0041 -0.0224 -0.9997
vn -0.0141 -0.0604 -0.9981
vn -0.0023 -0.0264 -0.9996
vn -0.0005 -0.0616 -0.9981
vn -0.0018 0.1652 0.9863
vn 0.0428 0.1230 0.9915
vn -0.0386 -0.0148 -0.9991
vn -0.0374 -0.0570 -0.9977
vn -0.0034 -0.0166 -0.9999
vn -0.0131 -0.0481 -0.9988
vn -0.0078 -0.0683 -0.9976
vn -0.0014 -0.0309 -0.9995
vn -0.0052 -0.0778 -0.9970
vn -0.0000 -0.0349 -0.9994
vn -0.0000 -0.0637 -0.9980
vn -0.0000 0.9981 0.0619
vn -0.0066 0.9489 0.3154
vn -0.0000 0.9484 0.3170
vn -0.0043 0.9978 0.0668
vn -0.0000 0.5253 0.8509
vn -0.0548 -0.9985 -0.0000
vn -0.3506 -0.9365 -0.0000
vn -0.0060 -1.0000 -0.0045
vn -0.0548 -0.9985 -0.0045
vn -0.0060 -1.0000 -0.0000
vn -0.3504 -0.9366 -0.0001
vn -0.3502 -0.9367 -0.0000
vn -0.0548 -0.9985 0.0055
vn -0.3510 -0.9363 0.0097
vn -0.0000 -1.0000 -0.0000
vn -0.0060 -0.9992 -0.0392
vn 0.8513 0.5142 0.1046
vn 0.9780 0.2070 0.0260
vn 0.8655 0.4961 0.0693
vn 0.8194 0.5331 0.2107
vn 0.9685 0.2454 0.0426
vn 0.9481 0.2850 0.1408
vn 0.8631 0.5042 0.0283
vn 0.8865 0.4620 0.0250
vn 0.1523 0.4773 0.8655
vn 0.0248 0.8164 0.5769
vn 0.0230 0.5079 0.8611
vn 0.6950 0.5162 0.5005
vn 0.2787 0.7760 0.5658
vn 0.3625 0.8962 0.2558
vn 0.0335 0.9706 0.2384
vn 0.3793 0.9159 0.1312
vn 0.0263 0.9942 0.1042
vn -0.0314 -0.1050 -0.9940
vn -0.0397 -0.1117 -0.9930
vn -0.0481 -0.1583 -0.9862
vn -0.0612 -0.1672 -0.9840
vn -0.1205 -0.9408 -0.3167
vn -0.2484 -0.3780 -0.8919
vn -0.2550 -0.0546 -0.9654
vn -0.0545 -0.9978 -0.0376
vn -0.3565 -0.9305 0.0847
vn -0.0540 -0.9970 0.0553
vn -0.9990 0.0310 0.0326
vn -0.9473 0.2051 0.2462
vn -0.9822 0.1873 0.0156
vn -0.9608 0.0552 0.2718
vn -0.5822 0.2662 0.7682
vn -0.5538 0.5275 0.6442
vn -0.7401 0.6327 0.2281
vn -0.7796 0.6260 0.0167
vn -0.8625 -0.4625 0.2054
vn -0.9681 -0.0160 0.2499
vn -0.8721 -0.4887 0.0222
vn -0.9991 -0.0312 0.0300
vn -0.8707 -0.4919 0.0006
vn -0.9994 -0.0353 0.0024
vn -0.8705 -0.4922 0.0001
vn -0.9994 -0.0358 0.0005
vn -0.8705 -0.4922 -0.0000
vn -0.9994 -0.0354 -0.0001
vn -0.0099 -0.1589 -0.9873
vn -0.0000 0.0295 -0.9996
vn -0.0000 -0.1480 -0.9890
vn -0.0188 -0.1666 -0.9859
vn -0.0002 0.0002 -1.0000
vn -0.0123 -0.0240 -0.9996
vn 0.0063 0.4489 -0.8936
vn -0.0000 0.4901 -0.8717
vn 0.0101 0.5229 0.8523
vn -0.0000 0.8154 0.5789
vn -0.0000 0.5238 0.8518
vn 0.0053 0.8167 0.5770
vn 0.0034 0.9740 0.2266
vn -0.0000 0.9752 0.2215
vn 0.4590 0.4095 0.7884
vn 0.8571 0.3028 0.4167
vn 0.4711 0.3197 0.8221
vn 0.6632 0.5576 0.4992
vn 0.8164 0.5560 0.1557
vn 0.1507 0.3053 0.9403
vn 0.0412 0.3189 0.9469
vn 0.1284 0.2742 0.9530
vn 0.2489 0.4010 0.8816
vn -0.0000 0.9969 0.0787
vn -0.0001 0.9962 0.0865
vn -0.0000 -0.0863 -0.9963
vn -0.0104 -0.1341 -0.9909
vn -0.0000 -0.1399 -0.9902
vn -0.0162 -0.1273 -0.9917
vn 0.0113 0.0678 0.9976
vn -0.0028 -0.0057 1.0000
vn 0.1529 0.1613 0.9750
vn -0.5934 0.1158 0.7965
vn -0.9642 0.0288 0.2636
vn -0.9993 0.0107 0.0363
vn -0.9999 0.0107 0.0017
vn -0.9991 0.0404 -0.0146
vn -0.9999 0.0158 -0.0032
vn -0.9982 0.0567 -0.0217
vn -0.9998 0.0195 -0.0023
vn -0.9978 0.0662 -0.0077
vn -0.0258 0.9968 0.0759
vn -0.2874 0.9115 0.2944
vn -0.0099 0.9404 0.3399
vn -0.3352 0.9407 0.0514
vn -0.2053 0.5996 0.7735
vn -0.0050 0.6207 0.7840
vn 0.1641 0.8120 0.5601
vn 0.0047 0.4741 0.8804
vn -0.1325 0.8392 0.5275
vn -0.1032 0.9843 0.1429
vn 0.3194 0.9312 0.1758
vn -0.1016 0.4651 0.8794
vn -0.0297 0.3990 0.9165
vn -0.0662 0.3707 0.9264
vn 0.0585 0.4007 0.9144
vn 0.0440 0.7124 0.7004
vn 0.0133 0.6780 0.7349
vn -0.0507 0.6514 0.7570
vn -0.0808 -0.0420 -0.9958
vn -0.0625 -0.0348 -0.9974
vn -0.0512 -0.0303 -0.9982
vn -0.0651 0.4309 -0.9001
vn -0.0907 0.4087 -0.9081
vn 0.4144 0.8678 0.2743
vn 0.8762 0.4597 0.1446
vn 0.4323 0.8998 0.0587
vn 0.3004 0.5929 0.7472
vn 0.7604 0.4498 0.4685
vn -0.1986 0.2809 0.9390
vn -0.0089 0.2924 0.9563
vn 0.3911 0.9191 0.0476
vn -0.0588 0.9974 0.0425
vn 0.0303 0.3544 0.9346
vn 0.0710 0.3807 0.9220
vn 0.0035 0.7184 0.6956
vn 0.0347 0.7368 0.6753
vn -0.3771 0.7925 0.4793
vn -0.8014 0.2563 0.5404
vn -0.2989 0.4287 0.8526
vn -0.8004 0.5485 0.2420
vn -0.4055 0.9074 0.1108
vn -0.3715 0.9284 0.0086
vn -0.8047 0.5931 0.0251
vn -0.7920 0.6094 -0.0371
vn -0.9799 0.1949 -0.0426
vn -0.9772 0.2089 -0.0367
vn -0.0008 -0.3278 0.9448
vn 0.7614 0.2992 0.5752
vn 0.9727 0.2038 0.1115
vn -0.9774 0.2101 0.0233
vn -0.9863 0.1410 0.0853
vn -0.0322 -0.1193 -0.9923
vn -0.0447 -0.1703 -0.9844
vn -0.7465 -0.0279 -0.6648
vn -0.2634 -0.0141 -0.9646
vn -0.9967 0.0149 -0.0795
vn -0.9970 -0.0773 0.0038
vn -0.0004 -0.3398 0.9405
vn -0.0000 -0.3416 0.9399
vn 0.2501 0.3092 0.9175
vn 0.0187 0.3311 0.9434
vn -0.0000 0.3292 0.9443
vn 0.0193 0.2298 0.9730
vn 0.0488 0.2477 0.9676
vn -0.0046 0.9987 -0.0499
vn -0.0000 0.9990 -0.0441
vn -0.0068 0.9988 -0.0489
vn -0.0135 0.6942 0.7196
vn -0.0000 0.6715 0.7410
vn -0.0554 0.3980 -0.9157
vn -0.0089 0.4178 -0.9085
vn -0.0166 0.9981 -0.0602
vn -0.0191 0.9992 -0.0341
vn -0.0603 0.4198 -0.9056
vn -0.0133 0.9999 0.0003
vn -0.0548 0.9985 0.0086
vn -0.2603 0.3619 -0.8951
vn -0.7030 0.2779 -0.6547
vn -0.3565 0.9343 -0.0047
vn -0.7126 0.4091 0.5699
vn -0.2850 0.5784 0.7644
vn -0.6880 -0.1508 -0.7099
vn -0.2101 -0.0630 -0.9756
vn -0.0487 -0.0364 -0.9981
vn 0.0027 0.3165 0.9486
vn -0.0000 0.2866 0.9581
vn -0.2571 0.3224 0.9110
vn -0.7207 0.1717 0.6717
vn -0.9977 -0.0655 0.0196
vn -0.8923 0.4512 0.0181
vn 0.9853 -0.0370 -0.1667
vn 0.9997 0.0187 -0.0177
vn 0.9992 -0.0356 -0.0193
vn 0.9871 0.0084 -0.1602
vn 0.9982 0.0590 -0.0049
vn 0.7455 -0.0085 -0.6665
vn 0.9894 0.0222 -0.1432
vn 0.7304 -0.0484 -0.6813
vn 0.1888 0.0008 0.9820
vn 0.0292 0.0619 0.9977
vn 0.0265 -0.0045 0.9996
vn 0.1959 0.0652 0.9785
vn 0.0213 0.1324 0.9910
vn 0.5989 0.0619 0.7985
vn 0.1987 0.1289 0.9715
vn 0.5949 0.0028 0.8038
vn 0.0422 -0.0446 -0.9981
vn 0.2519 -0.1060 -0.9619
vn 0.2612 -0.0438 -0.9643
vn 0.7375 -0.0890 -0.6694
vn 0.7465 -0.0279 -0.6648
vn 0.7102 -0.1877 -0.6786
vn 0.0482 -0.1001 -0.9938
vn 0.2341 -0.1781 -0.9558
vn 0.0113 -0.9137 0.4062
vn 0.1775 -0.2991 0.9376
vn 0.0234 -0.3190 0.9475
vn 0.1061 -0.8902 0.4431
vn 0.5363 -0.3510 0.7676
vn 0.3553 -0.9331 -0.0565
vn 0.8710 -0.4911 -0.0165
vn 0.3514 -0.9362 -0.0079
vn 0.8666 -0.4792 -0.1388
vn 0.6375 -0.4586 -0.6191
vn 0.3743 -0.8975 -0.2331
vn 0.0344 -0.3951 -0.9180
vn 0.0120 -0.9604 -0.2782
vn 0.0007 -0.0580 -0.9983
vn 0.0374 -0.0570 -0.9977
vn 0.0002 -0.4089 -0.9126
vn 0.0001 -0.4086 -0.9127
vn 0.0001 -0.4101 -0.9120
vn 0.0002 -0.0628 -0.9980
vn 0.0005 -0.0616 -0.9981
vn 0.0002 -0.4095 -0.9123
vn 0.0011 -0.0590 -0.9983
vn 0.0010 -0.0602 -0.9982
vn 0.0033 0.1594 0.9872
vn 0.0059 0.5287 0.8488
vn 0.0037 0.5313 0.8472
vn 0.0012 -0.0116 0.9999
vn 0.0060 0.1643 0.9864
vn 0.0014 -0.3325 0.9431
vn 0.0009 -0.3368 0.9416
vn 0.0044 -0.0017 1.0000
vn 0.0028 -0.0067 1.0000
vn 0.0022 -0.0028 1.0000
vn 0.0010 -0.3296 0.9441
vn -0.0157 0.9969 0.0767
vn -0.3259 0.8844 0.3342
vn -0.3758 0.9221 0.0925
vn -0.8455 0.4923 0.2069
vn -0.8655 0.4961 0.0693
vn -0.4353 0.3253 0.8395
vn -0.0062 0.9481 0.3179
vn -0.1349 0.4699 0.8724
vn 0.0060 -0.9983 0.0578
vn 0.0060 -1.0000 0.0056
vn 0.0049 -0.0192 -0.9998
vn 0.0041 -0.0224 -0.9997
vn 0.0177 -0.0538 -0.9984
vn 0.0023 -0.0264 -0.9996
vn 0.0141 -0.0604 -0.9981
vn 0.0018 0.1652 0.9863
vn -0.0428 0.1230 0.9915
vn 0.0386 -0.0148 -0.9991
vn 0.0034 -0.0166 -0.9999
vn 0.0131 -0.0481 -0.9988
vn 0.0014 -0.0309 -0.9995
vn 0.0078 -0.0683 -0.9976
vn 0.0052 -0.0778 -0.9970
vn 0.0066 0.9489 0.3154
vn 0.0043 0.9978 0.0668
vn 0.0548 -0.9985 -0.0000
vn 0.0548 -0.9985 -0.0045
vn 0.0060 -1.0000 -0.0045
vn 0.0060 -1.0000 -0.0000
vn 0.3504 -0.9366 -0.0001
vn 0.3506 -0.9365 -0.0000
vn 0.3502 -0.9367 -0.0000
vn 0.3510 -0.9363 0.0097
vn 0.0060 -0.9992 -0.0392
vn -0.9780 0.2070 0.0260
vn -0.8513 0.5142 0.1046
vn -0.9685 0.2454 0.0426
vn -0.8194 0.5331 0.2107
vn -0.8631 0.5042 0.0283
vn -0.9481 0.2850 0.1408
vn -0.8865 0.4620 0.0250
vn -0.0248 0.8164 0.5769
vn -0.1523 0.4773 0.8655
vn -0.0230 0.5079 0.8611
vn -0.6950 0.5162 0.5005
vn -0.4590 0.4095 0.7884
vn -0.2787 0.7760 0.5658
vn -0.3625 0.8962 0.2558
vn -0.0335 0.9706 0.2384
vn -0.3793 0.9159 0.1312
vn -0.0263 0.9942 0.1042
vn 0.0314 -0.1050 -0.9940
vn 0.0481 -0.1583 -0.9862
vn 0.0612 -0.1672 -0.9840
vn 0.0397 -0.1117 -0.9930
vn 0.1205 -0.9408 -0.3167
vn 0.2484 -0.3780 -0.8919
vn 0.2550 -0.0546 -0.9654
vn 0.0545 -0.9978 -0.0376
vn 0.3565 -0.9305 0.0847
vn 0.0548 -0.9985 0.0055
vn 0.0540 -0.9970 0.0553
vn 0.3506 -0.8561 0.3796
vn 0.9990 0.0310 0.0326
vn 0.9473 0.2051 0.2462
vn 0.9608 0.0552 0.2718
vn 0.5822 0.2662 0.7682
vn 0.5934 0.1158 0.7965
vn 0.5538 0.5275 0.6442
vn 0.9822 0.1873 0.0156
vn 0.7401 0.6327 0.2281
vn 0.8625 -0.4625 0.2054
vn 0.9681 -0.0160 0.2499
vn 0.8721 -0.4887 0.0222
vn 0.8707 -0.4919 0.0006
vn 0.9991 -0.0312 0.0300
vn 0.8705 -0.4922 0.0001
vn 0.9994 -0.0353 0.0024
vn 0.8705 -0.4922 -0.0000
vn 0.9994 -0.0358 0.0005
vn 0.9994 -0.0354 -0.0001
vn 0.0099 -0.1589 -0.9873
vn 0.0002 0.0002 -1.0000
vn 0.0188 -0.1666 -0.9859
vn -0.0063 0.4489 -0.8936
vn 0.0123 -0.0240 -0.9996
vn -0.0101 0.5229 0.8523
vn -0.0053 0.8167 0.5770
vn -0.0034 0.9740 0.2266
vn -0.8571 0.3028 0.4167
vn -0.6632 0.5576 0.4992
vn -0.4711 0.3197 0.8221
vn -0.8164 0.5560 0.1557
vn -0.1507 0.3053 0.9403
vn -0.1284 0.2742 0.9530
vn -0.0412 0.3189 0.9469
vn -0.2489 0.4010 0.8816
vn 0.0001 0.9962 0.0865
vn 0.0104 -0.1341 -0.9909
vn 0.0162 -0.1273 -0.9917
vn -0.0113 0.0678 0.9976
vn -0.1529 0.1613 0.9750
vn 0.0028 -0.0057 1.0000
vn 0.9642 0.0288 0.2636
vn 0.9993 0.0107 0.0363
vn 0.9999 0.0107 0.0017
vn 0.9999 0.0158 -0.0032
vn 0.9991 0.0404 -0.0146
vn 0.9998 0.0195 -0.0023
vn 0.9982 0.0567 -0.0217
vn 0.9978 0.0662 -0.0077
vn 0.0258 0.9968 0.0759
vn 0.2874 0.9115 0.2944
vn 0.3352 0.9407 0.0514
vn 0.7796 0.6260 0.0167
vn 0.0099 0.9404 0.3399
vn 0.2053 0.5996 0.7735
vn -0.1641 0.8120 0.5601
vn -0.0047 0.4741 0.8804
vn 0.1325 0.8392 0.5275
vn 0.1016 0.4651 0.8794
vn 0.1032 0.9843 0.1429
vn -0.3194 0.9312 0.1758
vn 0.0297 0.3990 0.9165
vn -0.0585 0.4007 0.9144
vn -0.0440 0.7124 0.7004
vn 0.0662 0.3707 0.9264
vn -0.0133 0.6780 0.7349
vn 0.0808 -0.0420 -0.9958
vn 0.0625 -0.0348 -0.9974
vn 0.0504 -0.1561 -0.9865
vn 0.0651 0.4309 -0.9001
vn 0.0512 -0.0303 -0.9982
vn 0.0907 0.4087 -0.9081
vn -0.4144 0.8678 0.2743
vn -0.4323 0.8998 0.0587
vn -0.3004 0.5929 0.7472
vn -0.7604 0.4498 0.4685
vn -0.8762 0.4597 0.1446
vn 0.1986 0.2809 0.9390
vn 0.0089 0.2924 0.9563
vn 0.0050 0.6207 0.7840
vn -0.3911 0.9191 0.0476
vn 0.0588 0.9974 0.0425
vn -0.0303 0.3544 0.9346
vn -0.0488 0.2477 0.9676
vn -0.0710 0.3807 0.9220
vn -0.0035 0.7184 0.6956
vn 0.3771 0.7925 0.4793
vn 0.2989 0.4287 0.8526
vn 0.8014 0.2563 0.5404
vn 0.4055 0.9074 0.1108
vn 0.8004 0.5485 0.2420
vn 0.3715 0.9284 0.0086
vn 0.8047 0.5931 0.0251
vn 0.7920 0.6094 -0.0371
vn 0.9799 0.1949 -0.0426
vn 0.9772 0.2089 -0.0367
vn 0.0008 -0.3278 0.9448
vn -0.7614 0.2992 0.5752
vn -0.9727 0.2038 0.1115
vn 0.9774 0.2101 0.0233
vn 0.9863 0.1410 0.0853
vn 0.0322 -0.1193 -0.9923
vn 0.2634 -0.0141 -0.9646
vn 0.9967 0.0149 -0.0795
vn 0.9970 -0.0773 0.0038
vn 0.0004 -0.3398 0.9405
vn -0.2501 0.3092 0.9175
vn -0.0187 0.3311 0.9434
vn -0.0193 0.2298 0.9730
vn 0.0046 0.9987 -0.0499
vn 0.0068 0.9988 -0.0489
vn 0.0089 0.4178 -0.9085
vn 0.0135 0.6942 0.7196
vn 0.0554 0.3980 -0.9157
vn 0.0166 0.9981 -0.0602
vn -0.0347 0.7368 0.6753
vn 0.0191 0.9992 -0.0341
vn 0.0133 0.9999 0.0003
vn 0.0603 0.4198 -0.9056
vn 0.0548 0.9985 0.0086
vn 0.2603 0.3619 -0.8951
vn 0.3565 0.9343 -0.0047
vn 0.7030 0.2779 -0.6547
vn 0.7126 0.4091 0.5699
vn 0.8923 0.4512 0.0181
vn 0.2850 0.5784 0.7644
vn 0.6880 -0.1508 -0.7099
vn 0.2101 -0.0630 -0.9756
vn 0.0447 -0.1703 -0.9844
vn 0.0487 -0.0364 -0.9981
vn -0.0027 0.3165 0.9486
vn -0.0000 0.2076 0.9782
vn 0.2571 0.3224 0.9110
vn 0.0507 0.6514 0.7570
vn 0.7207 0.1717 0.6717
vn 0.9977 -0.0655 0.0196
vt 0.509294 0.187500
vt 0.429598 0.218471
vt 0.429598 0.187500
vt 0.586566 0.187500
vt 0.509294 0.218471
vt 0.586566 0.218471
vt 0.509294 0.247766
vt 0.429598 0.247766
vt 0.509294 0.956852
vt 0.426664 0.976195
vt 0.429598 0.956852
vt 0.586566 0.956852
vt 0.509362 0.976195
vt 0.589769 0.976195
vt 0.509698 1.000000
vt 0.394397 1.000000
vt 0.586566 0.293148
vt 0.620196 0.273526
vt 0.620196 0.293148
vt 0.586566 0.273526
vt 0.620196 0.247766
vt 0.625000 0.247766
vt 0.625000 0.273526
vt 0.625000 0.293148
vt 0.375000 0.950903
vt 0.388365 0.976071
vt 0.375000 0.975451
vt 0.389098 0.956356
vt 0.384698 1.000000
vt 0.375000 1.000000
vt 0.389098 0.187500
vt 0.375000 0.218750
vt 0.375000 0.187500
vt 0.429598 0.187500
vt 0.389098 0.218517
vt 0.429598 0.218471
vt 0.389098 0.247952
vt 0.375000 0.250000
vt 0.389098 0.293644
vt 0.375000 0.305799
vt 0.375000 0.299097
vt 0.429598 0.304920
vt 0.389098 0.305067
vt 0.389098 0.311513
vt 0.375000 0.312500
vt 0.375000 0.319444
vt 0.388365 0.348066
vt 0.375000 0.347222
vt 0.389098 0.326871
vt 0.426664 0.348235
vt 0.384698 0.375000
vt 0.375000 0.375000
vt 0.375000 0.315972
vt 0.429598 0.311424
vt 0.389098 0.316704
vt 0.429598 0.316850
vt 0.394397 0.875000
vt 0.513365 0.901934
vt 0.426664 0.901765
vt 0.509698 0.875000
vt 0.625000 0.902778
vt 0.625000 0.930556
vt 0.514098 0.923129
vt 0.429598 0.922454
vt 0.375000 0.930556
vt 0.389098 0.933296
vt 0.375000 0.934028
vt 0.389098 0.923129
vt 0.429598 0.933150
vt 0.429598 0.938577
vt 0.389098 0.938487
vt 0.375000 0.937500
vt 0.190972 0.500000
vt 0.186513 0.531250
vt 0.187500 0.500000
vt 0.194444 0.500000
vt 0.191704 0.531250
vt 0.202546 0.562500
vt 0.191850 0.562500
vt 0.186424 0.562500
vt 0.797454 0.687500
vt 0.808063 0.718750
vt 0.798129 0.718750
vt 0.807870 0.687500
vt 0.811439 0.718750
vt 0.812500 0.750000
vt 0.809028 0.750000
vt 0.805556 0.750000
vt 0.179920 0.687500
vt 0.168644 0.718750
vt 0.168148 0.687500
vt 0.186513 0.718750
vt 0.180067 0.718750
vt 0.180799 0.750000
vt 0.174097 0.750000
vt 0.223235 0.687500
vt 0.201871 0.718750
vt 0.202546 0.687500
vt 0.250000 0.687500
vt 0.223066 0.718750
vt 0.250000 0.718750
vt 0.222222 0.750000
vt 0.194444 0.750000
vt 0.191850 0.687500
vt 0.186424 0.687500
vt 0.191704 0.718750
vt 0.190972 0.750000
vt 0.187500 0.750000
vt 0.509294 0.311424
vt 0.429598 0.316850
vt 0.586566 0.311424
vt 0.509294 0.316850
vt 0.586566 0.316850
vt 0.509294 0.327546
vt 0.429598 0.327546
vt 0.514098 0.933296
vt 0.625000 0.934028
vt 0.513298 0.938487
vt 0.509294 0.293148
vt 0.429598 0.304920
vt 0.429598 0.293148
vt 0.509294 0.304920
vt 0.586566 0.304920
vt 0.509294 0.327546
vt 0.429598 0.327546
vt 0.586566 0.327546
vt 0.509362 0.348235
vt 0.589769 0.348235
vt 0.509698 0.375000
vt 0.394397 0.375000
vt 0.750000 0.687500
vt 0.776934 0.718750
vt 0.750000 0.718750
vt 0.776765 0.687500
vt 0.777778 0.750000
vt 0.750000 0.750000
vt 0.125000 0.562500
vt 0.148805 0.593750
vt 0.125000 0.593750
vt 0.168148 0.562500
vt 0.148805 0.562500
vt 0.168148 0.593750
vt 0.148805 0.625000
vt 0.125000 0.625000
vt 0.125000 0.656250
vt 0.168148 0.625000
vt 0.148805 0.656250
vt 0.148805 0.687500
vt 0.125000 0.687500
vt 0.222222 0.500000
vt 0.201871 0.531250
vt 0.250000 0.500000
vt 0.223066 0.531250
vt 0.250000 0.531250
vt 0.223235 0.562500
vt 0.202546 0.593750
vt 0.250000 0.562500
vt 0.223235 0.593750
vt 0.250000 0.593750
vt 0.223235 0.625000
vt 0.202546 0.625000
vt 0.202546 0.656250
vt 0.250000 0.625000
vt 0.223235 0.656250
vt 0.250000 0.656250
vt 0.180799 0.500000
vt 0.168644 0.531250
vt 0.174097 0.500000
vt 0.180067 0.531250
vt 0.179920 0.562500
vt 0.168148 0.562500
vt 0.186424 0.562500
vt 0.179920 0.593750
vt 0.186424 0.625000
vt 0.179920 0.625000
vt 0.168148 0.625000
vt 0.168148 0.656250
vt 0.179920 0.656250
vt 0.186424 0.687500
vt 0.179920 0.687500
vt 0.168148 0.687500
vt 0.811343 0.656250
vt 0.812635 0.687500
vt 0.811343 0.687500
vt 0.811343 0.625000
vt 0.812635 0.656250
vt 0.812635 0.625000
vt 0.814734 0.656250
vt 0.814734 0.687500
vt 0.807795 0.573809
vt 0.797454 0.595052
vt 0.797454 0.572917
vt 0.811243 0.595727
vt 0.807852 0.595221
vt 0.811343 0.625000
vt 0.807870 0.625000
vt 0.797454 0.625000
vt 0.797454 0.625000
vt 0.807870 0.656250
vt 0.797454 0.656250
vt 0.807871 0.625000
vt 0.807871 0.687500
vt 0.797454 0.687500
vt 0.620196 0.304920
vt 0.620196 0.311424
vt 0.586566 0.304920
vt 0.625000 0.304920
vt 0.625000 0.311424
vt 0.375000 0.274549
vt 0.389098 0.273696
vt 0.429598 0.273526
vt 0.125000 0.500000
vt 0.148929 0.531250
vt 0.125000 0.531250
vt 0.149549 0.500000
vt 0.125000 0.718750
vt 0.148929 0.718750
vt 0.149549 0.750000
vt 0.125000 0.750000
vt 0.586566 0.062500
vt 0.620997 0.031250
vt 0.620196 0.062500
vt 0.589769 0.031250
vt 0.625000 0.000000
vt 0.625000 0.031250
vt 0.625000 0.062500
vt 0.186424 0.593750
vt 0.191850 0.593750
vt 0.191850 0.625000
vt 0.375000 0.000000
vt 0.388365 0.031250
vt 0.375000 0.031250
vt 0.384698 0.000000
vt 0.426664 0.031250
vt 0.389098 0.062500
vt 0.375000 0.062500
vt 0.375000 0.093750
vt 0.429598 0.062500
vt 0.389098 0.093750
vt 0.429598 0.093750
vt 0.389098 0.125000
vt 0.375000 0.125000
vt 0.375000 0.156250
vt 0.429598 0.125000
vt 0.389098 0.156250
vt 0.429598 0.156250
vt 0.625000 0.348235
vt 0.625000 0.375000
vt 0.625000 0.375000
vt 0.625000 0.327546
vt 0.625000 0.348066
vt 0.625000 0.326871
vt 0.625000 0.347222
vt 0.625000 0.375000
vt 0.776765 0.572049
vt 0.750000 0.593750
vt 0.750000 0.562500
vt 0.776765 0.594835
vt 0.776765 0.625000
vt 0.750000 0.625000
vt 0.811343 0.625000
vt 0.810764 0.578125
vt 0.812487 0.595143
vt 0.811444 0.573496
vt 0.814581 0.594740
vt 0.814734 0.625000
vt 0.807795 0.573809
vt 0.797454 0.572917
vt 0.807890 0.564978
vt 0.797454 0.563802
vt 0.808071 0.563273
vt 0.813275 0.570000
vt 0.750000 0.656250
vt 0.776765 0.656250
vt 0.797454 0.656250
vt 0.186424 0.656250
vt 0.202546 0.625000
vt 0.191850 0.656250
vt 0.202546 0.656250
vt 0.620997 0.348235
vt 0.589769 0.348235
vt 0.620196 0.327546
vt 0.510095 0.945057
vt 0.429598 0.945080
vt 0.589769 0.944968
vt 0.509698 0.000000
vt 0.394397 0.000000
vt 0.625000 0.000000
vt 0.509362 0.031250
vt 0.509294 0.062500
vt 0.509294 0.062500
vt 0.429598 0.093750
vt 0.586566 0.062500
vt 0.509294 0.093750
vt 0.586566 0.093750
vt 0.509294 0.125000
vt 0.429598 0.125000
vt 0.429598 0.156250
vt 0.586566 0.125000
vt 0.509294 0.156250
vt 0.586566 0.156250
vt 0.831852 0.687500
vt 0.851071 0.718750
vt 0.831356 0.718750
vt 0.875000 0.687500
vt 0.851195 0.687500
vt 0.875000 0.750000
vt 0.850451 0.750000
vt 0.825903 0.750000
vt 0.820192 0.594974
vt 0.814581 0.594740
vt 0.820071 0.572604
vt 0.831852 0.595052
vt 0.831852 0.625000
vt 0.820224 0.625000
vt 0.814734 0.625000
vt 0.831852 0.572917
vt 0.820072 0.562422
vt 0.831852 0.562500
vt 0.820071 0.572604
vt 0.813544 0.561971
vt 0.813576 0.552083
vt 0.820080 0.552083
vt 0.831852 0.552083
vt 0.625000 0.304920
vt 0.625000 0.311513
vt 0.625000 0.293148
vt 0.625000 0.305067
vt 0.625000 0.293644
vt 0.625000 0.305799
vt 0.625000 0.312500
vt 0.814734 0.687500
vt 0.820054 0.718750
vt 0.814548 0.718750
vt 0.820224 0.687500
vt 0.819201 0.750000
vt 0.625000 1.000000
vt 0.620997 0.976071
vt 0.625000 1.000000
vt 0.620196 0.956356
vt 0.625000 0.950903
vt 0.625000 0.975451
vt 0.814734 0.625000
vt 0.820224 0.656250
vt 0.820224 0.625000
vt 0.831852 0.656250
vt 0.820224 0.687500
vt 0.797454 0.561198
vt 0.808142 0.561337
vt 0.797454 0.552083
vt 0.808150 0.552083
vt 0.851195 0.594835
vt 0.875000 0.562500
vt 0.851195 0.572049
vt 0.875000 0.593750
vt 0.851195 0.625000
vt 0.851195 0.656250
vt 0.831852 0.656250
vt 0.875000 0.625000
vt 0.875000 0.656250
vt 0.586566 0.125000
vt 0.620196 0.093750
vt 0.620196 0.125000
vt 0.586566 0.093750
vt 0.625000 0.093750
vt 0.625000 0.125000
vt 0.389098 0.944933
vt 0.375000 0.944201
vt 0.811439 0.718750
vt 0.812500 0.750000
vt 0.811343 0.687500
vt 0.812612 0.718750
vt 0.812635 0.687500
vt 0.586566 0.187500
vt 0.620196 0.156250
vt 0.620196 0.187500
vt 0.586566 0.156250
vt 0.625000 0.156250
vt 0.625000 0.187500
vt 0.586566 0.327546
vt 0.620196 0.316850
vt 0.620196 0.327546
vt 0.586566 0.316850
vt 0.625000 0.316850
vt 0.625000 0.327546
vt 0.429598 0.273526
vt 0.586566 0.247766
vt 0.509294 0.273526
vt 0.586566 0.273526
vt 0.586566 0.247766
vt 0.620196 0.218471
vt 0.620196 0.247766
vt 0.586566 0.218471
vt 0.625000 0.218471
vt 0.625000 0.247766
vt 0.375000 0.875000
vt 0.388365 0.901934
vt 0.375000 0.902778
vt 0.384698 0.875000
vt 0.589769 0.944967
vt 0.586566 0.956852
vt 0.625000 0.937500
vt 0.620997 0.944821
vt 0.625000 0.937500
vt 0.625000 0.944201
vt 0.776765 0.572049
vt 0.776765 0.563585
vt 0.750000 0.562500
vt 0.776765 0.562500
vt 0.797454 0.562500
vt 0.750000 0.500000
vt 0.776934 0.530165
vt 0.750000 0.531250
vt 0.777778 0.500000
vt 0.798129 0.529948
vt 0.797454 0.552083
vt 0.776765 0.552951
vt 0.809028 0.500000
vt 0.805556 0.500000
vt 0.812500 0.500000
vt 0.808296 0.529948
vt 0.813487 0.529948
vt 0.808150 0.552083
vt 0.819201 0.500000
vt 0.825903 0.500000
vt 0.819933 0.529948
vt 0.831356 0.529948
vt 0.820080 0.552083
vt 0.813576 0.552083
vt 0.850451 0.500000
vt 0.875000 0.500000
vt 0.851071 0.530165
vt 0.851195 0.552951
vt 0.831852 0.552083
vt 0.625000 0.273526
vt 0.625000 0.247952
vt 0.625000 0.273696
vt 0.625000 0.250000
vt 0.625000 0.274549
vt 0.625000 0.299097
vt 0.625000 0.316850
vt 0.625000 0.316704
vt 0.625000 0.315972
vt 0.625000 0.319444
vt 0.776765 0.561415
vt 0.776765 0.552951
vt 0.851195 0.562500
vt 0.875000 0.562500
vt 0.851195 0.552951
vt 0.625000 0.218517
vt 0.625000 0.187500
vt 0.625000 0.187500
vt 0.625000 0.218750
vt 0.625000 0.875000
vt 0.811343 0.687500
vt 0.168148 0.656250
vt 0.586566 0.327546
vt 0.875000 0.718750
vt 0.831852 0.625000
vt 0.875000 0.531250
vt 0.250000 0.750000
vt 0.814734 0.625000
vt 0.831852 0.687500
vt 0.814734 0.687500
vt 0.625000 0.937500
s 1
f 195/1/1 99/2/2 39/3/3
f 27/4/4 258/5/5 195/1/1
f 92/6/6 97/7/7 258/5/5
f 258/5/5 6/8/8 99/2/2
f 145/9/9 98/10/10 74/11/11
f 75/12/12 259/13/13 145/9/9
f 95/14/14 91/15/15 259/13/13
f 259/13/13 5/16/16 98/10/10
f 73/17/17 260/18/18 173/19/19
f 220/20/20 230/21/21 260/18/18
f 260/18/18 59/22/22 198/23/23
f 173/19/19 198/23/23 57/24/24
f 69/25/25 261/26/26 210/27/27
f 226/28/28 98/10/10 261/26/26
f 261/26/26 5/16/16 96/29/29
f 210/27/27 96/29/29 1/30/30
f 181/31/31 129/32/32 22/33/33
f 39/34/3 262/35/34 181/31/31
f 99/36/2 93/37/35 262/35/34
f 262/35/34 3/38/36 129/32/32
f 146/39/37 219/40/38 76/41/39
f 146/39/37 110/42/40 263/43/41
f 110/42/40 113/44/42 263/43/41
f 263/43/41 8/45/38 219/40/38
f 41/46/43 264/47/44 140/48/45
f 237/49/46 111/50/47 264/47/44
f 111/50/47 114/51/48 264/47/44
f 264/47/44 7/52/49 140/48/45
f 113/44/42 100/53/38 8/45/38
f 19/54/50 265/55/51 113/44/42
f 185/56/52 237/49/46 265/55/51
f 265/55/51 41/46/43 100/53/38
f 17/57/53 266/58/54 191/59/55
f 125/60/56 192/61/57 266/58/54
f 266/58/54 35/62/58 106/63/59
f 191/59/55 106/63/59 34/64/60
f 36/65/61 267/66/62 228/67/61
f 105/68/63 109/69/64 267/66/62
f 267/66/62 18/70/65 117/71/66
f 228/67/61 117/71/66 11/72/67
f 100/73/38 153/74/68 8/75/38
f 41/76/43 268/77/68 100/73/38
f 268/77/68 32/78/69 164/79/69
f 268/77/68 49/80/69 153/74/68
f 21/81/70 269/82/71 115/83/72
f 182/84/73 120/85/74 269/82/71
f 269/82/71 15/86/75 107/87/76
f 115/83/72 107/87/76 35/88/58
f 222/89/77 174/90/78 61/91/79
f 222/89/77 121/92/80 270/93/80
f 121/92/80 103/94/81 270/93/80
f 174/90/78 103/94/81 69/95/25
f 186/96/77 123/97/80 30/98/77
f 54/99/77 271/100/80 186/96/77
f 122/101/80 104/102/67 271/100/80
f 123/97/80 104/102/67 36/103/61
f 166/104/77 121/92/80 51/105/77
f 166/104/77 123/97/80 272/106/80
f 272/106/80 36/103/61 228/107/61
f 121/92/80 228/107/61 11/108/67
f 127/109/82 185/110/52 19/54/50
f 9/111/83 273/112/84 127/109/82
f 139/113/85 118/114/86 273/112/84
f 273/112/84 33/115/87 185/110/52
f 34/64/60 274/116/88 109/69/64
f 35/62/58 274/116/88 106/63/59
f 107/117/76 126/118/89 274/116/88
f 274/116/88 18/70/65 109/69/64
f 233/119/90 110/120/40 68/121/91
f 73/17/17 275/122/92 233/119/90
f 101/123/93 127/109/82 275/122/92
f 275/122/92 19/54/50 110/120/40
f 118/124/86 111/50/47 33/125/87
f 40/126/94 276/127/95 118/124/86
f 102/128/96 128/129/97 276/127/95
f 276/127/95 20/130/98 111/50/47
f 45/131/99 277/132/100 119/133/101
f 172/134/102 115/83/72 277/132/100
f 277/132/100 35/88/58 192/135/57
f 119/133/101 192/135/57 14/136/103
f 22/137/33 278/138/104 130/139/105
f 63/140/106 278/138/104 167/141/107
f 175/142/108 168/143/104 278/138/104
f 278/138/104 23/144/109 130/139/105
f 168/143/104 131/145/110 23/144/109
f 62/146/108 279/147/104 168/143/104
f 279/147/104 61/91/79 169/148/111
f 279/147/104 24/149/112 131/145/110
f 140/150/45 124/151/68 41/76/43
f 7/152/49 280/153/68 140/150/45
f 156/154/68 138/155/69 280/153/68
f 124/151/68 138/155/69 32/78/69
f 138/155/69 178/156/113 32/78/69
f 52/157/69 281/158/113 138/155/69
f 157/159/113 190/160/113 281/158/113
f 281/158/113 31/161/113 178/156/113
f 190/160/113 108/162/113 31/161/113
f 53/163/113 282/164/113 190/160/113
f 158/165/113 186/96/77 282/164/113
f 108/162/113 186/96/77 30/98/77
f 219/166/38 150/167/114 76/168/39
f 8/75/38 283/169/68 219/166/38
f 283/169/68 49/80/69 204/170/69
f 283/169/68 63/140/106 150/167/114
f 204/170/69 175/142/108 63/171/106
f 49/172/69 284/173/113 204/170/69
f 284/173/113 50/174/113 203/175/113
f 284/173/113 62/176/108 175/142/108
f 203/175/113 159/177/108 62/176/108
f 50/174/113 285/178/113 203/175/113
f 285/178/113 51/179/77 222/180/77
f 285/178/113 61/181/79 159/177/108
f 152/182/115 229/183/116 48/184/117
f 47/185/118 286/186/119 152/182/115
f 176/187/120 217/188/121 286/186/119
f 286/186/119 70/189/122 229/183/116
f 137/190/123 112/191/124 29/192/125
f 137/190/123 151/193/126 287/194/127
f 287/194/127 47/195/118 187/196/128
f 112/191/124 187/196/128 28/197/129
f 28/198/129 288/199/130 135/200/131
f 187/201/128 152/182/115 288/199/130
f 288/199/130 48/184/117 182/202/73
f 135/200/131 182/202/73 21/203/70
f 9/111/83 289/204/132 231/205/133
f 101/206/93 173/19/19 289/204/132
f 173/19/19 200/207/134 289/204/132
f 289/204/132 66/208/135 231/205/133
f 93/37/35 94/209/136 3/38/36
f 6/8/8 290/210/137 93/37/35
f 214/211/138 146/39/37 290/210/137
f 290/210/137 76/41/39 94/209/136
f 3/212/36 291/213/139 129/214/32
f 94/215/136 150/167/114 291/213/139
f 291/213/139 63/140/106 167/141/107
f 129/214/32 167/141/107 22/137/33
f 169/148/111 90/216/140 24/149/112
f 61/91/79 292/217/141 169/148/111
f 174/90/78 210/218/27 292/217/141
f 292/217/141 1/219/30 90/216/140
f 25/220/142 293/221/143 144/222/144
f 132/223/145 147/224/146 293/221/143
f 293/221/143 65/224/147 206/225/148
f 144/222/144 206/225/148 71/226/149
f 164/79/69 154/227/113 49/172/69
f 32/78/69 294/228/113 164/79/69
f 178/156/113 165/229/113 294/228/113
f 154/227/113 165/229/113 50/174/113
f 1/230/30 295/231/150 90/232/140
f 96/233/29 141/234/151 295/231/150
f 141/234/151 179/235/152 295/231/150
f 90/232/140 179/235/152 24/236/112
f 179/235/152 131/237/110 24/236/112
f 37/238/153 296/239/154 179/235/152
f 142/240/155 180/241/156 296/239/154
f 296/239/154 23/242/109 131/237/110
f 180/241/156 130/243/105 23/242/109
f 38/244/157 297/245/158 180/241/156
f 143/246/159 181/31/31 297/245/158
f 297/245/158 22/33/33 130/243/105
f 201/247/160 254/248/161 67/249/162
f 16/250/163 298/251/164 201/247/160
f 253/252/165 245/253/166 298/251/164
f 298/251/164 88/254/167 254/248/161
f 170/255/168 148/256/169 43/257/170
f 29/192/125 299/258/171 170/255/168
f 112/191/124 171/259/172 299/258/171
f 299/258/171 44/260/173 148/256/169
f 151/193/126 176/187/120 47/261/118
f 46/262/174 300/263/175 151/193/126
f 177/264/176 216/265/177 300/263/175
f 300/263/175 79/266/178 176/187/120
f 137/267/123 177/264/176 46/262/174
f 29/268/125 301/269/179 137/267/123
f 136/270/180 183/271/181 301/269/179
f 301/269/179 78/272/182 177/264/176
f 171/259/172 149/273/183 44/260/173
f 28/197/129 302/274/184 171/259/172
f 135/275/131 172/134/102 302/274/184
f 302/274/184 45/131/99 149/273/183
f 165/229/113 155/276/113 50/174/113
f 31/277/113 303/278/113 165/229/113
f 108/279/113 166/104/77 303/278/113
f 303/278/113 51/179/77 155/276/113
f 10/249/185 304/280/186 236/248/187
f 102/281/96 189/282/188 304/280/186
f 189/282/188 201/247/160 304/280/186
f 236/248/187 201/247/160 67/249/162
f 18/70/65 305/283/189 221/284/190
f 126/118/89 213/285/191 305/283/189
f 305/283/189 75/12/12 145/9/9
f 221/284/190 145/9/9 74/11/11
f 91/286/15 141/234/151 5/287/16
f 2/288/192 306/289/193 91/286/15
f 132/223/145 193/290/194 306/289/193
f 306/289/193 37/238/153 141/234/151
f 193/291/194 142/292/155 37/238/153
f 25/293/142 307/294/195 193/291/194
f 133/295/196 194/296/197 307/294/195
f 307/294/195 38/297/157 142/292/155
f 194/296/197 143/298/159 38/297/157
f 26/299/198 308/300/199 194/296/197
f 134/301/200 195/1/1 308/300/199
f 308/300/199 39/3/3 143/298/159
f 42/302/201 309/303/202 161/304/203
f 71/305/149 309/303/202 202/306/204
f 309/303/202 65/307/147 199/308/205
f 161/304/203 199/308/205 60/309/206
f 78/272/182 310/310/207 216/311/177
f 223/312/208 162/313/209 310/310/207
f 310/310/207 55/314/210 224/315/211
f 216/311/177 224/315/211 79/316/178
f 56/317/212 311/318/213 252/319/214
f 223/320/208 184/321/215 311/318/213
f 311/318/213 82/322/216 250/323/217
f 252/319/214 250/323/217 81/324/218
f 200/325/134 251/326/219 66/208/135
f 57/327/24 312/328/220 200/325/134
f 160/329/221 244/330/222 312/328/220
f 312/328/220 85/331/223 251/326/219
f 70/332/122 313/333/224 205/334/225
f 42/302/201 313/333/224 225/335/226
f 161/304/203 211/336/227 313/333/224
f 313/333/224 64/86/228 205/334/225
f 2/337/192 314/338/229 147/339/146
f 95/14/14 197/340/230 314/338/229
f 314/338/229 60/341/206 199/342/205
f 147/339/146 199/342/205 65/339/147
f 79/343/178 315/344/231 217/188/121
f 224/345/211 163/346/232 315/344/231
f 163/346/232 225/347/226 315/344/231
f 217/188/121 225/347/226 70/332/122
f 183/271/181 184/321/215 78/272/182
f 183/271/181 215/348/233 316/349/234
f 316/349/234 83/350/235 239/351/236
f 316/349/234 82/322/216 184/321/215
f 56/317/212 317/352/237 162/313/209
f 58/353/238 317/352/237 209/354/239
f 208/355/240 212/356/241 317/352/237
f 162/313/209 212/356/241 55/314/210
f 55/314/210 318/357/242 163/358/232
f 72/359/243 318/357/242 212/356/241
f 207/360/244 202/306/204 318/357/242
f 163/358/232 202/306/204 42/302/201
f 26/361/198 319/362/245 232/363/246
f 133/364/196 144/222/144 319/362/245
f 319/362/245 71/226/149 207/365/244
f 232/363/246 207/365/244 72/366/243
f 11/72/67 320/367/247 103/368/81
f 117/71/66 221/284/190 320/367/247
f 320/367/247 74/11/11 226/28/28
f 103/368/81 226/28/28 69/25/25
f 120/369/74 234/370/248 15/86/75
f 48/371/117 321/372/249 120/369/74
f 229/373/116 205/334/225 321/372/249
f 321/372/249 64/86/228 234/370/248
f 27/374/4 322/375/250 235/376/251
f 134/377/200 232/363/246 322/375/250
f 322/375/250 72/366/243 208/378/240
f 235/376/251 208/378/240 58/379/238
f 40/380/94 323/381/252 189/382/188
f 139/383/85 231/205/133 323/381/252
f 323/381/252 66/208/135 188/384/253
f 323/381/252 16/385/163 189/382/188
f 97/7/7 214/386/138 6/8/8
f 4/387/254 324/388/255 97/7/7
f 220/389/20 233/119/90 324/388/255
f 324/388/255 68/121/91 214/386/138
f 4/390/254 325/391/256 230/392/21
f 92/393/6 235/376/251 325/391/256
f 325/391/256 58/379/238 196/394/257
f 230/392/21 196/394/257 59/395/22
f 12/396/81 326/397/258 104/398/67
f 116/399/259 191/59/55 326/397/258
f 326/397/258 34/64/60 105/68/63
f 104/398/67 105/68/63 36/65/61
f 213/400/191 197/340/230 75/401/12
f 15/402/75 327/403/260 213/400/191
f 234/404/248 211/405/227 327/403/260
f 327/403/260 60/341/206 197/340/230
f 170/406/168 136/270/180 29/268/125
f 43/257/170 328/407/261 170/406/168
f 227/408/262 218/409/263 328/407/261
f 328/407/261 13/410/264 136/270/180
f 88/411/167 329/412/265 247/413/266
f 245/414/166 240/415/267 329/412/265
f 329/412/265 83/416/235 249/417/268
f 247/413/266 249/417/268 89/257/269
f 241/418/270 240/415/267 84/419/271
f 85/420/223 330/421/272 241/418/270
f 248/422/273 239/423/236 330/421/272
f 240/415/267 239/423/236 83/416/235
f 244/424/222 248/422/273 85/420/223
f 80/425/274 331/426/275 244/424/222
f 238/427/276 250/428/217 331/426/275
f 331/426/275 82/429/216 248/422/273
f 243/430/277 238/427/276 80/425/274
f 87/431/278 332/432/279 243/430/277
f 332/432/279 86/353/280 246/433/281
f 238/427/276 246/433/281 81/434/218
f 198/435/23 160/329/221 57/327/24
f 198/435/23 255/436/282 333/437/283
f 333/437/283 87/438/278 243/439/277
f 333/437/283 80/440/274 160/329/221
f 188/441/253 253/252/165 16/250/163
f 66/208/135 334/442/284 188/441/253
f 251/326/219 241/443/270 334/442/284
f 334/442/284 84/444/271 253/252/165
f 13/410/264 335/445/285 215/348/233
f 218/409/263 256/408/286 335/445/285
f 335/445/285 89/257/269 249/446/268
f 215/348/233 249/446/268 83/350/235
f 58/353/238 336/447/287 257/448/288
f 209/354/239 252/319/214 336/447/287
f 336/447/287 81/324/218 246/449/281
f 257/448/288 246/449/281 86/353/280
f 59/395/22 337/450/289 255/436/282
f 196/394/257 257/451/288 337/450/289
f 337/450/289 86/452/280 242/453/290
f 255/436/282 242/453/290 87/438/278
f 420/2/291 505/1/292 370/3/293
f 563/5/294 358/4/295 505/1/292
f 418/7/296 413/6/297 563/5/294
f 343/8/298 563/5/294 420/2/291
f 419/10/299 460/9/300 398/11/301
f 564/13/302 399/12/303 460/9/300
f 412/15/304 416/14/305 564/13/302
f 342/16/306 564/13/302 419/10/299
f 397/17/307 565/18/308 530/20/309
f 530/20/309 539/21/310 341/387/311
f 565/18/308 384/22/312 539/21/310
f 483/19/313 508/23/314 565/18/308
f 393/25/315 566/26/316 536/28/317
f 536/28/317 419/10/299 398/11/301
f 566/26/316 342/16/306 419/10/299
f 520/27/318 417/29/319 566/26/316
f 444/32/320 491/31/321 353/33/322
f 567/35/323 370/34/293 491/31/321
f 414/37/324 420/36/291 567/35/323
f 340/38/325 567/35/323 444/32/320
f 529/40/38 461/39/326 400/41/327
f 461/39/326 431/42/328 392/121/329
f 434/44/330 431/42/328 568/43/331
f 344/45/38 568/43/331 529/40/38
f 372/46/43 569/47/44 545/49/332
f 545/49/332 432/50/333 364/125/334
f 114/51/48 432/50/333 569/47/44
f 7/52/49 569/47/44 455/48/45
f 421/53/38 434/44/330 344/45/38
f 570/55/335 351/54/336 434/44/330
f 545/49/332 495/56/337 570/55/335
f 372/46/43 570/55/335 421/53/38
f 17/57/53 571/58/338 125/60/56
f 125/60/56 502/61/339 14/454/103
f 571/58/338 366/62/340 502/61/339
f 501/59/341 427/63/342 571/58/338
f 367/65/61 572/66/343 426/68/344
f 426/68/344 430/69/345 365/64/346
f 572/66/343 350/70/347 430/69/345
f 537/67/61 436/71/348 572/66/343
f 466/74/68 421/73/38 344/75/38
f 573/77/68 372/76/43 421/73/38
f 573/77/68 363/78/69 441/151/68
f 377/80/69 573/77/68 466/74/68
f 352/81/349 574/82/350 492/84/351
f 492/84/351 438/85/352 376/455/353
f 574/82/350 348/86/354 438/85/352
f 435/83/355 428/87/356 574/82/350
f 484/90/357 532/89/77 386/91/358
f 532/89/77 439/92/80 379/105/77
f 424/94/81 439/92/80 575/93/80
f 484/90/357 424/94/81 575/93/80
f 440/97/80 496/96/77 361/98/77
f 576/100/80 54/99/77 496/96/77
f 425/102/67 122/101/80 576/100/80
f 367/103/61 576/100/80 440/97/80
f 379/105/77 577/106/80 476/104/77
f 476/104/77 440/97/80 361/98/77
f 537/107/61 440/97/80 577/106/80
f 439/92/80 537/107/61 577/106/80
f 495/110/337 443/109/359 351/54/336
f 578/112/360 345/111/361 443/109/359
f 437/114/362 454/113/363 578/112/360
f 364/115/334 578/112/360 495/110/337
f 365/64/346 579/116/364 427/63/342
f 579/116/364 366/62/340 427/63/342
f 442/118/365 428/117/356 579/116/364
f 350/70/347 579/116/364 430/69/345
f 431/120/328 542/119/366 392/121/329
f 580/122/367 397/17/307 542/119/366
f 443/109/359 422/123/368 580/122/367
f 351/54/336 580/122/367 431/120/328
f 432/50/333 437/124/362 364/125/334
f 581/127/369 371/126/370 437/124/362
f 128/129/97 423/128/371 581/127/369
f 20/130/98 581/127/369 432/50/333
f 45/131/99 582/132/372 482/134/373
f 482/134/373 435/83/355 352/81/349
f 582/132/372 366/88/340 435/83/355
f 119/133/101 502/135/339 582/132/372
f 353/137/322 583/138/374 477/141/375
f 583/138/374 388/140/376 477/141/375
f 478/143/374 485/142/377 583/138/374
f 354/144/378 583/138/374 445/139/379
f 446/145/380 478/143/374 354/144/378
f 584/147/374 387/146/377 478/143/374
f 584/147/374 386/91/358 469/456/377
f 355/149/381 584/147/374 446/145/380
f 441/151/68 455/150/45 372/76/43
f 585/153/68 7/152/49 455/150/45
f 453/155/69 156/154/68 585/153/68
f 441/151/68 453/155/69 585/153/68
f 488/156/113 453/155/69 363/78/69
f 586/158/113 52/157/69 453/155/69
f 586/158/113 53/163/113 157/159/113
f 362/161/113 586/158/113 488/156/113
f 429/162/113 500/160/113 362/161/113
f 587/164/113 53/163/113 500/160/113
f 496/96/77 158/165/113 587/164/113
f 429/162/113 496/96/77 587/164/113
f 463/167/382 529/166/38 400/168/327
f 588/169/68 344/75/38 529/166/38
f 588/169/68 377/80/69 466/74/68
f 388/140/376 588/169/68 463/167/382
f 485/142/377 514/170/69 388/171/376
f 589/173/113 377/172/69 514/170/69
f 589/173/113 378/174/113 467/227/113
f 387/176/377 589/173/113 485/142/377
f 469/177/377 513/175/113 387/176/377
f 590/178/113 378/174/113 513/175/113
f 590/178/113 379/179/77 468/276/113
f 386/181/358 590/178/113 469/177/377
f 538/183/383 465/182/384 376/184/353
f 591/186/385 375/185/386 465/182/384
f 527/188/387 486/187/388 591/186/385
f 394/189/389 591/186/385 538/183/383
f 433/191/390 452/190/391 360/192/392
f 452/190/391 464/193/393 374/262/394
f 592/194/395 375/195/386 464/193/393
f 433/191/390 497/196/396 592/194/395
f 359/198/397 593/199/398 497/201/396
f 497/201/396 465/182/384 375/185/386
f 593/199/398 376/184/353 465/182/384
f 450/200/399 492/202/351 593/199/398
f 345/111/361 594/204/400 422/206/368
f 422/206/368 483/19/313 397/17/307
f 510/207/401 483/19/313 594/204/400
f 391/208/402 594/204/400 540/205/403
f 415/209/404 414/37/324 340/38/325
f 595/210/405 343/8/298 414/37/324
f 461/39/326 524/211/406 595/210/405
f 400/41/327 595/210/405 415/209/404
f 340/212/325 596/213/407 415/215/404
f 415/215/404 463/167/382 400/168/327
f 596/213/407 388/140/376 463/167/382
f 444/214/320 477/141/375 596/213/407
f 411/216/408 479/148/409 355/149/381
f 597/217/410 386/91/358 479/148/409
f 520/218/318 484/90/357 597/217/410
f 338/219/411 597/217/410 411/216/408
f 356/220/412 598/221/413 447/223/414
f 447/223/414 462/224/415 339/288/416
f 598/221/413 390/224/417 462/224/415
f 459/222/418 516/225/419 598/221/413
f 467/227/113 474/79/69 377/172/69
f 599/228/113 363/78/69 474/79/69
f 475/229/113 488/156/113 599/228/113
f 467/227/113 475/229/113 599/228/113
f 338/230/411 600/231/420 417/233/319
f 417/233/319 456/234/421 342/287/306
f 489/235/422 456/234/421 600/231/420
f 411/232/408 489/235/422 600/231/420
f 446/237/380 489/235/422 355/236/381
f 601/239/423 368/238/424 489/235/422
f 490/241/425 457/240/426 601/239/423
f 354/242/378 601/239/423 446/237/380
f 445/243/379 490/241/425 354/242/378
f 602/245/427 369/244/428 490/241/425
f 491/31/321 458/246/429 602/245/427
f 353/33/322 602/245/427 445/243/379
f 254/248/161 511/247/430 67/249/162
f 603/251/431 349/250/432 511/247/430
f 553/253/433 560/252/434 603/251/431
f 88/254/167 603/251/431 254/248/161
f 148/256/169 480/255/435 43/257/170
f 604/258/436 360/192/392 480/255/435
f 481/259/437 433/191/390 604/258/436
f 44/260/173 604/258/436 148/256/169
f 486/187/388 464/193/393 375/261/386
f 605/263/438 374/262/394 464/193/393
f 526/265/439 487/264/440 605/263/438
f 402/266/441 605/263/438 486/187/388
f 487/264/440 452/267/391 374/262/394
f 606/269/442 360/268/392 452/267/391
f 493/271/443 451/270/444 606/269/442
f 401/272/445 606/269/442 487/264/440
f 149/273/183 481/259/437 44/260/173
f 607/274/446 359/197/397 481/259/437
f 482/134/373 450/275/399 607/274/446
f 45/131/99 607/274/446 149/273/183
f 468/276/113 475/229/113 378/174/113
f 608/278/113 362/277/113 475/229/113
f 476/104/77 429/279/113 608/278/113
f 379/179/77 608/278/113 468/276/113
f 10/249/185 609/280/447 423/281/371
f 423/281/371 499/282/448 371/457/370
f 511/247/430 499/282/448 609/280/447
f 236/248/187 511/247/430 609/280/447
f 350/70/347 610/283/449 442/118/365
f 442/118/365 523/285/450 348/402/354
f 610/283/449 399/12/303 523/285/450
f 531/284/451 460/9/300 610/283/449
f 456/234/421 412/286/304 342/287/306
f 611/289/452 339/288/416 412/286/304
f 503/290/453 447/223/414 611/289/452
f 368/238/424 611/289/452 456/234/421
f 457/292/426 503/291/453 368/238/424
f 612/294/454 356/293/412 503/291/453
f 504/296/455 448/295/456 612/294/454
f 369/297/428 612/294/454 457/292/426
f 458/298/429 504/296/455 369/297/428
f 613/300/457 357/299/458 504/296/455
f 505/1/292 449/301/459 613/300/457
f 370/3/293 613/300/457 458/298/429
f 373/302/460 614/303/461 512/306/462
f 614/303/461 395/305/463 512/306/462
f 614/303/461 390/307/417 516/458/419
f 471/304/464 509/308/465 614/303/461
f 401/272/445 615/310/466 533/312/467
f 533/312/467 472/313/468 381/317/469
f 615/310/466 380/314/470 472/313/468
f 526/311/439 534/315/471 615/310/466
f 381/317/469 616/318/472 533/320/467
f 533/320/467 494/321/473 401/272/445
f 616/318/472 405/322/474 494/321/473
f 559/319/475 557/323/476 616/318/472
f 558/326/477 510/325/401 391/208/402
f 617/328/478 382/327/479 510/325/401
f 552/330/480 470/329/481 617/328/478
f 408/331/482 617/328/478 558/326/477
f 394/332/389 618/333/483 535/335/484
f 618/333/483 373/302/460 535/335/484
f 521/336/485 471/304/464 618/333/483
f 389/86/486 618/333/483 515/334/487
f 339/337/416 619/338/488 416/14/305
f 416/14/305 507/340/489 399/401/303
f 619/338/488 385/341/490 507/340/489
f 462/339/415 509/342/465 619/338/488
f 402/343/441 620/344/491 534/345/471
f 534/345/471 473/346/492 380/459/470
f 535/347/484 473/346/492 620/344/491
f 527/188/387 535/347/484 620/344/491
f 494/321/473 493/271/443 401/272/445
f 493/271/443 525/348/493 347/410/494
f 621/349/495 406/350/496 525/348/493
f 405/322/474 621/349/495 494/321/473
f 381/317/469 622/352/497 519/354/498
f 622/352/497 383/353/499 519/354/498
f 522/356/500 518/355/501 622/352/497
f 472/313/468 522/356/500 622/352/497
f 380/314/470 623/357/502 522/356/500
f 623/357/502 396/359/503 522/356/500
f 512/306/462 517/360/504 623/357/502
f 473/358/492 512/306/462 623/357/502
f 357/361/458 624/362/505 448/364/456
f 448/364/456 459/222/418 356/220/412
f 624/362/505 395/226/463 459/222/418
f 541/363/506 517/365/504 624/362/505
f 346/72/67 625/367/507 436/71/348
f 436/71/348 531/284/451 350/70/347
f 625/367/507 398/11/301 531/284/451
f 424/368/81 536/28/317 625/367/507
f 543/370/508 438/369/352 348/86/354
f 626/372/509 376/371/353 438/369/352
f 515/334/487 538/373/383 626/372/509
f 389/86/486 626/372/509 543/370/508
f 358/374/295 627/375/510 449/377/459
f 449/377/459 541/363/506 357/361/458
f 627/375/510 396/366/503 541/363/506
f 544/376/511 518/378/501 627/375/510
f 371/380/370 628/381/512 454/383/363
f 454/383/363 540/205/403 345/111/361
f 628/381/512 391/208/402 540/205/403
f 349/385/432 628/381/512 499/382/448
f 524/386/406 418/7/296 343/8/298
f 629/388/513 341/387/311 418/7/296
f 542/119/366 530/389/309 629/388/513
f 392/121/329 629/388/513 524/386/406
f 341/390/311 630/391/514 413/393/297
f 413/393/297 544/376/511 358/374/295
f 630/391/514 383/379/499 544/376/511
f 539/392/310 506/394/515 630/391/514
f 12/396/81 631/397/516 116/399/259
f 116/399/259 501/59/341 17/57/53
f 631/397/516 365/64/346 501/59/341
f 425/398/67 426/68/344 631/397/516
f 507/340/489 523/400/450 399/401/303
f 632/403/517 348/402/354 523/400/450
f 521/405/485 543/404/508 632/403/517
f 385/341/490 632/403/517 507/340/489
f 451/270/444 480/406/435 360/268/392
f 633/407/518 43/257/170 480/406/435
f 528/409/519 227/408/262 633/407/518
f 347/410/494 633/407/518 451/270/444
f 88/411/167 634/412/520 553/414/433
f 553/414/433 548/415/521 407/419/522
f 634/412/520 406/416/496 548/415/521
f 247/413/266 556/417/523 634/412/520
f 548/415/521 549/418/524 407/419/522
f 635/421/525 408/420/482 549/418/524
f 547/423/526 555/422/527 635/421/525
f 548/415/521 547/423/526 635/421/525
f 555/422/527 552/424/480 408/420/482
f 636/426/528 403/425/529 552/424/480
f 557/428/476 546/427/530 636/426/528
f 405/429/474 636/426/528 555/422/527
f 546/427/530 551/430/531 403/425/529
f 637/432/532 410/431/533 551/430/531
f 637/432/532 409/353/534 550/460/535
f 546/427/530 554/433/536 637/432/532
f 470/329/481 508/435/314 382/327/479
f 508/435/314 561/436/537 384/395/312
f 638/437/538 410/438/533 561/436/537
f 403/440/529 638/437/538 470/329/481
f 560/252/434 498/441/539 349/250/432
f 639/442/540 391/208/402 498/441/539
f 549/443/524 558/326/477 639/442/540
f 407/444/522 639/442/540 560/252/434
f 347/410/494 640/445/541 528/409/519
f 528/409/519 256/408/286 77/257/542
f 640/445/541 89/257/269 256/408/286
f 525/348/493 556/446/523 640/445/541
f 383/353/499 641/447/543 519/354/498
f 519/354/498 559/319/475 381/317/469
f 641/447/543 404/324/544 559/319/475
f 562/448/545 554/449/536 641/447/543
f 384/395/312 642/450/546 506/394/515
f 506/394/515 562/451/545 383/379/499
f 642/450/546 409/452/534 562/451/545
f 561/436/537 550/453/535 642/450/546
f 195/1/1 258/5/5 99/2/2
f 27/4/4 92/6/6 258/5/5
f 92/6/6 4/387/254 97/7/7
f 258/5/5 97/7/7 6/8/8
f 145/9/9 259/13/13 98/10/10
f 75/12/12 95/14/14 259/13/13
f 95/14/14 2/337/192 91/15/15
f 259/13/13 91/15/15 5/16/16
f 73/17/17 220/20/20 260/18/18
f 220/20/20 4/387/254 230/21/21
f 260/18/18 230/21/21 59/22/22
f 173/19/19 260/18/18 198/23/23
f 69/25/25 226/28/28 261/26/26
f 226/28/28 74/11/11 98/10/10
f 261/26/26 98/10/10 5/16/16
f 210/27/27 261/26/26 96/29/29
f 181/31/31 262/35/34 129/32/32
f 39/34/3 99/36/2 262/35/34
f 99/36/2 6/8/8 93/37/35
f 262/35/34 93/37/35 3/38/36
f 146/39/37 263/43/41 219/40/38
f 146/39/37 68/121/91 110/42/40
f 110/42/40 19/54/50 113/44/42
f 263/43/41 113/44/42 8/45/38
f 41/46/43 237/49/46 264/47/44
f 237/49/46 33/125/87 111/50/47
f 111/50/47 20/130/98 114/51/48
f 264/47/44 114/51/48 7/52/49
f 113/44/42 265/55/51 100/53/38
f 19/54/50 185/56/52 265/55/51
f 185/56/52 33/125/87 237/49/46
f 265/55/51 237/49/46 41/46/43
f 17/57/53 125/60/56 266/58/54
f 125/60/56 14/454/103 192/61/57
f 266/58/54 192/61/57 35/62/58
f 191/59/55 266/58/54 106/63/59
f 36/65/61 105/68/63 267/66/62
f 105/68/63 34/64/60 109/69/64
f 267/66/62 109/69/64 18/70/65
f 228/67/61 267/66/62 117/71/66
f 100/73/38 268/77/68 153/74/68
f 41/76/43 124/151/68 268/77/68
f 268/77/68 124/151/68 32/78/69
f 268/77/68 164/79/69 49/80/69
f 21/81/70 182/84/73 269/82/71
f 182/84/73 48/455/117 120/85/74
f 269/82/71 120/85/74 15/86/75
f 115/83/72 269/82/71 107/87/76
f 222/89/77 270/93/80 174/90/78
f 222/89/77 51/105/77 121/92/80
f 121/92/80 11/108/67 103/94/81
f 174/90/78 270/93/80 103/94/81
f 186/96/77 271/100/80 123/97/80
f 54/99/77 122/101/80 271/100/80
f 122/101/80 12/461/81 104/102/67
f 123/97/80 271/100/80 104/102/67
f 166/104/77 272/106/80 121/92/80
f 166/104/77 30/98/77 123/97/80
f 272/106/80 123/97/80 36/103/61
f 121/92/80 272/106/80 228/107/61
f 127/109/82 273/112/84 185/110/52
f 9/111/83 139/113/85 273/112/84
f 139/113/85 40/380/94 118/114/86
f 273/112/84 118/114/86 33/115/87
f 34/64/60 106/63/59 274/116/88
f 35/62/58 107/117/76 274/116/88
f 107/117/76 15/402/75 126/118/89
f 274/116/88 126/118/89 18/70/65
f 233/119/90 275/122/92 110/120/40
f 73/17/17 101/123/93 275/122/92
f 101/123/93 9/111/83 127/109/82
f 275/122/92 127/109/82 19/54/50
f 118/124/86 276/127/95 111/50/47
f 40/126/94 102/128/96 276/127/95
f 102/128/96 10/249/185 128/129/97
f 276/127/95 128/129/97 20/130/98
f 45/131/99 172/134/102 277/132/100
f 172/134/102 21/81/70 115/83/72
f 277/132/100 115/83/72 35/88/58
f 119/133/101 277/132/100 192/135/57
f 22/137/33 167/141/107 278/138/104
f 63/140/106 175/142/108 278/138/104
f 175/142/108 62/146/108 168/143/104
f 278/138/104 168/143/104 23/144/109
f 168/143/104 279/147/104 131/145/110
f 62/146/108 159/456/108 279/147/104
f 279/147/104 159/456/108 61/91/79
f 279/147/104 169/148/111 24/149/112
f 140/150/45 280/153/68 124/151/68
f 7/152/49 156/154/68 280/153/68
f 156/154/68 52/157/69 138/155/69
f 124/151/68 280/153/68 138/155/69
f 138/155/69 281/158/113 178/156/113
f 52/157/69 157/159/113 281/158/113
f 157/159/113 53/163/113 190/160/113
f 281/158/113 190/160/113 31/161/113
f 190/160/113 282/164/113 108/162/113
f 53/163/113 158/165/113 282/164/113
f 158/165/113 54/99/77 186/96/77
f 108/162/113 282/164/113 186/96/77
f 219/166/38 283/169/68 150/167/114
f 8/75/38 153/74/68 283/169/68
f 283/169/68 153/74/68 49/80/69
f 283/169/68 204/170/69 63/140/106
f 204/170/69 284/173/113 175/142/108
f 49/172/69 154/227/113 284/173/113
f 284/173/113 154/227/113 50/174/113
f 284/173/113 203/175/113 62/176/108
f 203/175/113 285/178/113 159/177/108
f 50/174/113 155/276/113 285/178/113
f 285/178/113 155/276/113 51/179/77
f 285/178/113 222/180/77 61/181/79
f 152/182/115 286/186/119 229/183/116
f 47/185/118 176/187/120 286/186/119
f 176/187/120 79/462/178 217/188/121
f 286/186/119 217/188/121 70/189/122
f 137/190/123 287/194/127 112/191/124
f 137/190/123 46/262/174 151/193/126
f 287/194/127 151/193/126 47/195/118
f 112/191/124 287/194/127 187/196/128
f 28/198/129 187/201/128 288/199/130
f 187/201/128 47/185/118 152/182/115
f 288/199/130 152/182/115 48/184/117
f 135/200/131 288/199/130 182/202/73
f 9/111/83 101/206/93 289/204/132
f 101/206/93 73/17/17 173/19/19
f 173/19/19 57/24/24 200/207/134
f 289/204/132 200/207/134 66/208/135
f 93/37/35 290/210/137 94/209/136
f 6/8/8 214/211/138 290/210/137
f 214/211/138 68/121/91 146/39/37
f 290/210/137 146/39/37 76/41/39
f 3/212/36 94/215/136 291/213/139
f 94/215/136 76/168/39 150/167/114
f 291/213/139 150/167/114 63/140/106
f 129/214/32 291/213/139 167/141/107
f 169/148/111 292/217/141 90/216/140
f 61/91/79 174/90/78 292/217/141
f 174/90/78 69/95/25 210/218/27
f 292/217/141 210/218/27 1/219/30
f 25/220/142 132/223/145 293/221/143
f 132/223/145 2/288/192 147/224/146
f 293/221/143 147/224/146 65/224/147
f 144/222/144 293/221/143 206/225/148
f 164/79/69 294/228/113 154/227/113
f 32/78/69 178/156/113 294/228/113
f 178/156/113 31/277/113 165/229/113
f 154/227/113 294/228/113 165/229/113
f 1/230/30 96/233/29 295/231/150
f 96/233/29 5/287/16 141/234/151
f 141/234/151 37/238/153 179/235/152
f 90/232/140 295/231/150 179/235/152
f 179/235/152 296/239/154 131/237/110
f 37/238/153 142/240/155 296/239/154
f 142/240/155 38/244/157 180/241/156
f 296/239/154 180/241/156 23/242/109
f 180/241/156 297/245/158 130/243/105
f 38/244/157 143/246/159 297/245/158
f 143/246/159 39/34/3 181/31/31
f 297/245/158 181/31/31 22/33/33
f 201/247/160 298/251/164 254/248/161
f 16/250/163 253/252/165 298/251/164
f 253/252/165 84/444/271 245/253/166
f 298/251/164 245/253/166 88/254/167
f 170/255/168 299/258/171 148/256/169
f 29/192/125 112/191/124 299/258/171
f 112/191/124 28/197/129 171/259/172
f 299/258/171 171/259/172 44/260/173
f 151/193/126 300/263/175 176/187/120
f 46/262/174 177/264/176 300/263/175
f 177/264/176 78/272/182 216/265/177
f 300/263/175 216/265/177 79/266/178
f 137/267/123 301/269/179 177/264/176
f 29/268/125 136/270/180 301/269/179
f 136/270/180 13/410/264 183/271/181
f 301/269/179 183/271/181 78/272/182
f 171/259/172 302/274/184 149/273/183
f 28/197/129 135/275/131 302/274/184
f 135/275/131 21/81/70 172/134/102
f 302/274/184 172/134/102 45/131/99
f 165/229/113 303/278/113 155/276/113
f 31/277/113 108/279/113 303/278/113
f 108/279/113 30/98/77 166/104/77
f 303/278/113 166/104/77 51/179/77
f 10/249/185 102/281/96 304/280/186
f 102/281/96 40/457/94 189/282/188
f 189/282/188 16/250/163 201/247/160
f 236/248/187 304/280/186 201/247/160
f 18/70/65 126/118/89 305/283/189
f 126/118/89 15/402/75 213/285/191
f 305/283/189 213/285/191 75/12/12
f 221/284/190 305/283/189 145/9/9
f 91/286/15 306/289/193 141/234/151
f 2/288/192 132/223/145 306/289/193
f 132/223/145 25/220/142 193/290/194
f 306/289/193 193/290/194 37/238/153
f 193/291/194 307/294/195 142/292/155
f 25/293/142 133/295/196 307/294/195
f 133/295/196 26/299/198 194/296/197
f 307/294/195 194/296/197 38/297/157
f 194/296/197 308/300/199 143/298/159
f 26/299/198 134/301/200 308/300/199
f 134/301/200 27/4/4 195/1/1
f 308/300/199 195/1/1 39/3/3
f 42/302/201 202/306/204 309/303/202
f 71/305/149 206/458/148 309/303/202
f 309/303/202 206/458/148 65/307/147
f 161/304/203 309/303/202 199/308/205
f 78/272/182 223/312/208 310/310/207
f 223/312/208 56/317/212 162/313/209
f 310/310/207 162/313/209 55/314/210
f 216/311/177 310/310/207 224/315/211
f 56/317/212 223/320/208 311/318/213
f 223/320/208 78/272/182 184/321/215
f 311/318/213 184/321/215 82/322/216
f 252/319/214 311/318/213 250/323/217
f 200/325/134 312/328/220 251/326/219
f 57/327/24 160/329/221 312/328/220
f 160/329/221 80/440/274 244/330/222
f 312/328/220 244/330/222 85/331/223
f 70/332/122 225/335/226 313/333/224
f 42/302/201 161/304/203 313/333/224
f 161/304/203 60/309/206 211/336/227
f 313/333/224 211/336/227 64/86/228
f 2/337/192 95/14/14 314/338/229
f 95/14/14 75/401/12 197/340/230
f 314/338/229 197/340/230 60/341/206
f 147/339/146 314/338/229 199/342/205
f 79/343/178 224/345/211 315/344/231
f 224/345/211 55/459/210 163/346/232
f 163/346/232 42/463/201 225/347/226
f 217/188/121 315/344/231 225/347/226
f 183/271/181 316/349/234 184/321/215
f 183/271/181 13/410/264 215/348/233
f 316/349/234 215/348/233 83/350/235
f 316/349/234 239/351/236 82/322/216
f 56/317/212 209/354/239 317/352/237
f 58/353/238 208/355/240 317/352/237
f 208/355/240 72/359/243 212/356/241
f 162/313/209 317/352/237 212/356/241
f 55/314/210 212/356/241 318/357/242
f 72/359/243 207/360/244 318/357/242
f 207/360/244 71/305/149 202/306/204
f 163/358/232 318/357/242 202/306/204
f 26/361/198 133/364/196 319/362/245
f 133/364/196 25/220/142 144/222/144
f 319/362/245 144/222/144 71/226/149
f 232/363/246 319/362/245 207/365/244
f 11/72/67 117/71/66 320/367/247
f 117/71/66 18/70/65 221/284/190
f 320/367/247 221/284/190 74/11/11
f 103/368/81 320/367/247 226/28/28
f 120/369/74 321/372/249 234/370/248
f 48/371/117 229/373/116 321/372/249
f 229/373/116 70/464/122 205/334/225
f 321/372/249 205/334/225 64/86/228
f 27/374/4 134/377/200 322/375/250
f 134/377/200 26/361/198 232/363/246
f 322/375/250 232/363/246 72/366/243
f 235/376/251 322/375/250 208/378/240
f 40/380/94 139/383/85 323/381/252
f 139/383/85 9/111/83 231/205/133
f 323/381/252 231/205/133 66/208/135
f 323/381/252 188/384/253 16/385/163
f 97/7/7 324/388/255 214/386/138
f 4/387/254 220/389/20 324/388/255
f 220/389/20 73/17/17 233/119/90
f 324/388/255 233/119/90 68/121/91
f 4/390/254 92/393/6 325/391/256
f 92/393/6 27/374/4 235/376/251
f 325/391/256 235/376/251 58/379/238
f 230/392/21 325/391/256 196/394/257
f 12/396/81 116/399/259 326/397/258
f 116/399/259 17/57/53 191/59/55
f 326/397/258 191/59/55 34/64/60
f 104/398/67 326/397/258 105/68/63
f 213/400/191 327/403/260 197/340/230
f 15/402/75 234/404/248 327/403/260
f 234/404/248 64/465/228 211/405/227
f 327/403/260 211/405/227 60/341/206
f 170/406/168 328/407/261 136/270/180
f 43/257/170 227/408/262 328/407/261
f 227/408/262 77/257/542 218/409/263
f 328/407/261 218/409/263 13/410/264
f 88/411/167 245/414/166 329/412/265
f 245/414/166 84/419/271 240/415/267
f 329/412/265 240/415/267 83/416/235
f 247/413/266 329/412/265 249/417/268
f 241/418/270 330/421/272 240/415/267
f 85/420/223 248/422/273 330/421/272
f 248/422/273 82/429/216 239/423/236
f 240/415/267 330/421/272 239/423/236
f 244/424/222 331/426/275 248/422/273
f 80/425/274 238/427/276 331/426/275
f 238/427/276 81/434/218 250/428/217
f 331/426/275 250/428/217 82/429/216
f 243/430/277 332/432/279 238/427/276
f 87/431/278 242/460/290 332/432/279
f 332/432/279 242/460/290 86/353/280
f 238/427/276 332/432/279 246/433/281
f 198/435/23 333/437/283 160/329/221
f 198/435/23 59/395/22 255/436/282
f 333/437/283 255/436/282 87/438/278
f 333/437/283 243/439/277 80/440/274
f 188/441/253 334/442/284 253/252/165
f 66/208/135 251/326/219 334/442/284
f 251/326/219 85/331/223 241/443/270
f 334/442/284 241/443/270 84/444/271
f 13/410/264 218/409/263 335/445/285
f 218/409/263 77/257/542 256/408/286
f 335/445/285 256/408/286 89/257/269
f 215/348/233 335/445/285 249/446/268
f 58/353/238 209/354/239 336/447/287
f 209/354/239 56/317/212 252/319/214
f 336/447/287 252/319/214 81/324/218
f 257/448/288 336/447/287 246/449/281
f 59/395/22 196/394/257 337/450/289
f 196/394/257 58/379/238 257/451/288
f 337/450/289 257/451/288 86/452/280
f 255/436/282 337/450/289 242/453/290
f 420/2/291 563/5/294 505/1/292
f 563/5/294 413/6/297 358/4/295
f 418/7/296 341/387/311 413/6/297
f 343/8/298 418/7/296 563/5/294
f 419/10/299 564/13/302 460/9/300
f 564/13/302 416/14/305 399/12/303
f 412/15/304 339/337/416 416/14/305
f 342/16/306 412/15/304 564/13/302
f 397/17/307 483/19/313 565/18/308
f 530/20/309 565/18/308 539/21/310
f 565/18/308 508/23/314 384/22/312
f 483/19/313 382/24/479 508/23/314
f 393/25/315 520/27/318 566/26/316
f 536/28/317 566/26/316 419/10/299
f 566/26/316 417/29/319 342/16/306
f 520/27/318 338/30/411 417/29/319
f 444/32/320 567/35/323 491/31/321
f 567/35/323 420/36/291 370/34/293
f 414/37/324 343/8/298 420/36/291
f 340/38/325 414/37/324 567/35/323
f 529/40/38 568/43/331 461/39/326
f 461/39/326 568/43/331 431/42/328
f 434/44/330 351/54/336 431/42/328
f 344/45/38 434/44/330 568/43/331
f 372/46/43 455/48/45 569/47/44
f 545/49/332 569/47/44 432/50/333
f 114/51/48 20/130/98 432/50/333
f 7/52/49 114/51/48 569/47/44
f 421/53/38 570/55/335 434/44/330
f 570/55/335 495/56/337 351/54/336
f 545/49/332 364/125/334 495/56/337
f 372/46/43 545/49/332 570/55/335
f 17/57/53 501/59/341 571/58/338
f 125/60/56 571/58/338 502/61/339
f 571/58/338 427/63/342 366/62/340
f 501/59/341 365/64/346 427/63/342
f 367/65/61 537/67/61 572/66/343
f 426/68/344 572/66/343 430/69/345
f 572/66/343 436/71/348 350/70/347
f 537/67/61 346/72/67 436/71/348
f 466/74/68 573/77/68 421/73/38
f 573/77/68 441/151/68 372/76/43
f 573/77/68 474/79/69 363/78/69
f 377/80/69 474/79/69 573/77/68
f 352/81/349 435/83/355 574/82/350
f 492/84/351 574/82/350 438/85/352
f 574/82/350 428/87/356 348/86/354
f 435/83/355 366/88/340 428/87/356
f 484/90/357 575/93/80 532/89/77
f 532/89/77 575/93/80 439/92/80
f 424/94/81 346/108/67 439/92/80
f 484/90/357 393/95/315 424/94/81
f 440/97/80 576/100/80 496/96/77
f 576/100/80 122/101/80 54/99/77
f 425/102/67 12/461/81 122/101/80
f 367/103/61 425/102/67 576/100/80
f 379/105/77 439/92/80 577/106/80
f 476/104/77 577/106/80 440/97/80
f 537/107/61 367/103/61 440/97/80
f 439/92/80 346/108/67 537/107/61
f 495/110/337 578/112/360 443/109/359
f 578/112/360 454/113/363 345/111/361
f 437/114/362 371/380/370 454/113/363
f 364/115/334 437/114/362 578/112/360
f 365/64/346 430/69/345 579/116/364
f 579/116/364 428/117/356 366/62/340
f 442/118/365 348/402/354 428/117/356
f 350/70/347 442/118/365 579/116/364
f 431/120/328 580/122/367 542/119/366
f 580/122/367 422/123/368 397/17/307
f 443/109/359 345/111/361 422/123/368
f 351/54/336 443/109/359 580/122/367
f 432/50/333 581/127/369 437/124/362
f 581/127/369 423/128/371 371/126/370
f 128/129/97 10/249/185 423/128/371
f 20/130/98 128/129/97 581/127/369
f 45/131/99 119/133/101 582/132/372
f 482/134/373 582/132/372 435/83/355
f 582/132/372 502/135/339 366/88/340
f 119/133/101 14/136/103 502/135/339
f 353/137/322 445/139/379 583/138/374
f 583/138/374 485/142/377 388/140/376
f 478/143/374 387/146/377 485/142/377
f 354/144/378 478/143/374 583/138/374
f 446/145/380 584/147/374 478/143/374
f 584/147/374 469/456/377 387/146/377
f 584/147/374 479/148/409 386/91/358
f 355/149/381 479/148/409 584/147/374
f 441/151/68 585/153/68 455/150/45
f 585/153/68 156/154/68 7/152/49
f 453/155/69 52/157/69 156/154/68
f 441/151/68 363/78/69 453/155/69
f 488/156/113 586/158/113 453/155/69
f 586/158/113 157/159/113 52/157/69
f 586/158/113 500/160/113 53/163/113
f 362/161/113 500/160/113 586/158/113
f 429/162/113 587/164/113 500/160/113
f 587/164/113 158/165/113 53/163/113
f 496/96/77 54/99/77 158/165/113
f 429/162/113 361/98/77 496/96/77
f 463/167/382 588/169/68 529/166/38
f 588/169/68 466/74/68 344/75/38
f 588/169/68 514/170/69 377/80/69
f 388/140/376 514/170/69 588/169/68
f 485/142/377 589/173/113 514/170/69
f 589/173/113 467/227/113 377/172/69
f 589/173/113 513/175/113 378/174/113
f 387/176/377 513/175/113 589/173/113
f 469/177/377 590/178/113 513/175/113
f 590/178/113 468/276/113 378/174/113
f 590/178/113 532/180/77 379/179/77
f 386/181/358 532/180/77 590/178/113
f 538/183/383 591/186/385 465/182/384
f 591/186/385 486/187/388 375/185/386
f 527/188/387 402/462/441 486/187/388
f 394/189/389 527/188/387 591/186/385
f 433/191/390 592/194/395 452/190/391
f 452/190/391 592/194/395 464/193/393
f 592/194/395 497/196/396 375/195/386
f 433/191/390 359/197/397 497/196/396
f 359/198/397 450/200/399 593/199/398
f 497/201/396 593/199/398 465/182/384
f 593/199/398 492/202/351 376/184/353
f 450/200/399 352/203/349 492/202/351
f 345/111/361 540/205/403 594/204/400
f 422/206/368 594/204/400 483/19/313
f 510/207/401 382/24/479 483/19/313
f 391/208/402 510/207/401 594/204/400
f 415/209/404 595/210/405 414/37/324
f 595/210/405 524/211/406 343/8/298
f 461/39/326 392/121/329 524/211/406
f 400/41/327 461/39/326 595/210/405
f 340/212/325 444/214/320 596/213/407
f 415/215/404 596/213/407 463/167/382
f 596/213/407 477/141/375 388/140/376
f 444/214/320 353/137/322 477/141/375
f 411/216/408 597/217/410 479/148/409
f 597/217/410 484/90/357 386/91/358
f 520/218/318 393/95/315 484/90/357
f 338/219/411 520/218/318 597/217/410
f 356/220/412 459/222/418 598/221/413
f 447/223/414 598/221/413 462/224/415
f 598/221/413 516/225/419 390/224/417
f 459/222/418 395/226/463 516/225/419
f 467/227/113 599/228/113 474/79/69
f 599/228/113 488/156/113 363/78/69
f 475/229/113 362/277/113 488/156/113
f 467/227/113 378/174/113 475/229/113
f 338/230/411 411/232/408 600/231/420
f 417/233/319 600/231/420 456/234/421
f 489/235/422 368/238/424 456/234/421
f 411/232/408 355/236/381 489/235/422
f 446/237/380 601/239/423 489/235/422
f 601/239/423 457/240/426 368/238/424
f 490/241/425 369/244/428 457/240/426
f 354/242/378 490/241/425 601/239/423
f 445/243/379 602/245/427 490/241/425
f 602/245/427 458/246/429 369/244/428
f 491/31/321 370/34/293 458/246/429
f 353/33/322 491/31/321 602/245/427
f 254/248/161 603/251/431 511/247/430
f 603/251/431 560/252/434 349/250/432
f 553/253/433 407/444/522 560/252/434
f 88/254/167 553/253/433 603/251/431
f 148/256/169 604/258/436 480/255/435
f 604/258/436 433/191/390 360/192/392
f 481/259/437 359/197/397 433/191/390
f 44/260/173 481/259/437 604/258/436
f 486/187/388 605/263/438 464/193/393
f 605/263/438 487/264/440 374/262/394
f 526/265/439 401/272/445 487/264/440
f 402/266/441 526/265/439 605/263/438
f 487/264/440 606/269/442 452/267/391
f 606/269/442 451/270/444 360/268/392
f 493/271/443 347/410/494 451/270/444
f 401/272/445 493/271/443 606/269/442
f 149/273/183 607/274/446 481/259/437
f 607/274/446 450/275/399 359/197/397
f 482/134/373 352/81/349 450/275/399
f 45/131/99 482/134/373 607/274/446
f 468/276/113 608/278/113 475/229/113
f 608/278/113 429/279/113 362/277/113
f 476/104/77 361/98/77 429/279/113
f 379/179/77 476/104/77 608/278/113
f 10/249/185 236/248/187 609/280/447
f 423/281/371 609/280/447 499/282/448
f 511/247/430 349/250/432 499/282/448
f 236/248/187 67/249/162 511/247/430
f 350/70/347 531/284/451 610/283/449
f 442/118/365 610/283/449 523/285/450
f 610/283/449 460/9/300 399/12/303
f 531/284/451 398/11/301 460/9/300
f 456/234/421 611/289/452 412/286/304
f 611/289/452 447/223/414 339/288/416
f 503/290/453 356/220/412 447/223/414
f 368/238/424 503/290/453 611/289/452
f 457/292/426 612/294/454 503/291/453
f 612/294/454 448/295/456 356/293/412
f 504/296/455 357/299/458 448/295/456
f 369/297/428 504/296/455 612/294/454
f 458/298/429 613/300/457 504/296/455
f 613/300/457 449/301/459 357/299/458
f 505/1/292 358/4/295 449/301/459
f 370/3/293 505/1/292 613/300/457
f 373/302/460 471/304/464 614/303/461
f 614/303/461 516/458/419 395/305/463
f 614/303/461 509/308/465 390/307/417
f 471/304/464 385/309/490 509/308/465
f 401/272/445 526/311/439 615/310/466
f 533/312/467 615/310/466 472/313/468
f 615/310/466 534/315/471 380/314/470
f 526/311/439 402/316/441 534/315/471
f 381/317/469 559/319/475 616/318/472
f 533/320/467 616/318/472 494/321/473
f 616/318/472 557/323/476 405/322/474
f 559/319/475 404/324/544 557/323/476
f 558/326/477 617/328/478 510/325/401
f 617/328/478 470/329/481 382/327/479
f 552/330/480 403/440/529 470/329/481
f 408/331/482 552/330/480 617/328/478
f 394/332/389 515/334/487 618/333/483
f 618/333/483 471/304/464 373/302/460
f 521/336/485 385/309/490 471/304/464
f 389/86/486 521/336/485 618/333/483
f 339/337/416 462/339/415 619/338/488
f 416/14/305 619/338/488 507/340/489
f 619/338/488 509/342/465 385/341/490
f 462/339/415 390/339/417 509/342/465
f 402/343/441 527/188/387 620/344/491
f 534/345/471 620/344/491 473/346/492
f 535/347/484 373/463/460 473/346/492
f 527/188/387 394/332/389 535/347/484
f 494/321/473 621/349/495 493/271/443
f 493/271/443 621/349/495 525/348/493
f 621/349/495 547/351/526 406/350/496
f 405/322/474 547/351/526 621/349/495
f 381/317/469 472/313/468 622/352/497
f 622/352/497 518/355/501 383/353/499
f 522/356/500 396/359/503 518/355/501
f 472/313/468 380/314/470 522/356/500
f 380/314/470 473/358/492 623/357/502
f 623/357/502 517/360/504 396/359/503
f 512/306/462 395/305/463 517/360/504
f 473/358/492 373/302/460 512/306/462
f 357/361/458 541/363/506 624/362/505
f 448/364/456 624/362/505 459/222/418
f 624/362/505 517/365/504 395/226/463
f 541/363/506 396/366/503 517/365/504
f 346/72/67 424/368/81 625/367/507
f 436/71/348 625/367/507 531/284/451
f 625/367/507 536/28/317 398/11/301
f 424/368/81 393/25/315 536/28/317
f 543/370/508 626/372/509 438/369/352
f 626/372/509 538/373/383 376/371/353
f 515/334/487 394/464/389 538/373/383
f 389/86/486 515/334/487 626/372/509
f 358/374/295 544/376/511 627/375/510
f 449/377/459 627/375/510 541/363/506
f 627/375/510 518/378/501 396/366/503
f 544/376/511 383/379/499 518/378/501
f 371/380/370 499/382/448 628/381/512
f 454/383/363 628/381/512 540/205/403
f 628/381/512 498/384/539 391/208/402
f 349/385/432 498/384/539 628/381/512
f 524/386/406 629/388/513 418/7/296
f 629/388/513 530/389/309 341/387/311
f 542/119/366 397/17/307 530/389/309
f 392/121/329 542/119/366 629/388/513
f 341/390/311 539/392/310 630/391/514
f 413/393/297 630/391/514 544/376/511
f 630/391/514 506/394/515 383/379/499
f 539/392/310 384/395/312 506/394/515
f 12/396/81 425/398/67 631/397/516
f 116/399/259 631/397/516 501/59/341
f 631/397/516 426/68/344 365/64/346
f 425/398/67 367/65/61 426/68/344
f 507/340/489 632/403/517 523/400/450
f 632/403/517 543/404/508 348/402/354
f 521/405/485 389/465/486 543/404/508
f 385/341/490 521/405/485 632/403/517
f 451/270/444 633/407/518 480/406/435
f 633/407/518 227/408/262 43/257/170
f 528/409/519 77/257/542 227/408/262
f 347/410/494 528/409/519 633/407/518
f 88/411/167 247/413/266 634/412/520
f 553/414/433 634/412/520 548/415/521
f 634/412/520 556/417/523 406/416/496
f 247/413/266 89/257/269 556/417/523
f 548/415/521 635/421/525 549/418/524
f 635/421/525 555/422/527 408/420/482
f 547/423/526 405/429/474 555/422/527
f 548/415/521 406/416/496 547/423/526
f 555/422/527 636/426/528 552/424/480
f 636/426/528 546/427/530 403/425/529
f 557/428/476 404/434/544 546/427/530
f 405/429/474 557/428/476 636/426/528
f 546/427/530 637/432/532 551/430/531
f 637/432/532 550/460/535 410/431/533
f 637/432/532 554/433/536 409/353/534
f 546/427/530 404/434/544 554/433/536
f 470/329/481 638/437/538 508/435/314
f 508/435/314 638/437/538 561/436/537
f 638/437/538 551/439/531 410/438/533
f 403/440/529 551/439/531 638/437/538
f 560/252/434 639/442/540 498/441/539
f 639/442/540 558/326/477 391/208/402
f 549/443/524 408/331/482 558/326/477
f 407/444/522 549/443/524 639/442/540
f 347/410/494 525/348/493 640/445/541
f 528/409/519 640/445/541 256/408/286
f 640/445/541 556/446/523 89/257/269
f 525/348/493 406/350/496 556/446/523
f 383/353/499 562/448/545 641/447/543
f 519/354/498 641/447/543 559/319/475
f 641/447/543 554/449/536 404/324/544
f 562/448/545 409/353/534 554/449/536
f 384/395/312 561/436/537 642/450/546
f 506/394/515 642/450/546 562/451/545
f 642/450/546 550/453/535 409/452/534
f 561/436/537 410/438/533 550/453/535
o CouchLegs
v -0.808793 -0.007006 -0.298168
v -0.793948 0.084399 -0.291549
v -0.780755 -0.007006 -0.290550
v -0.754984 0.084399 -0.277647
v -0.769141 -0.007006 -0.272158
v -0.738844 0.084399 -0.244087
v -0.780755 -0.007006 -0.253766
v -0.754984 0.084399 -0.210527
v -0.808793 -0.007006 -0.246148
v -0.793948 0.084399 -0.196625
v -0.836831 -0.007006 -0.253766
v -0.832911 0.084399 -0.210527
v -0.848445 -0.007006 -0.272158
v -0.849051 0.084399 -0.244087
v -0.836831 -0.007006 -0.290550
v -0.832911 0.084399 -0.277647
v 0.808793 -0.007006 -0.298168
v 0.793948 0.084399 -0.291549
v 0.780755 -0.007006 -0.290550
v 0.754984 0.084399 -0.277647
v 0.769141 -0.007006 -0.272158
v 0.738844 0.084399 -0.244087
v 0.780755 -0.007006 -0.253766
v 0.754984 0.084399 -0.210527
v 0.808793 -0.007006 -0.246148
v 0.793948 0.084399 -0.196625
v 0.836831 -0.007006 -0.253766
v 0.832911 0.084399 -0.210527
v 0.848445 -0.007006 -0.272158
v 0.849051 0.084399 -0.244087
v 0.836831 -0.007006 -0.290550
v 0.832911 0.084399 -0.277647
v -0.808793 -0.007006 0.298168
v -0.793948 0.084399 0.291549
v -0.780755 -0.007006 0.290550
v -0.754984 0.084399 0.277647
v -0.769141 -0.007006 0.272158
v -0.738844 0.084399 0.244087
v -0.780755 -0.007006 0.253766
v -0.754984 0.084399 0.210527
v -0.808793 -0.007006 0.246148
v -0.793948 0.084399 0.196625
v -0.836831 -0.007006 0.253766
v -0.832911 0.084399 0.210527
v -0.848445 -0.007006 0.272158
v -0.849051 0.084399 0.244087
v -0.836831 -0.007006 0.290550
v -0.832911 0.084399 0.277647
v 0.808793 -0.007006 0.298168
v 0.793948 0.084399 0.291549
v 0.780755 -0.007006 0.290550
v 0.754984 0.084399 0.277647
v 0.769141 -0.007006 0.272158
v 0.738844 0.084399 0.244087
v 0.780755 -0.007006 0.253766
v 0.754984 0.084399 0.210527
v 0.808793 -0.007006 0.246148
v 0.793948 0.084399 0.196625
v 0.836831 -0.007006 0.253766
v 0.832911 0.084399 0.210527
v 0.848445 -0.007006 0.272158
v 0.849051 0.084399 0.244087
v 0.836831 -0.007006 0.290550
v 0.832911 0.084399 0.277647
vn 0.2621 0.0273 -0.9647
vn 0.8345 -0.1609 -0.5270
vn 0.7727 -0.4060 0.4880
vn 0.2316 -0.4686 0.8525
vn -0.2395 -0.4068 0.8816
vn -0.8336 -0.1672 0.5264
vn -0.0000 1.0000 -0.0000
vn -0.8403 0.1109 -0.5306
vn -0.2606 0.1118 -0.9590
vn -0.0000 -1.0000 -0.0000
vn -0.2621 0.0273 -0.9647
vn -0.8345 -0.1609 -0.5270
vn -0.7727 -0.4060 0.4880
vn -0.2316 -0.4686 0.8525
vn 0.3058 -0.4147 0.8571
vn 0.8890 -0.1641 0.4275
vn 0.8940 0.1261 -0.4299
vn 0.3324 0.1458 -0.9318
vn 0.2621 0.0273 0.9647
vn 0.8345 -0.1609 0.5270
vn 0.7727 -0.4060 -0.4880
vn 0.2316 -0.4686 -0.8525
vn -0.3058 -0.4147 -0.8571
vn -0.8890 -0.1641 -0.4275
vn -0.8940 0.1261 0.4299
vn -0.3324 0.1458 0.9318
vn -0.2621 0.0273 0.9647
vn -0.8345 -0.1609 0.5270
vn -0.7727 -0.4060 -0.4880
vn -0.2316 -0.4686 -0.8525
vn 0.2395 -0.4068 -0.8816
vn 0.8336 -0.1672 -0.5264
vn 0.8403 0.1109 0.5306
vn 0.2606 0.1118 0.9590
vn 0.3358 0.0382 -0.9412
vn 0.8891 -0.1634 -0.4276
vn 0.8190 -0.4172 0.3939
vn 0.2926 -0.4918 0.8201
vn -0.3058 -0.4147 0.8571
vn -0.8890 -0.1641 0.4275
vn -0.8940 0.1261 -0.4299
vn -0.3324 0.1458 -0.9318
vn -0.3358 0.0382 -0.9412
vn -0.8891 -0.1634 -0.4276
vn -0.8190 -0.4172 0.3939
vn -0.2926 -0.4918 0.8201
vn 0.2395 -0.4068 0.8816
vn 0.8336 -0.1672 0.5264
vn 0.8403 0.1109 -0.5306
vn 0.2606 0.1118 -0.9590
vn 0.3358 0.0382 0.9412
vn 0.8891 -0.1634 0.4276
vn 0.8190 -0.4172 -0.3939
vn 0.2926 -0.4918 -0.8201
vn -0.2395 -0.4068 -0.8816
vn -0.8336 -0.1672 -0.5264
vn -0.8403 0.1109 0.5306
vn -0.2606 0.1118 0.9590
vn -0.3358 0.0382 0.9412
vn -0.8891 -0.1634 0.4276
vn -0.8190 -0.4172 -0.3939
vn -0.2926 -0.4918 -0.8201
vn 0.3058 -0.4147 -0.8571
vn 0.8890 -0.1641 -0.4275
vn 0.8940 0.1261 0.4299
vn 0.3324 0.1458 0.9318
vt 1.000000 1.000000
vt 0.875000 0.500000
vt 1.000000 0.500000
vt 0.875000 1.000000
vt 0.750000 0.500000
vt 0.750000 1.000000
vt 0.625000 0.500000
vt 0.625000 1.000000
vt 0.500000 0.500000
vt 0.375000 1.000000
vt 0.375000 0.500000
vt 0.250000 1.000000
vt 0.250000 0.500000
vt 0.010000 0.250000
vt 0.250000 0.010000
vt 0.490000 0.250000
vt 0.125000 1.000000
vt 0.125000 0.500000
vt 0.000000 1.000000
vt 0.000000 0.500000
vt 0.919706 0.080294
vt 0.580294 0.080294
vt 0.580294 0.419706
vt 0.500000 1.000000
vt 0.250000 0.490000
vt 0.919706 0.419706
vt 0.419706 0.419706
vt 0.080294 0.419706
vt 0.080294 0.080294
vt 0.419706 0.080294
vt 0.750000 0.490000
vt 0.990000 0.250000
vt 0.750000 0.010000
vt 0.510000 0.250000
s 0
f 644/466/547 645/467/547 643/468/547
f 646/469/548 647/470/548 645/467/548
f 648/471/549 649/472/549 647/470/549
f 650/473/550 651/474/550 649/472/550
f 651/474/551 654/475/551 653/476/551
f 653/476/552 656/477/552 655/478/552
f 656/479/553 652/480/553 648/481/553
f 655/478/554 658/482/554 657/483/554
f 657/483/555 644/484/555 643/485/555
f 649/486/556 653/487/556 657/488/556
f 661/467/557 660/466/557 659/468/557
f 663/470/558 662/469/558 661/467/558
f 665/472/559 664/471/559 663/470/559
f 667/474/560 666/473/560 665/472/560
f 667/474/561 670/475/561 668/489/561
f 669/476/562 672/477/562 670/475/562
f 668/480/553 672/479/553 660/490/553
f 671/478/563 674/482/563 672/477/563
f 673/483/564 660/484/564 674/482/564
f 669/487/556 665/486/556 661/491/556
f 677/467/565 676/466/565 675/468/565
f 679/470/566 678/469/566 677/467/566
f 681/472/567 680/471/567 679/470/567
f 683/474/568 682/473/568 681/472/568
f 683/474/569 686/475/569 684/489/569
f 685/476/570 688/477/570 686/475/570
f 684/480/553 688/479/553 676/490/553
f 687/478/571 690/482/571 688/477/571
f 689/483/572 676/484/572 690/482/572
f 685/487/556 681/486/556 677/491/556
f 692/466/573 693/467/573 691/468/573
f 694/469/574 695/470/574 693/467/574
f 696/471/575 697/472/575 695/470/575
f 698/473/576 699/474/576 697/472/576
f 699/474/577 702/475/577 701/476/577
f 701/476/578 704/477/578 703/478/578
f 704/479/553 700/480/553 696/481/553
f 703/478/579 706/482/579 705/483/579
f 705/483/580 692/484/580 691/485/580
f 697/486/556 701/487/556 705/488/556
f 644/466/581 646/469/581 645/467/581
f 646/469/582 648/471/582 647/470/582
f 648/471/583 650/473/583 649/472/583
f 650/473/584 652/489/584 651/474/584
f 651/474/585 652/489/585 654/475/585
f 653/476/586 654/475/586 656/477/586
f 648/481/553 646/492/553 644/490/553
f 644/490/553 658/493/553 656/479/553
f 656/479/553 654/494/553 652/480/553
f 652/480/553 650/495/553 648/481/553
f 648/481/553 644/490/553 656/479/553
f 655/478/587 656/477/587 658/482/587
f 657/483/588 658/482/588 644/484/588
f 657/488/556 643/496/556 645/491/556
f 645/491/556 647/497/556 649/486/556
f 649/486/556 651/498/556 653/487/556
f 653/487/556 655/499/556 657/488/556
f 657/488/556 645/491/556 649/486/556
f 661/467/589 662/469/589 660/466/589
f 663/470/590 664/471/590 662/469/590
f 665/472/591 666/473/591 664/471/591
f 667/474/592 668/489/592 666/473/592
f 667/474/593 669/476/593 670/475/593
f 669/476/594 671/478/594 672/477/594
f 660/490/553 662/492/553 664/481/553
f 664/481/553 666/495/553 668/480/553
f 668/480/553 670/494/553 672/479/553
f 672/479/553 674/493/553 660/490/553
f 660/490/553 664/481/553 668/480/553
f 671/478/595 673/483/595 674/482/595
f 673/483/596 659/485/596 660/484/596
f 661/491/556 659/496/556 673/488/556
f 673/488/556 671/499/556 669/487/556
f 669/487/556 667/498/556 665/486/556
f 665/486/556 663/497/556 661/491/556
f 661/491/556 673/488/556 669/487/556
f 677/467/597 678/469/597 676/466/597
f 679/470/598 680/471/598 678/469/598
f 681/472/599 682/473/599 680/471/599
f 683/474/600 684/489/600 682/473/600
f 683/474/601 685/476/601 686/475/601
f 685/476/602 687/478/602 688/477/602
f 676/490/553 678/492/553 680/481/553
f 680/481/553 682/495/553 684/480/553
f 684/480/553 686/494/553 688/479/553
f 688/479/553 690/493/553 676/490/553
f 676/490/553 680/481/553 684/480/553
f 687/478/603 689/483/603 690/482/603
f 689/483/604 675/485/604 676/484/604
f 677/491/556 675/496/556 689/488/556
f 689/488/556 687/499/556 685/487/556
f 685/487/556 683/498/556 681/486/556
f 681/486/556 679/497/556 677/491/556
f 677/491/556 689/488/556 685/487/556
f 692/466/605 694/469/605 693/467/605
f 694/469/606 696/471/606 695/470/606
f 696/471/607 698/473/607 697/472/607
f 698/473/608 700/489/608 699/474/608
f 699/474/609 700/489/609 702/475/609
f 701/476/610 702/475/610 704/477/610
f 696/481/553 694/492/553 692/490/553
f 692/490/553 706/493/553 704/479/553
f 704/479/553 702/494/553 700/480/553
f 700/480/553 698/495/553 696/481/553
f 696/481/553 692/490/553 704/479/553
f 703/478/611 704/477/611 706/482/611
f 705/483/612 706/482/612 692/484/612
f 705/488/556 691/496/556 693/491/556
f 693/491/556 695/497/556 697/486/556
f 697/486/556 699/498/556 701/487/556
f 701/487/556 703/499/556 705/488/556
f 705/488/556 693/491/556 697/486/556
o CouchPillow.001
v -0.096837 0.825608 -0.115548
v -0.083628 0.792700 -0.160666
v -0.118779 0.418146 0.050820
v -0.118306 0.384991 0.004671
v -0.558213 0.833638 -0.147964
v -0.557153 0.798964 -0.192232
v -0.601831 0.429688 0.020350
v -0.580855 0.401652 -0.028599
v -0.570879 0.768945 -0.185696
v -0.571940 0.666741 -0.149313
v -0.571755 0.612249 -0.131542
v -0.574636 0.508181 -0.090281
v -0.588175 0.419802 -0.042593
v -0.171670 0.789235 -0.178684
v -0.291406 0.781943 -0.187629
v -0.411118 0.794228 -0.189665
v -0.523454 0.803719 -0.197838
v -0.086663 0.808700 -0.143029
v -0.586936 0.417660 -0.006185
v -0.108670 0.390368 0.030811
v -0.563861 0.820213 -0.175055
v -0.211041 0.429423 0.055080
v -0.330733 0.443062 0.049783
v -0.451088 0.442858 0.041931
v -0.568253 0.427872 0.029852
v -0.092915 0.803564 -0.100105
v -0.102732 0.713127 -0.055232
v -0.105135 0.662294 -0.032913
v -0.114183 0.558998 0.009708
v -0.113713 0.452894 0.043784
v -0.556627 0.388420 -0.027175
v -0.442736 0.385566 -0.030415
v -0.322385 0.381707 -0.023105
v -0.204349 0.376961 -0.009710
v -0.608403 0.462121 0.011094
v -0.588079 0.567305 -0.023316
v -0.579328 0.671968 -0.064035
v -0.574636 0.721705 -0.087002
v -0.568200 0.812374 -0.134826
v -0.526714 0.839724 -0.144259
v -0.418341 0.842322 -0.132254
v -0.298735 0.845465 -0.123116
v -0.178772 0.843332 -0.116747
v -0.107928 0.408201 -0.009495
v -0.108015 0.500320 -0.056765
v -0.098352 0.602359 -0.100378
v -0.092901 0.655907 -0.118705
v -0.072527 0.761062 -0.151127
v -0.520485 0.834954 -0.179004
v -0.411154 0.830356 -0.171203
v -0.294231 0.829146 -0.164301
v -0.177286 0.832028 -0.158472
v -0.071594 0.772634 -0.127299
v -0.077155 0.678421 -0.088667
v -0.081543 0.628300 -0.068066
v -0.087119 0.527918 -0.026223
v -0.090247 0.429036 0.015438
v -0.536463 0.764242 -0.202637
v -0.540139 0.650623 -0.168964
v -0.545124 0.595862 -0.148797
v -0.554989 0.491497 -0.103167
v -0.552596 0.410694 -0.050001
v -0.414321 0.745660 -0.199177
v -0.423438 0.628490 -0.190903
v -0.427785 0.569236 -0.171479
v -0.436686 0.460773 -0.120617
v -0.442150 0.392098 -0.053409
v -0.290743 0.736180 -0.192360
v -0.292175 0.622611 -0.186457
v -0.295853 0.562536 -0.167742
v -0.305545 0.453882 -0.116232
v -0.317938 0.390302 -0.048583
v -0.168252 0.743749 -0.180072
v -0.166723 0.629966 -0.163969
v -0.170892 0.572647 -0.143715
v -0.181284 0.466677 -0.094098
v -0.197341 0.393897 -0.034981
v -0.601783 0.452343 -0.021835
v -0.603634 0.541436 -0.059990
v -0.596861 0.639998 -0.101294
v -0.595306 0.690147 -0.122328
v -0.586729 0.785434 -0.161763
v -0.211995 0.380101 0.028948
v -0.328712 0.387128 0.019350
v -0.445699 0.388876 0.012718
v -0.551294 0.398476 0.003724
v -0.177625 0.835920 -0.089992
v -0.182203 0.751718 -0.026375
v -0.187061 0.698772 -0.001030
v -0.195033 0.586440 0.042276
v -0.206472 0.464441 0.065099
v -0.302303 0.840080 -0.092582
v -0.311259 0.767874 -0.022321
v -0.315900 0.715940 0.005613
v -0.324315 0.599138 0.047925
v -0.330864 0.474565 0.059843
v -0.425359 0.837058 -0.102880
v -0.441603 0.767037 -0.034532
v -0.446750 0.714630 -0.007391
v -0.454648 0.599056 0.035596
v -0.453961 0.475803 0.050709
v -0.536669 0.823063 -0.126212
v -0.550031 0.739975 -0.067793
v -0.558437 0.689513 -0.043137
v -0.567188 0.582611 -0.000466
v -0.572588 0.469268 0.029833
vn -0.2815 0.0917 0.9552
vn -0.5947 -0.3290 0.7336
vn -0.1744 -0.2725 0.9462
vn 0.2623 -0.1345 0.9556
vn -0.0312 -0.7543 0.6557
vn 0.5276 -0.6082 0.5931
vn -0.8759 0.0662 0.4780
vn -0.7572 -0.6464 0.0934
vn 0.4517 0.2270 -0.8628
vn 0.1823 -0.0409 -0.9824
vn 0.1184 0.2102 -0.9705
vn 0.5913 0.7835 0.1911
vn 0.9838 0.1433 0.1076
vn 0.6575 0.6805 -0.3236
vn 0.5824 -0.4892 -0.6492
vn 0.0905 -0.9515 -0.2939
vn 0.2258 -0.7022 -0.6752
vn 0.0682 0.3140 -0.9470
vn -0.0787 0.7380 -0.6702
vn 0.0585 0.7058 -0.7059
vn -0.0426 0.9984 -0.0371
vn 0.0332 0.6762 -0.7360
vn 0.4575 0.1139 0.8819
vn 0.9669 -0.1561 0.2020
vn 0.0642 0.2456 -0.9672
vn 0.1265 0.6959 -0.7069
vn -0.0047 0.9959 -0.0898
vn -0.1475 0.9376 0.3149
vn 0.1295 0.9913 -0.0218
vn 0.7236 -0.0861 -0.6848
vn -0.2160 -0.5935 -0.7753
vn -0.0613 -0.9872 -0.1473
vn -0.2603 -0.9403 -0.2195
vn 0.6267 0.2478 0.7388
vn 0.9981 -0.0316 0.0525
vn 0.9932 -0.0251 0.1135
vn 0.7522 -0.3074 -0.5828
vn 0.7633 -0.2846 -0.5799
vn 0.4669 -0.8105 -0.3537
vn -0.6708 -0.7186 -0.1836
vn -0.9804 -0.1679 -0.1027
vn -0.6296 -0.4634 -0.6236
vn 0.6979 -0.3765 -0.6092
vn 0.6471 0.3164 0.6937
vn 0.9952 -0.0361 0.0913
vn 0.5726 0.4071 0.7116
vn 0.6634 0.2601 0.7016
vn -0.9469 0.1938 -0.2564
vn -0.5250 0.8034 0.2811
vn -0.5796 0.5786 -0.5738
vn -0.3455 -0.2477 -0.9051
vn -0.6345 -0.0544 -0.7710
vn -0.1564 -0.0593 -0.9859
vn 0.0140 0.0172 -0.9998
vn -0.0433 0.2983 -0.9535
vn -0.4031 0.2730 -0.8735
vn -0.4425 -0.4294 -0.7873
vn -0.7281 -0.2248 -0.6476
vn -0.4173 -0.3134 -0.8530
vn -0.7136 -0.2131 -0.6673
vn -0.7336 -0.2750 -0.6214
vn -0.1288 -0.5252 -0.8412
vn -0.1136 -0.3533 -0.9286
vn -0.0944 -0.8152 -0.5714
vn 0.0742 0.0187 -0.9971
vn -0.0843 -0.1704 -0.9818
vn 0.0602 -0.8317 -0.5520
vn 0.0998 -0.3639 -0.9261
vn 0.0892 -0.1785 -0.9799
vn 0.1007 -0.5583 -0.8235
vn -0.0060 -0.9898 -0.1423
vn 0.3724 -0.3768 -0.8481
vn 0.3184 -0.2470 -0.9152
vn 0.3651 -0.5298 -0.7655
vn -0.9863 -0.0216 -0.1633
vn -0.9895 -0.0072 -0.1443
vn -0.8210 0.3333 0.4635
vn -0.9910 0.0128 -0.1330
vn -0.8650 0.2707 0.4225
vn -0.8928 0.2320 0.3861
vn -0.2507 -0.8621 0.4404
vn -0.6459 0.5049 0.5726
vn -0.0758 -0.3784 0.9225
vn 0.0045 -0.3329 0.9429
vn 0.1755 0.7146 0.6772
vn -0.0648 -0.7773 0.6258
vn -0.0709 -0.7582 0.6481
vn -0.0800 -0.3417 0.9364
vn -0.0504 -0.0719 0.9961
vn 0.0752 -0.0407 0.9963
vn -0.0140 0.8417 0.5398
vn -0.1603 0.8387 0.5204
vn -0.3088 0.6672 0.6778
vn 0.2632 0.3673 0.8921
vn 0.2719 0.4834 0.8321
vn 0.1958 0.2454 0.9494
vn 0.0018 0.4045 0.9146
vn 0.0109 0.5654 0.8248
vn -0.0111 0.2094 0.9778
vn -0.2187 0.5710 0.7913
vn -0.1197 -0.0641 0.9907
vn -0.1805 0.2415 0.9535
vn -0.2147 0.4096 0.8866
vn -0.5316 0.5069 0.6785
vn -0.5163 0.3175 0.7954
vn -0.5626 0.3886 0.7297
vt 0.847222 0.722222
vt 0.875000 0.750000
vt 0.847222 0.750000
vt 0.625000 0.750000
vt 0.486111 0.805556
vt 0.486111 0.750000
vt 0.625000 0.027778
vt 0.486111 0.000000
vt 0.625000 0.000000
vt 0.375000 0.500000
vt 0.319444 0.527778
vt 0.319444 0.500000
vt 0.625000 0.500000
vt 0.486111 0.527778
vt 0.486111 0.500000
vt 0.375000 0.722222
vt 0.319444 0.750000
vt 0.319444 0.722222
vt 0.375000 0.333333
vt 0.486111 0.277778
vt 0.486111 0.333333
vt 0.625000 0.333333
vt 0.486111 0.388889
vt 0.625000 0.722222
vt 0.486111 0.722222
vt 0.375000 0.388889
vt 0.375000 0.444444
vt 0.486111 0.444444
vt 0.625000 0.388889
vt 0.625000 0.277778
vt 0.625000 0.444444
vt 0.375000 0.527778
vt 0.152778 0.722222
vt 0.208333 0.750000
vt 0.152778 0.750000
vt 0.625000 0.666667
vt 0.486111 0.666667
vt 0.486111 0.583333
vt 0.375000 0.611111
vt 0.375000 0.583333
vt 0.375000 0.750000
vt 0.375000 0.000000
vt 0.486111 0.027778
vt 0.375000 0.027778
vt 0.375000 0.666667
vt 0.625000 0.583333
vt 0.486111 0.611111
vt 0.625000 0.527778
vt 0.625000 0.611111
vt 0.486111 0.222222
vt 0.625000 0.250000
vt 0.486111 0.250000
vt 0.152778 0.583333
vt 0.125000 0.527778
vt 0.152778 0.527778
vt 0.125000 0.750000
vt 0.125000 0.722222
vt 0.208333 0.527778
vt 0.152778 0.500000
vt 0.208333 0.500000
vt 0.263889 0.500000
vt 0.125000 0.500000
vt 0.152778 0.666667
vt 0.125000 0.611111
vt 0.152778 0.611111
vt 0.125000 0.583333
vt 0.125000 0.666667
vt 0.208333 0.666667
vt 0.208333 0.611111
vt 0.208333 0.722222
vt 0.263889 0.527778
vt 0.208333 0.583333
vt 0.263889 0.722222
vt 0.263889 0.611111
vt 0.263889 0.583333
vt 0.263889 0.666667
vt 0.263889 0.750000
vt 0.319444 0.611111
vt 0.319444 0.583333
vt 0.319444 0.666667
vt 0.486111 0.083333
vt 0.486111 0.138889
vt 0.375000 0.083333
vt 0.625000 0.166667
vt 0.486111 0.166667
vt 0.375000 0.138889
vt 0.375000 0.166667
vt 0.375000 0.222222
vt 0.375000 0.250000
vt 0.625000 0.138889
vt 0.625000 0.083333
vt 0.486111 0.972222
vt 0.625000 1.000000
vt 0.486111 1.000000
vt 0.625000 0.222222
vt 0.625000 0.861111
vt 0.625000 0.805556
vt 0.680556 0.527778
vt 0.375000 0.972222
vt 0.375000 1.000000
vt 0.375000 0.861111
vt 0.486111 0.916667
vt 0.375000 0.916667
vt 0.375000 0.805556
vt 0.486111 0.861111
vt 0.625000 0.972222
vt 0.625000 0.916667
vt 0.680556 0.750000
vt 0.736111 0.722222
vt 0.680556 0.722222
vt 0.736111 0.527778
vt 0.680556 0.500000
vt 0.736111 0.500000
vt 0.791667 0.527778
vt 0.791667 0.500000
vt 0.847222 0.527778
vt 0.847222 0.500000
vt 0.680556 0.611111
vt 0.680556 0.583333
vt 0.680556 0.666667
vt 0.736111 0.611111
vt 0.736111 0.583333
vt 0.736111 0.666667
vt 0.791667 0.583333
vt 0.791667 0.722222
vt 0.736111 0.750000
vt 0.791667 0.666667
vt 0.791667 0.611111
vt 0.847222 0.583333
vt 0.791667 0.750000
vt 0.847222 0.666667
vt 0.847222 0.611111
vt 0.875000 0.583333
vt 0.875000 0.527778
vt 0.875000 0.666667
vt 0.875000 0.611111
vt 0.875000 0.722222
vt 0.375000 0.277778
vt 0.875000 0.500000
s 1
usemtl Material.002
f 812/500/613 713/501/614 731/502/615
f 709/503/616 789/504/617 726/505/618
f 741/506/619 725/507/620 713/508/614
f 708/509/621 779/510/622 720/511/623
f 707/512/624 759/513/625 724/514/626
f 750/515/627 740/516/628 783/517/629
f 722/518/630 755/519/631 756/520/632
f 747/521/633 757/522/634 756/520/632
f 736/523/635 726/505/618 763/524/636
f 721/525/637 756/520/632 757/522/634
f 720/526/623 757/522/634 758/527/638
f 748/528/639 758/527/638 757/522/634
f 746/529/640 756/520/632 755/519/631
f 749/530/641 724/514/626 758/527/638
f 724/514/626 754/531/642 708/509/621
f 768/532/643 738/533/644 737/534/645
f 735/535/646 763/524/636 762/536/647
f 760/537/648 752/538/649 753/539/650
f 763/524/636 710/540/651 750/515/627
f 714/541/652 784/542/653 719/543/654
f 762/536/647 750/515/627 751/544/655
f 733/545/656 761/546/657 760/537/648
f 732/547/658 760/537/648 759/513/625
f 734/548/659 762/536/647 761/546/657
f 788/549/660 711/550/661 727/551/662
f 711/550/661 755/519/631 727/551/662
f 765/552/663 715/553/664 764/554/665
f 768/532/643 714/555/652 719/556/654
f 769/557/666 723/558/667 722/559/630
f 721/560/637 769/557/666 722/559/630
f 779/510/622 721/560/637 720/511/623
f 712/561/668 764/554/665 715/553/664
f 767/562/669 717/563/670 766/564/671
f 716/565/672 766/564/671 717/563/670
f 768/532/643 718/566/673 767/562/669
f 769/557/666 765/552/663 764/554/665
f 772/567/674 766/564/671 771/568/675
f 765/552/663 771/568/675 766/564/671
f 773/569/676 767/562/669 772/567/674
f 774/570/677 770/571/678 769/557/666
f 778/572/679 738/533/644 773/569/676
f 776/573/680 772/567/674 771/568/675
f 775/574/681 771/568/675 770/571/678
f 777/575/682 773/569/676 772/567/674
f 779/510/622 775/574/681 774/570/677
f 783/517/629 739/576/683 778/572/679
f 781/577/684 777/575/682 776/573/680
f 780/578/685 776/573/680 775/574/681
f 782/579/686 778/572/679 777/575/682
f 780/578/685 754/531/642 753/539/650
f 782/579/686 752/538/649 751/544/655
f 753/539/650 781/577/684 780/578/685
f 783/517/629 751/544/655 750/515/627
f 785/580/687 719/543/654 784/542/653
f 789/504/617 710/540/651 726/505/618
f 786/581/688 718/582/673 785/580/687
f 786/581/688 744/583/689 787/584/690
f 717/585/670 787/584/690 716/586/672
f 715/587/664 727/551/662 712/588/668
f 788/549/660 716/586/672 787/584/690
f 743/589/691 785/580/687 742/590/692
f 742/590/692 784/542/653 741/506/619
f 792/591/693 713/592/614 725/593/620
f 745/594/694 787/584/690 744/583/689
f 729/595/695 789/504/617 728/596/696
f 793/597/697 733/545/656 732/547/658
f 737/598/645 725/593/620 714/599/652
f 739/600/683 791/601/698 738/602/644
f 740/603/628 790/604/699 739/600/683
f 738/602/644 792/591/693 737/598/645
f 731/605/615 791/601/698 730/606/700
f 730/606/700 790/604/699 729/595/695
f 758/527/638 708/509/621 720/526/623
f 736/523/635 728/607/696 709/503/616
f 802/608/701 728/607/696 797/609/702
f 707/512/624 793/597/697 732/547/658
f 798/610/703 749/611/641 748/612/639
f 803/613/704 748/612/639 747/614/633
f 808/615/705 747/614/633 746/616/640
f 795/617/706 735/535/646 734/548/659
f 794/618/707 734/548/659 733/545/656
f 796/619/708 736/523/635 735/535/646
f 798/610/703 794/618/707 793/597/697
f 800/620/709 796/619/708 795/617/706
f 799/621/710 795/617/706 794/618/707
f 802/608/701 796/619/708 801/622/711
f 804/623/712 798/610/703 803/613/704
f 807/624/713 729/625/695 802/608/701
f 806/626/714 800/620/709 805/627/715
f 799/621/710 805/627/715 800/620/709
f 807/624/713 801/622/711 806/626/714
f 809/628/716 803/613/704 808/615/705
f 812/500/613 730/629/700 807/624/713
f 811/630/717 805/627/715 810/631/718
f 804/623/712 810/631/718 805/627/715
f 812/500/613 806/626/714 811/630/717
f 744/632/689 808/615/705 745/633/694
f 746/616/640 745/633/694 808/615/705
f 742/634/692 810/631/718 743/635/691
f 809/628/716 743/635/691 810/631/718
f 741/636/619 811/630/717 742/634/692
f 759/513/625 753/539/650 754/531/642
f 712/588/668 755/519/631 723/637/667
f 761/546/657 751/544/655 752/538/649
f 812/500/613 741/636/619 713/501/614
f 709/503/616 728/596/696 789/504/617
f 741/506/619 784/542/653 725/507/620
f 708/509/621 754/531/642 779/510/622
f 707/512/624 732/547/658 759/513/625
f 750/515/627 710/540/651 740/516/628
f 722/518/630 723/637/667 755/519/631
f 747/521/633 748/528/639 757/522/634
f 736/523/635 709/503/616 726/505/618
f 721/525/637 722/518/630 756/520/632
f 720/526/623 721/525/637 757/522/634
f 748/528/639 749/530/641 758/527/638
f 746/529/640 747/521/633 756/520/632
f 749/530/641 707/512/624 724/514/626
f 724/514/626 759/513/625 754/531/642
f 768/532/643 773/569/676 738/533/644
f 735/535/646 736/523/635 763/524/636
f 760/537/648 761/546/657 752/538/649
f 763/524/636 726/505/618 710/540/651
f 714/541/652 725/507/620 784/542/653
f 762/536/647 763/524/636 750/515/627
f 733/545/656 734/548/659 761/546/657
f 732/547/658 733/545/656 760/537/648
f 734/548/659 735/535/646 762/536/647
f 788/549/660 745/594/694 711/550/661
f 711/550/661 746/529/640 755/519/631
f 765/552/663 716/565/672 715/553/664
f 768/532/643 737/534/645 714/555/652
f 769/557/666 764/554/665 723/558/667
f 721/560/637 774/570/677 769/557/666
f 779/510/622 774/570/677 721/560/637
f 712/561/668 723/558/667 764/554/665
f 767/562/669 718/566/673 717/563/670
f 716/565/672 765/552/663 766/564/671
f 768/532/643 719/556/654 718/566/673
f 769/557/666 770/571/678 765/552/663
f 772/567/674 767/562/669 766/564/671
f 765/552/663 770/571/678 771/568/675
f 773/569/676 768/532/643 767/562/669
f 774/570/677 775/574/681 770/571/678
f 778/572/679 739/576/683 738/533/644
f 776/573/680 777/575/682 772/567/674
f 775/574/681 776/573/680 771/568/675
f 777/575/682 778/572/679 773/569/676
f 779/510/622 780/578/685 775/574/681
f 783/517/629 740/516/628 739/576/683
f 781/577/684 782/579/686 777/575/682
f 780/578/685 781/577/684 776/573/680
f 782/579/686 783/517/629 778/572/679
f 780/578/685 779/510/622 754/531/642
f 782/579/686 781/577/684 752/538/649
f 753/539/650 752/538/649 781/577/684
f 783/517/629 782/579/686 751/544/655
f 785/580/687 718/582/673 719/543/654
f 789/504/617 740/603/628 710/540/651
f 786/581/688 717/585/670 718/582/673
f 786/581/688 743/589/691 744/583/689
f 717/585/670 786/581/688 787/584/690
f 715/587/664 788/549/660 727/551/662
f 788/549/660 715/587/664 716/586/672
f 743/589/691 786/581/688 785/580/687
f 742/590/692 785/580/687 784/542/653
f 792/591/693 731/605/615 713/592/614
f 745/594/694 788/549/660 787/584/690
f 729/595/695 790/604/699 789/504/617
f 793/597/697 794/618/707 733/545/656
f 737/598/645 792/591/693 725/593/620
f 739/600/683 790/604/699 791/601/698
f 740/603/628 789/504/617 790/604/699
f 738/602/644 791/601/698 792/591/693
f 731/605/615 792/591/693 791/601/698
f 730/606/700 791/601/698 790/604/699
f 758/527/638 724/514/626 708/509/621
f 736/523/635 797/609/702 728/607/696
f 802/608/701 729/625/695 728/607/696
f 707/512/624 749/611/641 793/597/697
f 798/610/703 793/597/697 749/611/641
f 803/613/704 798/610/703 748/612/639
f 808/615/705 803/613/704 747/614/633
f 795/617/706 796/619/708 735/535/646
f 794/618/707 795/617/706 734/548/659
f 796/619/708 797/609/702 736/523/635
f 798/610/703 799/621/710 794/618/707
f 800/620/709 801/622/711 796/619/708
f 799/621/710 800/620/709 795/617/706
f 802/608/701 797/609/702 796/619/708
f 804/623/712 799/621/710 798/610/703
f 807/624/713 730/629/700 729/625/695
f 806/626/714 801/622/711 800/620/709
f 799/621/710 804/623/712 805/627/715
f 807/624/713 802/608/701 801/622/711
f 809/628/716 804/623/712 803/613/704
f 812/500/613 731/502/615 730/629/700
f 811/630/717 806/626/714 805/627/715
f 804/623/712 809/628/716 810/631/718
f 812/500/613 807/624/713 806/626/714
f 744/632/689 809/628/716 808/615/705
f 746/616/640 711/638/661 745/633/694
f 742/634/692 811/630/717 810/631/718
f 809/628/716 744/632/689 743/635/691
f 741/636/619 812/500/613 811/630/717
f 759/513/625 760/537/648 753/539/650
f 712/588/668 727/551/662 755/519/631
f 761/546/657 762/536/647 751/544/655
o CouchPillow.002
v 0.553703 0.900070 -0.160912
v 0.558206 0.866178 -0.206494
v 0.615906 0.501482 0.010752
v 0.607700 0.466088 -0.034246
v 0.092885 0.862774 -0.135135
v 0.085891 0.826024 -0.178337
v 0.134025 0.465737 0.041109
v 0.144652 0.437222 -0.009275
v 0.077138 0.795211 -0.169799
v 0.095702 0.695367 -0.132553
v 0.105913 0.642119 -0.114389
v 0.124146 0.540509 -0.072096
v 0.132053 0.453843 -0.022356
v 0.467699 0.853461 -0.213142
v 0.348903 0.834425 -0.206853
v 0.229973 0.835236 -0.194031
v 0.116951 0.833638 -0.188129
v 0.558218 0.882748 -0.188983
v 0.142920 0.453765 0.013314
v 0.623376 0.473737 -0.009822
v 0.081667 0.847444 -0.160888
v 0.525579 0.504217 0.026341
v 0.405689 0.506203 0.035937
v 0.285865 0.494220 0.043286
v 0.169538 0.467606 0.046272
v 0.563740 0.879331 -0.145930
v 0.574765 0.790819 -0.099396
v 0.583258 0.741208 -0.076484
v 0.595730 0.639857 -0.032092
v 0.615583 0.536156 0.002744
v 0.170054 0.426421 -0.010734
v 0.280979 0.434162 -0.028139
v 0.401063 0.442075 -0.035967
v 0.520547 0.449210 -0.037510
v 0.121965 0.496890 0.032407
v 0.122471 0.601622 -0.005350
v 0.110065 0.704406 -0.047852
v 0.103754 0.753109 -0.071673
v 0.088631 0.841375 -0.120689
v 0.124072 0.872000 -0.135515
v 0.233007 0.885455 -0.137312
v 0.352139 0.900360 -0.143340
v 0.471427 0.909903 -0.152067
v 0.611875 0.489404 -0.049777
v 0.590367 0.578527 -0.097451
v 0.578364 0.678633 -0.142879
v 0.573620 0.731446 -0.162283
v 0.574694 0.836259 -0.198090
v 0.121634 0.865994 -0.170393
v 0.231132 0.872157 -0.176348
v 0.347491 0.882360 -0.184183
v 0.463187 0.896578 -0.193129
v 0.580635 0.849127 -0.174930
v 0.594582 0.756928 -0.135015
v 0.600616 0.707747 -0.113554
v 0.615996 0.609580 -0.070400
v 0.633575 0.513127 -0.027750
v 0.106900 0.792880 -0.190701
v 0.123338 0.681289 -0.155644
v 0.129136 0.627412 -0.134474
v 0.141696 0.525080 -0.087006
v 0.165864 0.447746 -0.033973
v 0.229204 0.786109 -0.202345
v 0.234082 0.669121 -0.191533
v 0.240759 0.610795 -0.171113
v 0.256026 0.504755 -0.118569
v 0.274940 0.439493 -0.050905
v 0.352878 0.788708 -0.210988
v 0.364306 0.675902 -0.203515
v 0.371535 0.616784 -0.183866
v 0.386215 0.510514 -0.130583
v 0.397953 0.449690 -0.061686
v 0.475210 0.808457 -0.214339
v 0.492203 0.696260 -0.197205
v 0.499077 0.639920 -0.176018
v 0.512314 0.536153 -0.124544
v 0.519168 0.465376 -0.063456
v 0.120878 0.486036 -0.000670
v 0.100309 0.572467 -0.039120
v 0.086422 0.668964 -0.081871
v 0.077500 0.717883 -0.103404
v 0.066189 0.811392 -0.144500
v 0.522775 0.453668 0.001415
v 0.405340 0.449129 0.006496
v 0.288934 0.439470 0.014597
v 0.182286 0.438572 0.018846
v 0.480226 0.904061 -0.125808
v 0.500619 0.823244 -0.061582
v 0.507704 0.771460 -0.035360
v 0.522307 0.661256 0.009689
v 0.529166 0.540019 0.035161
v 0.357100 0.896291 -0.112802
v 0.373738 0.827347 -0.041653
v 0.381606 0.776728 -0.012926
v 0.395963 0.661983 0.031260
v 0.405036 0.538068 0.045432
v 0.234279 0.881118 -0.107483
v 0.243069 0.813560 -0.037332
v 0.250283 0.762379 -0.009315
v 0.265198 0.648941 0.035454
v 0.282051 0.527191 0.051843
v 0.120666 0.855445 -0.116306
v 0.131002 0.774630 -0.056107
v 0.134188 0.724946 -0.030151
v 0.147323 0.620037 0.014301
v 0.161171 0.508379 0.046253
vn -0.1673 0.0869 0.9821
vn -0.4209 -0.3199 0.8488
vn -0.0169 -0.2642 0.9643
vn 0.4497 -0.1575 0.8792
vn 0.1233 -0.7274 0.6750
vn 0.6773 -0.5786 0.4545
vn -0.7320 0.0074 0.6813
vn -0.6490 -0.6989 0.3004
vn 0.3013 0.2228 -0.9271
vn 0.0563 -0.0600 -0.9966
vn -0.0200 0.1917 -0.9812
vn 0.5068 0.8478 0.1562
vn 0.9577 0.2359 -0.1647
vn 0.5187 0.6816 -0.5161
vn 0.5178 -0.4234 -0.7434
vn 0.1586 -0.9489 -0.2729
vn 0.2100 -0.6740 -0.7082
vn -0.1864 0.2717 -0.9442
vn -0.0922 0.6773 -0.7300
vn -0.0782 0.2900 -0.9538
vn -0.0998 0.9884 -0.1141
vn -0.1381 0.9901 -0.0271
vn 0.6395 0.2226 0.7359
vn 0.9945 -0.0682 -0.0791
vn -0.1171 0.6575 -0.7443
vn -0.0814 0.2239 -0.9712
vn -0.0384 0.6717 -0.7398
vn 0.0478 0.9988 -0.0110
vn -0.2522 0.7240 -0.6421
vn -0.2052 0.9426 0.2635
vn 0.5708 -0.0374 -0.8203
vn -0.2535 -0.6548 -0.7121
vn 0.0238 -0.9931 -0.1145
vn -0.2036 -0.9697 -0.1346
vn 0.7306 0.3465 0.5884
vn 0.9727 0.0553 -0.2255
vn 0.9843 0.0646 -0.1644
vn 0.6531 -0.2355 -0.7197
vn 0.6592 -0.2134 -0.7211
vn 0.4832 -0.7388 -0.4698
vn -0.6112 -0.7887 0.0660
vn -0.9515 -0.2617 0.1617
vn -0.6919 -0.5692 -0.4442
vn 0.6134 -0.3043 -0.7288
vn 0.7339 0.4195 0.5342
vn 0.9817 0.0536 -0.1826
vn 0.6260 0.5538 0.5491
vn 0.7622 0.3608 0.5375
vn -0.9946 0.1029 0.0148
vn -0.5846 0.7711 0.2523
vn -0.7212 0.5590 -0.4092
vn -0.4846 -0.3538 -0.8000
vn -0.7685 -0.1407 -0.6242
vn -0.2903 -0.0698 -0.9544
vn -0.0853 0.0245 -0.9961
vn -0.5552 0.2310 -0.7990
vn -0.5139 -0.5222 -0.6806
vn -0.8215 -0.3287 -0.4660
vn -0.5110 -0.3959 -0.7630
vn -0.8121 -0.3155 -0.4909
vn -0.8149 -0.3823 -0.4356
vn -0.1598 -0.2350 -0.9588
vn -0.1770 -0.5778 -0.7967
vn -0.1931 -0.3989 -0.8964
vn -0.0834 -0.8428 -0.5317
vn 0.0013 -0.1827 -0.9832
vn -0.0367 -0.0053 -0.9993
vn 0.0591 -0.9950 -0.0808
vn 0.0514 -0.5699 -0.8201
vn 0.0238 -0.3770 -0.9259
vn 0.0570 -0.8270 -0.5594
vn 0.2086 -0.2203 -0.9529
vn 0.2914 -0.3471 -0.8914
vn 0.3103 -0.4912 -0.8139
vn -0.9867 -0.1119 0.1179
vn -0.9863 -0.0968 0.1335
vn -0.7376 0.2504 0.6272
vn -0.9859 -0.0756 0.1490
vn -0.7768 0.1878 0.6011
vn -0.8020 0.1486 0.5786
vn -0.0854 -0.7947 0.6009
vn -0.5877 0.4015 0.7024
vn 0.1073 -0.3366 0.9355
vn 0.0820 -0.7339 0.6743
vn 0.2041 0.7966 0.5691
vn 0.0812 -0.7267 0.6821
vn 0.0598 -0.3359 0.9400
vn 0.0838 -0.3588 0.9297
vn 0.1795 -0.0112 0.9837
vn -0.0274 0.8587 0.5118
vn -0.2618 0.6193 0.7402
vn 0.3423 0.4327 0.8340
vn 0.3302 0.5558 0.7630
vn 0.3038 0.3130 0.8999
vn 0.0729 0.4291 0.9003
vn 0.0569 0.5954 0.8014
vn 0.0701 0.2427 0.9676
vn -0.1715 0.8293 0.5319
vn 0.0693 -0.0623 0.9957
vn -0.1427 0.4000 0.9053
vn -0.1746 0.5597 0.8101
vn -0.0834 0.2414 0.9668
vn -0.4693 0.4469 0.7616
vn 0.0089 -0.0457 0.9989
vn -0.4197 0.2721 0.8659
vn -0.4754 0.3335 0.8141
vt 0.847222 0.722222
vt 0.875000 0.750000
vt 0.847222 0.750000
vt 0.625000 0.750000
vt 0.486111 0.805556
vt 0.486111 0.750000
vt 0.625000 0.027778
vt 0.486111 0.000000
vt 0.625000 0.000000
vt 0.375000 0.500000
vt 0.319444 0.527778
vt 0.319444 0.500000
vt 0.625000 0.500000
vt 0.486111 0.527778
vt 0.486111 0.500000
vt 0.375000 0.722222
vt 0.319444 0.750000
vt 0.319444 0.722222
vt 0.375000 0.277778
vt 0.486111 0.333333
vt 0.375000 0.333333
vt 0.625000 0.388889
vt 0.625000 0.333333
vt 0.625000 0.722222
vt 0.486111 0.722222
vt 0.486111 0.388889
vt 0.375000 0.388889
vt 0.486111 0.444444
vt 0.375000 0.444444
vt 0.625000 0.444444
vt 0.486111 0.277778
vt 0.625000 0.277778
vt 0.375000 0.527778
vt 0.152778 0.722222
vt 0.208333 0.750000
vt 0.152778 0.750000
vt 0.625000 0.666667
vt 0.486111 0.666667
vt 0.486111 0.583333
vt 0.375000 0.611111
vt 0.375000 0.583333
vt 0.375000 0.750000
vt 0.375000 0.000000
vt 0.486111 0.027778
vt 0.375000 0.027778
vt 0.375000 0.666667
vt 0.625000 0.583333
vt 0.486111 0.611111
vt 0.625000 0.527778
vt 0.625000 0.611111
vt 0.486111 0.222222
vt 0.625000 0.250000
vt 0.486111 0.250000
vt 0.152778 0.583333
vt 0.125000 0.527778
vt 0.152778 0.527778
vt 0.125000 0.722222
vt 0.125000 0.750000
vt 0.208333 0.527778
vt 0.152778 0.500000
vt 0.208333 0.500000
vt 0.263889 0.500000
vt 0.125000 0.500000
vt 0.152778 0.666667
vt 0.125000 0.611111
vt 0.152778 0.611111
vt 0.125000 0.583333
vt 0.125000 0.666667
vt 0.208333 0.583333
vt 0.208333 0.666667
vt 0.208333 0.611111
vt 0.208333 0.722222
vt 0.263889 0.583333
vt 0.263889 0.527778
vt 0.263889 0.750000
vt 0.263889 0.666667
vt 0.263889 0.611111
vt 0.263889 0.722222
vt 0.319444 0.583333
vt 0.319444 0.611111
vt 0.319444 0.666667
vt 0.486111 0.083333
vt 0.486111 0.138889
vt 0.375000 0.083333
vt 0.625000 0.166667
vt 0.486111 0.166667
vt 0.375000 0.138889
vt 0.375000 0.166667
vt 0.375000 0.222222
vt 0.375000 0.250000
vt 0.625000 0.138889
vt 0.625000 0.083333
vt 0.486111 0.972222
vt 0.625000 1.000000
vt 0.486111 1.000000
vt 0.625000 0.222222
vt 0.625000 0.805556
vt 0.486111 0.861111
vt 0.680556 0.527778
vt 0.375000 0.972222
vt 0.375000 1.000000
vt 0.375000 0.916667
vt 0.486111 0.916667
vt 0.375000 0.861111
vt 0.625000 0.916667
vt 0.625000 0.861111
vt 0.680556 0.722222
vt 0.736111 0.750000
vt 0.680556 0.750000
vt 0.680556 0.500000
vt 0.736111 0.500000
vt 0.791667 0.500000
vt 0.736111 0.527778
vt 0.847222 0.527778
vt 0.847222 0.500000
vt 0.680556 0.611111
vt 0.680556 0.583333
vt 0.680556 0.666667
vt 0.736111 0.611111
vt 0.736111 0.583333
vt 0.736111 0.666667
vt 0.791667 0.527778
vt 0.736111 0.722222
vt 0.791667 0.750000
vt 0.791667 0.611111
vt 0.791667 0.583333
vt 0.791667 0.666667
vt 0.847222 0.583333
vt 0.791667 0.722222
vt 0.847222 0.666667
vt 0.847222 0.611111
vt 0.875000 0.583333
vt 0.875000 0.527778
vt 0.875000 0.500000
vt 0.875000 0.666667
vt 0.875000 0.611111
vt 0.875000 0.722222
vt 0.375000 0.805556
vt 0.625000 0.972222
s 1
usemtl Material.005
f 918/639/719 819/640/720 837/641/721
f 815/642/722 895/643/723 832/644/724
f 847/645/725 831/646/726 819/647/720
f 814/648/727 885/649/728 826/650/729
f 813/651/730 865/652/731 830/653/732
f 856/654/733 846/655/734 889/656/735
f 829/657/736 862/658/737 828/659/738
f 854/660/739 862/658/737 853/661/740
f 842/662/741 832/644/724 869/663/742
f 828/659/738 863/664/743 827/665/744
f 827/665/744 864/666/745 826/667/729
f 855/668/746 863/664/743 854/660/739
f 853/661/740 861/669/747 852/670/748
f 864/666/745 813/651/730 830/653/732
f 830/653/732 860/671/749 814/648/727
f 874/672/750 844/673/751 843/674/752
f 841/675/753 869/663/742 868/676/754
f 866/677/755 858/678/756 859/679/757
f 869/663/742 816/680/758 856/654/733
f 820/681/759 890/682/760 825/683/761
f 868/676/754 856/654/733 857/684/762
f 839/685/763 867/686/764 866/677/755
f 838/687/765 866/677/755 865/652/731
f 840/688/766 868/676/754 867/686/764
f 894/689/767 817/690/768 833/691/769
f 852/670/748 833/691/769 817/690/768
f 871/692/770 821/693/771 870/694/772
f 825/695/761 843/674/752 820/696/759
f 875/697/773 829/698/736 828/699/738
f 827/700/744 875/697/773 828/699/738
f 885/649/728 827/700/744 826/650/729
f 818/701/774 870/694/772 821/693/771
f 873/702/775 823/703/776 872/704/777
f 822/705/778 872/704/777 823/703/776
f 874/672/750 824/706/779 873/702/775
f 876/707/780 870/694/772 875/697/773
f 878/708/781 872/704/777 877/709/782
f 871/692/770 877/709/782 872/704/777
f 879/710/783 873/702/775 878/708/781
f 881/711/784 875/697/773 880/712/785
f 879/710/783 845/713/786 844/673/751
f 883/714/787 877/709/782 882/715/788
f 876/707/780 882/715/788 877/709/782
f 884/716/789 878/708/781 883/714/787
f 886/717/790 880/712/785 885/649/728
f 884/716/789 846/655/734 845/713/786
f 887/718/791 883/714/787 882/715/788
f 886/717/790 882/715/788 881/711/784
f 888/719/792 884/716/789 883/714/787
f 886/717/790 860/671/749 859/679/757
f 888/719/792 858/678/756 857/684/762
f 859/679/757 887/718/791 886/717/790
f 889/656/735 857/684/762 856/654/733
f 891/720/793 825/683/761 890/682/760
f 895/643/723 816/680/758 832/644/724
f 892/721/794 824/722/779 891/720/793
f 892/721/794 850/723/795 893/724/796
f 823/725/776 893/724/796 822/726/778
f 821/727/771 833/691/769 818/728/774
f 894/689/767 822/726/778 893/724/796
f 849/729/797 891/720/793 848/730/798
f 848/730/798 890/682/760 847/645/725
f 898/731/799 819/732/720 831/733/726
f 851/734/800 893/724/796 850/723/795
f 834/735/801 896/736/802 895/643/723
f 899/737/803 839/685/763 838/687/765
f 843/738/752 831/733/726 820/739/759
f 844/740/751 896/736/802 897/741/804
f 845/742/786 895/643/723 896/736/802
f 843/738/752 897/741/804 898/731/799
f 836/743/805 898/731/799 897/741/804
f 835/744/806 897/741/804 896/736/802
f 864/666/745 814/648/727 826/667/729
f 903/745/807 815/642/722 842/662/741
f 903/745/807 835/746/806 834/747/801
f 855/748/746 838/687/765 813/651/730
f 854/749/739 899/737/803 855/748/746
f 853/750/740 904/751/808 854/749/739
f 914/752/809 853/750/740 852/753/748
f 901/754/810 841/675/753 840/688/766
f 900/755/811 840/688/766 839/685/763
f 902/756/812 842/662/741 841/675/753
f 904/751/808 900/755/811 899/737/803
f 906/757/813 902/756/812 901/754/810
f 905/758/814 901/754/810 900/755/811
f 907/759/815 903/745/807 902/756/812
f 909/760/816 905/758/814 904/751/808
f 908/761/817 836/762/805 835/746/806
f 911/763/818 907/759/815 906/757/813
f 910/764/819 906/757/813 905/758/814
f 912/765/820 908/761/817 907/759/815
f 915/766/821 909/760/816 914/752/809
f 918/639/719 836/762/805 913/767/822
f 917/768/823 911/763/818 916/769/824
f 910/764/819 916/769/824 911/763/818
f 918/639/719 912/765/820 917/768/823
f 850/770/795 914/752/809 851/771/800
f 817/772/768 914/752/809 852/753/748
f 848/773/798 916/769/824 849/774/797
f 915/766/821 849/774/797 916/769/824
f 847/775/725 917/768/823 848/773/798
f 865/652/731 859/679/757 860/671/749
f 818/728/774 861/669/747 829/657/736
f 867/686/764 857/684/762 858/678/756
f 918/639/719 847/775/725 819/640/720
f 815/642/722 834/735/801 895/643/723
f 847/645/725 890/682/760 831/646/726
f 814/648/727 860/671/749 885/649/728
f 813/651/730 838/687/765 865/652/731
f 856/654/733 816/680/758 846/655/734
f 829/657/736 861/669/747 862/658/737
f 854/660/739 863/664/743 862/658/737
f 842/662/741 815/642/722 832/644/724
f 828/659/738 862/658/737 863/664/743
f 827/665/744 863/664/743 864/666/745
f 855/668/746 864/666/745 863/664/743
f 853/661/740 862/658/737 861/669/747
f 864/666/745 855/668/746 813/651/730
f 830/653/732 865/652/731 860/671/749
f 874/672/750 879/710/783 844/673/751
f 841/675/753 842/662/741 869/663/742
f 866/677/755 867/686/764 858/678/756
f 869/663/742 832/644/724 816/680/758
f 820/681/759 831/646/726 890/682/760
f 868/676/754 869/663/742 856/654/733
f 839/685/763 840/688/766 867/686/764
f 838/687/765 839/685/763 866/677/755
f 840/688/766 841/675/753 868/676/754
f 894/689/767 851/734/800 817/690/768
f 852/670/748 861/669/747 833/691/769
f 871/692/770 822/705/778 821/693/771
f 825/695/761 874/672/750 843/674/752
f 875/697/773 870/694/772 829/698/736
f 827/700/744 880/712/785 875/697/773
f 885/649/728 880/712/785 827/700/744
f 818/701/774 829/698/736 870/694/772
f 873/702/775 824/706/779 823/703/776
f 822/705/778 871/692/770 872/704/777
f 874/672/750 825/695/761 824/706/779
f 876/707/780 871/692/770 870/694/772
f 878/708/781 873/702/775 872/704/777
f 871/692/770 876/707/780 877/709/782
f 879/710/783 874/672/750 873/702/775
f 881/711/784 876/707/780 875/697/773
f 879/710/783 884/716/789 845/713/786
f 883/714/787 878/708/781 877/709/782
f 876/707/780 881/711/784 882/715/788
f 884/716/789 879/710/783 878/708/781
f 886/717/790 881/711/784 880/712/785
f 884/716/789 889/656/735 846/655/734
f 887/718/791 888/719/792 883/714/787
f 886/717/790 887/718/791 882/715/788
f 888/719/792 889/656/735 884/716/789
f 886/717/790 885/649/728 860/671/749
f 888/719/792 887/718/791 858/678/756
f 859/679/757 858/678/756 887/718/791
f 889/656/735 888/719/792 857/684/762
f 891/720/793 824/722/779 825/683/761
f 895/643/723 846/776/734 816/680/758
f 892/721/794 823/725/776 824/722/779
f 892/721/794 849/729/797 850/723/795
f 823/725/776 892/721/794 893/724/796
f 821/727/771 894/689/767 833/691/769
f 894/689/767 821/727/771 822/726/778
f 849/729/797 892/721/794 891/720/793
f 848/730/798 891/720/793 890/682/760
f 898/731/799 837/777/721 819/732/720
f 851/734/800 894/689/767 893/724/796
f 834/735/801 835/744/806 896/736/802
f 899/737/803 900/755/811 839/685/763
f 843/738/752 898/731/799 831/733/726
f 844/740/751 845/742/786 896/736/802
f 845/742/786 846/776/734 895/643/723
f 843/738/752 844/740/751 897/741/804
f 836/743/805 837/777/721 898/731/799
f 835/744/806 836/743/805 897/741/804
f 864/666/745 830/653/732 814/648/727
f 903/745/807 834/747/801 815/642/722
f 903/745/807 908/761/817 835/746/806
f 855/748/746 899/737/803 838/687/765
f 854/749/739 904/751/808 899/737/803
f 853/750/740 909/760/816 904/751/808
f 914/752/809 909/760/816 853/750/740
f 901/754/810 902/756/812 841/675/753
f 900/755/811 901/754/810 840/688/766
f 902/756/812 903/745/807 842/662/741
f 904/751/808 905/758/814 900/755/811
f 906/757/813 907/759/815 902/756/812
f 905/758/814 906/757/813 901/754/810
f 907/759/815 908/761/817 903/745/807
f 909/760/816 910/764/819 905/758/814
f 908/761/817 913/767/822 836/762/805
f 911/763/818 912/765/820 907/759/815
f 910/764/819 911/763/818 906/757/813
f 912/765/820 913/767/822 908/761/817
f 915/766/821 910/764/819 909/760/816
f 918/639/719 837/641/721 836/762/805
f 917/768/823 912/765/820 911/763/818
f 910/764/819 915/766/821 916/769/824
f 918/639/719 913/767/822 912/765/820
f 850/770/795 915/766/821 914/752/809
f 817/772/768 851/771/800 914/752/809
f 848/773/798 917/768/823 916/769/824
f 915/766/821 850/770/795 849/774/797
f 847/775/725 918/639/719 917/768/823
f 865/652/731 866/677/755 859/679/757
f 818/728/774 833/691/769 861/669/747
f 867/686/764 868/676/754 857/684/762
