# Blender 4.0.2
# www.blender.org
mtllib TableLamp.mtl
o TableLamp.005
v 0.000000 0.455398 0.000132
v 0.001862 0.454948 0.000132
v 0.003767 0.454498 0.000132
v 0.005709 0.454048 0.000132
v 0.007682 0.453599 0.000132
v 0.009680 0.453149 0.000132
v 0.011696 0.452699 0.000132
v 0.013725 0.452249 0.000132
v 0.015760 0.451799 0.000132
v 0.017795 0.451350 0.000132
v 0.019824 0.450900 0.000132
v 0.021840 0.450450 0.000132
v 0.023838 0.450000 0.000132
v 0.024684 0.448554 0.000132
v 0.025625 0.446955 0.000132
v 0.026628 0.445254 0.000132
v 0.027663 0.443502 0.000132
v 0.028698 0.441750 0.000132
v 0.029702 0.440050 0.000132
v 0.030642 0.438451 0.000132
v 0.031488 0.437004 0.000132
v 0.032209 0.435761 0.000132
v 0.032771 0.434772 0.000132
v 0.033145 0.434089 0.000132
v 0.033299 0.433761 0.000132
v 0.033348 0.433357 0.000132
v 0.033425 0.432458 0.000132
v 0.033526 0.431133 0.000132
v 0.033647 0.429455 0.000132
v 0.033784 0.427493 0.000132
v 0.033934 0.425319 0.000132
v 0.034091 0.423003 0.000132
v 0.034253 0.420617 0.000132
v 0.034415 0.418230 0.000132
v 0.034572 0.415915 0.000132
v 0.034722 0.413741 0.000132
v 0.034859 0.411779 0.000132
v 0.025079 0.393136 0.000132
v 0.009256 0.388008 0.000132
v 0.016964 0.388358 0.000132
v 0.018365 0.382402 0.000132
v 0.018186 0.381009 0.000132
v 0.018022 0.380001 0.000132
v 0.017867 0.379247 0.000132
v 0.017717 0.378622 0.000132
v 0.017568 0.377997 0.000132
v 0.017413 0.377243 0.000132
v 0.017249 0.376235 0.000132
v 0.017069 0.374842 0.000132
v 0.016870 0.372938 0.000132
v 0.016647 0.370394 0.000132
v 0.016394 0.367083 0.000132
v 0.016106 0.362877 0.000132
v 0.012192 0.352360 0.000132
v 0.012192 0.040837 0.000132
v 0.130667 0.040837 0.000132
v 0.130667 0.000335 0.000132
v 0.000000 0.000236 0.000132
v 0.000093 0.455398 0.000093
v 0.001410 0.454948 -0.001223
v 0.002757 0.454498 -0.002570
v 0.004130 0.454048 -0.003943
v 0.005525 0.453599 -0.005339
v 0.006938 0.453149 -0.006751
v 0.008364 0.452699 -0.008177
v 0.009798 0.452249 -0.009612
v 0.011237 0.451799 -0.011051
v 0.012676 0.451350 -0.012490
v 0.014111 0.450900 -0.013924
v 0.015537 0.450450 -0.015350
v 0.016950 0.450000 -0.016763
v 0.017548 0.448554 -0.017361
v 0.018213 0.446955 -0.018026
v 0.018923 0.445254 -0.018736
v 0.019654 0.443502 -0.019468
v 0.020386 0.441750 -0.020199
v 0.021096 0.440050 -0.020909
v 0.021761 0.438451 -0.021574
v 0.022359 0.437004 -0.022172
v 0.022868 0.435761 -0.022681
v 0.023266 0.434772 -0.023079
v 0.023531 0.434089 -0.023344
v 0.023640 0.433761 -0.023453
v 0.023674 0.433357 -0.023487
v 0.023728 0.432458 -0.023541
v 0.023800 0.431133 -0.023613
v 0.023885 0.429455 -0.023699
v 0.023983 0.427493 -0.023796
v 0.024088 0.425319 -0.023901
v 0.024200 0.423003 -0.024013
v 0.024314 0.420617 -0.024127
v 0.024428 0.418230 -0.024241
v 0.024540 0.415915 -0.024353
v 0.024645 0.413741 -0.024459
v 0.024742 0.411779 -0.024556
v 0.017827 0.393136 -0.017640
v 0.006639 0.388008 -0.006452
v 0.012089 0.388358 -0.011902
v 0.013080 0.382402 -0.012893
v 0.012953 0.381009 -0.012766
v 0.012837 0.380001 -0.012650
v 0.012727 0.379247 -0.012541
v 0.012621 0.378622 -0.012435
v 0.012516 0.377997 -0.012329
v 0.012406 0.377243 -0.012220
v 0.012290 0.376235 -0.012103
v 0.012163 0.374842 -0.011977
v 0.012023 0.372938 -0.011836
v 0.011864 0.370394 -0.011678
v 0.011685 0.367083 -0.011499
v 0.011482 0.362877 -0.011295
v 0.008715 0.352360 -0.008528
v 0.008715 0.040837 -0.008528
v 0.092489 0.040837 -0.092302
v 0.092489 0.000335 -0.092302
v 0.000093 0.000236 0.000093
v 0.000132 0.455398 -0.000000
v 0.000132 0.454948 -0.001862
v 0.000132 0.454498 -0.003767
v 0.000132 0.454048 -0.005709
v 0.000132 0.453599 -0.007682
v 0.000132 0.453149 -0.009680
v 0.000132 0.452699 -0.011696
v 0.000132 0.452249 -0.013725
v 0.000132 0.451799 -0.015760
v 0.000132 0.451350 -0.017795
v 0.000132 0.450900 -0.019824
v 0.000132 0.450450 -0.021840
v 0.000132 0.450000 -0.023838
v 0.000132 0.448554 -0.024684
v 0.000132 0.446955 -0.025625
v 0.000132 0.445254 -0.026628
v 0.000132 0.443502 -0.027663
v 0.000132 0.441750 -0.028698
v 0.000132 0.440050 -0.029702
v 0.000132 0.438451 -0.030642
v 0.000132 0.437004 -0.031488
v 0.000132 0.435761 -0.032209
v 0.000132 0.434772 -0.032771
v 0.000132 0.434089 -0.033145
v 0.000132 0.433761 -0.033299
v 0.000132 0.433357 -0.033348
v 0.000132 0.432458 -0.033425
v 0.000132 0.431133 -0.033526
v 0.000132 0.429455 -0.033647
v 0.000132 0.427493 -0.033784
v 0.000132 0.425319 -0.033934
v 0.000132 0.423003 -0.034091
v 0.000132 0.420617 -0.034253
v 0.000132 0.418230 -0.034415
v 0.000132 0.415915 -0.034572
v 0.000132 0.413741 -0.034722
v 0.000132 0.411779 -0.034859
v 0.000132 0.393136 -0.025079
v 0.000132 0.388008 -0.009256
v 0.000132 0.388358 -0.016964
v 0.000132 0.382402 -0.018365
v 0.000132 0.381009 -0.018186
v 0.000132 0.380001 -0.018022
v 0.000132 0.379247 -0.017867
v 0.000132 0.378622 -0.017717
v 0.000132 0.377997 -0.017568
v 0.000132 0.377243 -0.017413
v 0.000132 0.376235 -0.017249
v 0.000132 0.374842 -0.017069
v 0.000132 0.372938 -0.016870
v 0.000132 0.370394 -0.016647
v 0.000132 0.367083 -0.016394
v 0.000132 0.362877 -0.016106
v 0.000132 0.352360 -0.012192
v 0.000132 0.040837 -0.012192
v 0.000132 0.040837 -0.130667
v 0.000132 0.000335 -0.130667
v 0.000132 0.000236 -0.000000
v 0.000093 0.455398 -0.000093
v -0.001223 0.454948 -0.001410
v -0.002570 0.454498 -0.002757
v -0.003943 0.454048 -0.004130
v -0.005339 0.453599 -0.005525
v -0.006751 0.453149 -0.006938
v -0.008177 0.452699 -0.008364
v -0.009612 0.452249 -0.009798
v -0.011051 0.451799 -0.011237
v -0.012490 0.451350 -0.012676
v -0.013924 0.450900 -0.014111
v -0.015350 0.450450 -0.015537
v -0.016763 0.450000 -0.016950
v -0.017361 0.448554 -0.017548
v -0.018026 0.446955 -0.018213
v -0.018736 0.445254 -0.018923
v -0.019468 0.443502 -0.019654
v -0.020199 0.441750 -0.020386
v -0.020909 0.440050 -0.021096
v -0.021574 0.438451 -0.021761
v -0.022172 0.437004 -0.022359
v -0.022681 0.435761 -0.022868
v -0.023079 0.434772 -0.023266
v -0.023344 0.434089 -0.023531
v -0.023453 0.433761 -0.023640
v -0.023487 0.433357 -0.023674
v -0.023541 0.432458 -0.023728
v -0.023613 0.431133 -0.023800
v -0.023699 0.429455 -0.023885
v -0.023796 0.427493 -0.023983
v -0.023901 0.425319 -0.024088
v -0.024013 0.423003 -0.024200
v -0.024127 0.420617 -0.024314
v -0.024241 0.418230 -0.024428
v -0.024353 0.415915 -0.024540
v -0.024459 0.413741 -0.024645
v -0.024556 0.411779 -0.024742
v -0.017640 0.393136 -0.017827
v -0.006452 0.388008 -0.006639
v -0.011902 0.388358 -0.012089
v -0.012893 0.382402 -0.013080
v -0.012766 0.381009 -0.012953
v -0.012650 0.380001 -0.012837
v -0.012541 0.379247 -0.012727
v -0.012435 0.378622 -0.012621
v -0.012329 0.377997 -0.012516
v -0.012220 0.377243 -0.012406
v -0.012103 0.376235 -0.012290
v -0.011977 0.374842 -0.012163
v -0.011836 0.372938 -0.012023
v -0.011678 0.370394 -0.011864
v -0.011499 0.367083 -0.011685
v -0.011295 0.362877 -0.011482
v -0.008528 0.352360 -0.008715
v -0.008528 0.040837 -0.008715
v -0.092302 0.040837 -0.092489
v -0.092302 0.000335 -0.092489
v 0.000093 0.000236 -0.000093
v -0.000000 0.455398 -0.000132
v -0.001862 0.454948 -0.000132
v -0.003767 0.454498 -0.000132
v -0.005709 0.454048 -0.000132
v -0.007682 0.453599 -0.000132
v -0.009680 0.453149 -0.000132
v -0.011696 0.452699 -0.000132
v -0.013725 0.452249 -0.000132
v -0.015760 0.451799 -0.000132
v -0.017795 0.451350 -0.000132
v -0.019824 0.450900 -0.000132
v -0.021840 0.450450 -0.000132
v -0.023838 0.450000 -0.000132
v -0.024684 0.448554 -0.000132
v -0.025625 0.446955 -0.000132
v -0.026628 0.445254 -0.000132
v -0.027663 0.443502 -0.000132
v -0.028698 0.441750 -0.000132
v -0.029702 0.440050 -0.000132
v -0.030642 0.438451 -0.000132
v -0.031488 0.437004 -0.000132
v -0.032209 0.435761 -0.000132
v -0.032771 0.434772 -0.000132
v -0.033145 0.434089 -0.000132
v -0.033299 0.433761 -0.000132
v -0.033348 0.433357 -0.000132
v -0.033425 0.432458 -0.000132
v -0.033526 0.431133 -0.000132
v -0.033647 0.429455 -0.000132
v -0.033784 0.427493 -0.000132
v -0.033934 0.425319 -0.000132
v -0.034091 0.423003 -0.000132
v -0.034253 0.420617 -0.000132
v -0.034415 0.418230 -0.000132
v -0.034572 0.415915 -0.000132
v -0.034722 0.413741 -0.000132
v -0.034859 0.411779 -0.000132
v -0.025079 0.393136 -0.000132
v -0.009256 0.388008 -0.000132
v -0.016964 0.388358 -0.000132
v -0.018365 0.382402 -0.000132
v -0.018186 0.381009 -0.000132
v -0.018022 0.380001 -0.000132
v -0.017867 0.379247 -0.000132
v -0.017717 0.378622 -0.000132
v -0.017568 0.377997 -0.000132
v -0.017413 0.377243 -0.000132
v -0.017249 0.376235 -0.000132
v -0.017069 0.374842 -0.000132
v -0.016870 0.372938 -0.000132
v -0.016647 0.370394 -0.000132
v -0.016394 0.367083 -0.000132
v -0.016106 0.362877 -0.000132
v -0.012192 0.352360 -0.000132
v -0.012192 0.040837 -0.000132
v -0.130667 0.040837 -0.000132
v -0.130667 0.000335 -0.000132
v -0.000000 0.000236 -0.000132
v -0.000093 0.455398 -0.000093
v -0.001410 0.454948 0.001223
v -0.002757 0.454498 0.002570
v -0.004130 0.454048 0.003943
v -0.005525 0.453599 0.005339
v -0.006938 0.453149 0.006751
v -0.008364 0.452699 0.008177
v -0.009798 0.452249 0.009612
v -0.011237 0.451799 0.011051
v -0.012676 0.451350 0.012490
v -0.014111 0.450900 0.013924
v -0.015537 0.450450 0.015350
v -0.016950 0.450000 0.016763
v -0.017548 0.448554 0.017361
v -0.018213 0.446955 0.018026
v -0.018923 0.445254 0.018736
v -0.019654 0.443502 0.019468
v -0.020386 0.441750 0.020199
v -0.021096 0.440050 0.020909
v -0.021761 0.438451 0.021574
v -0.022359 0.437004 0.022172
v -0.022868 0.435761 0.022681
v -0.023266 0.434772 0.023079
v -0.023531 0.434089 0.023344
v -0.023640 0.433761 0.023453
v -0.023674 0.433357 0.023487
v -0.023728 0.432458 0.023541
v -0.023800 0.431133 0.023613
v -0.023885 0.429455 0.023699
v -0.023983 0.427493 0.023796
v -0.024088 0.425319 0.023901
v -0.024200 0.423003 0.024013
v -0.024314 0.420617 0.024127
v -0.024428 0.418230 0.024241
v -0.024540 0.415915 0.024353
v -0.024645 0.413741 0.024459
v -0.024742 0.411779 0.024556
v -0.017827 0.393136 0.017640
v -0.006639 0.388008 0.006452
v -0.012089 0.388358 0.011902
v -0.013080 0.382402 0.012893
v -0.012953 0.381009 0.012766
v -0.012837 0.380001 0.012650
v -0.012727 0.379247 0.012541
v -0.012621 0.378622 0.012435
v -0.012516 0.377997 0.012329
v -0.012406 0.377243 0.012220
v -0.012290 0.376235 0.012103
v -0.012163 0.374842 0.011977
v -0.012023 0.372938 0.011836
v -0.011864 0.370394 0.011678
v -0.011685 0.367083 0.011499
v -0.011482 0.362877 0.011295
v -0.008715 0.352360 0.008528
v -0.008715 0.040837 0.008528
v -0.092489 0.040837 0.092302
v -0.092489 0.000335 0.092302
v -0.000093 0.000236 -0.000093
v -0.000132 0.455398 0.000000
v -0.000132 0.454948 0.001862
v -0.000132 0.454498 0.003767
v -0.000132 0.454048 0.005709
v -0.000132 0.453599 0.007682
v -0.000132 0.453149 0.009680
v -0.000132 0.452699 0.011696
v -0.000132 0.452249 0.013725
v -0.000132 0.451799 0.015760
v -0.000132 0.451350 0.017795
v -0.000132 0.450900 0.019824
v -0.000132 0.450450 0.021840
v -0.000132 0.450000 0.023838
v -0.000132 0.448554 0.024684
v -0.000132 0.446955 0.025625
v -0.000132 0.445254 0.026628
v -0.000132 0.443502 0.027663
v -0.000132 0.441750 0.028698
v -0.000132 0.440050 0.029702
v -0.000132 0.438451 0.030642
v -0.000132 0.437004 0.031488
v -0.000132 0.435761 0.032209
v -0.000132 0.434772 0.032771
v -0.000132 0.434089 0.033145
v -0.000132 0.433761 0.033299
v -0.000132 0.433357 0.033348
v -0.000132 0.432458 0.033425
v -0.000132 0.431133 0.033526
v -0.000132 0.429455 0.033647
v -0.000132 0.427493 0.033784
v -0.000132 0.425319 0.033934
v -0.000132 0.423003 0.034091
v -0.000132 0.420617 0.034253
v -0.000132 0.418230 0.034415
v -0.000132 0.415915 0.034572
v -0.000132 0.413741 0.034722
v -0.000132 0.411779 0.034859
v -0.000132 0.393136 0.025079
v -0.000132 0.388008 0.009256
v -0.000132 0.388358 0.016964
v -0.000132 0.382402 0.018365
v -0.000132 0.381009 0.018186
v -0.000132 0.380001 0.018022
v -0.000132 0.379247 0.017867
v -0.000132 0.378622 0.017717
v -0.000132 0.377997 0.017568
v -0.000132 0.377243 0.017413
v -0.000132 0.376235 0.017249
v -0.000132 0.374842 0.017069
v -0.000132 0.372938 0.016870
v -0.000132 0.370394 0.016647
v -0.000132 0.367083 0.016394
v -0.000132 0.362877 0.016106
v -0.000132 0.352360 0.012192
v -0.000132 0.040837 0.012192
v -0.000132 0.040837 0.130667
v -0.000132 0.000335 0.130667
v -0.000132 0.000236 0.000000
v -0.000093 0.455398 0.000093
v 0.001223 0.454948 0.001410
v 0.002570 0.454498 0.002757
v 0.003943 0.454048 0.004130
v 0.005339 0.453599 0.005525
v 0.006751 0.453149 0.006938
v 0.008177 0.452699 0.008364
v 0.009612 0.452249 0.009798
v 0.011051 0.451799 0.011237
v 0.012490 0.451350 0.012676
v 0.013924 0.450900 0.014111
v 0.015350 0.450450 0.015537
v 0.016763 0.450000 0.016950
v 0.017361 0.448554 0.017548
v 0.018026 0.446955 0.018213
v 0.018736 0.445254 0.018923
v 0.019468 0.443502 0.019654
v 0.020199 0.441750 0.020386
v 0.020909 0.440050 0.021096
v 0.021574 0.438451 0.021761
v 0.022172 0.437004 0.022359
v 0.022681 0.435761 0.022868
v 0.023079 0.434772 0.023266
v 0.023344 0.434089 0.023531
v 0.023453 0.433761 0.023640
v 0.023487 0.433357 0.023674
v 0.023541 0.432458 0.023728
v 0.023613 0.431133 0.023800
v 0.023699 0.429455 0.023885
v 0.023796 0.427493 0.023983
v 0.023901 0.425319 0.024088
v 0.024013 0.423003 0.024200
v 0.024127 0.420617 0.024314
v 0.024241 0.418230 0.024428
v 0.024353 0.415915 0.024540
v 0.024459 0.413741 0.024645
v 0.024556 0.411779 0.024742
v 0.017640 0.393136 0.017827
v 0.006452 0.388008 0.006639
v 0.011902 0.388358 0.012089
v 0.012893 0.382402 0.013080
v 0.012766 0.381009 0.012953
v 0.012650 0.380001 0.012837
v 0.012541 0.379247 0.012727
v 0.012435 0.378622 0.012621
v 0.012329 0.377997 0.012516
v 0.012220 0.377243 0.012406
v 0.012103 0.376235 0.012290
v 0.011977 0.374842 0.012163
v 0.011836 0.372938 0.012023
v 0.011678 0.370394 0.011864
v 0.011499 0.367083 0.011685
v 0.011295 0.362877 0.011482
v 0.008528 0.352360 0.008715
v 0.008528 0.040837 0.008715
v 0.092302 0.040837 0.092489
v 0.092302 0.000335 0.092489
v -0.000093 0.000236 0.000093
vn 0.2244 0.9691 0.1020
vn 0.2319 0.9726 0.0192
vn 0.1776 0.9726 -0.1503
vn 0.2308 0.9691 -0.0865
vn 0.0192 0.9726 -0.2319
vn 0.1020 0.9691 -0.2244
vn -0.1503 0.9726 -0.1776
vn -0.0865 0.9691 -0.2308
vn -0.2319 0.9726 -0.0192
vn -0.2244 0.9691 -0.1020
vn -0.1776 0.9726 0.1503
vn -0.2309 0.9691 0.0865
vn -0.0192 0.9726 0.2319
vn -0.1020 0.9691 0.2244
vn 0.1504 0.9726 0.1776
vn 0.0866 0.9691 0.2308
vn 0.2272 0.9738 0.0080
vn 0.1663 0.9738 -0.1550
vn 0.0080 0.9738 -0.2272
vn -0.1550 0.9738 -0.1663
vn -0.2272 0.9738 -0.0080
vn -0.1663 0.9738 0.1550
vn -0.0080 0.9738 0.2272
vn 0.1550 0.9738 0.1663
vn 0.2235 0.9747 0.0051
vn 0.1617 0.9747 -0.1545
vn 0.0051 0.9747 -0.2235
vn -0.1545 0.9747 -0.1617
vn -0.2235 0.9747 -0.0051
vn -0.1617 0.9747 0.1545
vn -0.0051 0.9747 0.2235
vn 0.1545 0.9747 0.1617
vn 0.2206 0.9753 0.0037
vn 0.1587 0.9753 -0.1534
vn 0.0037 0.9753 -0.2206
vn -0.1534 0.9754 -0.1586
vn -0.2206 0.9753 -0.0037
vn -0.1587 0.9753 0.1534
vn -0.0037 0.9753 0.2206
vn 0.1534 0.9753 0.1586
vn 0.2184 0.9758 0.0029
vn 0.1565 0.9758 -0.1524
vn 0.0029 0.9758 -0.2184
vn -0.1524 0.9758 -0.1565
vn -0.2184 0.9758 -0.0029
vn -0.1565 0.9758 0.1524
vn -0.0029 0.9758 0.2184
vn 0.1524 0.9758 0.1565
vn 0.2169 0.9762 0.0024
vn 0.1551 0.9762 -0.1517
vn 0.0024 0.9762 -0.2169
vn -0.1517 0.9762 -0.1551
vn -0.2169 0.9762 -0.0024
vn -0.1551 0.9762 0.1517
vn -0.0024 0.9762 0.2169
vn 0.1517 0.9762 0.1551
vn 0.2161 0.9764 0.0021
vn 0.1542 0.9764 -0.1513
vn 0.0020 0.9764 -0.2161
vn -0.1513 0.9764 -0.1542
vn -0.2161 0.9764 -0.0021
vn -0.1542 0.9764 0.1513
vn -0.0021 0.9764 0.2161
vn 0.1513 0.9764 0.1542
vn 0.2158 0.9764 0.0018
vn 0.1539 0.9764 -0.1513
vn 0.0018 0.9764 -0.2158
vn -0.1513 0.9764 -0.1539
vn -0.2158 0.9764 -0.0018
vn -0.1539 0.9764 0.1513
vn -0.0018 0.9764 0.2158
vn 0.1513 0.9764 0.1539
vn 0.2162 0.9763 0.0016
vn 0.1540 0.9763 -0.1518
vn 0.0016 0.9763 -0.2162
vn -0.1518 0.9763 -0.1540
vn -0.2162 0.9763 -0.0016
vn -0.1540 0.9763 0.1518
vn -0.0016 0.9763 0.2162
vn 0.1518 0.9763 0.1540
vn 0.2172 0.9761 0.0014
vn 0.1546 0.9761 -0.1526
vn 0.0014 0.9761 -0.2172
vn -0.1526 0.9761 -0.1546
vn -0.2172 0.9761 -0.0014
vn -0.1546 0.9761 0.1526
vn -0.0014 0.9761 0.2172
vn 0.1526 0.9761 0.1546
vn 0.2189 0.9757 0.0013
vn 0.1557 0.9757 -0.1539
vn 0.0013 0.9757 -0.2189
vn -0.1539 0.9757 -0.1557
vn -0.2189 0.9757 -0.0013
vn -0.1557 0.9757 0.1539
vn -0.0013 0.9757 0.2189
vn 0.1539 0.9757 0.1557
vn 0.6477 0.7619 0.0037
vn 0.4606 0.7619 -0.4553
vn 0.0037 0.7619 -0.6477
vn -0.4553 0.7619 -0.4606
vn -0.6477 0.7619 -0.0037
vn -0.4606 0.7619 0.4553
vn -0.0037 0.7619 0.6477
vn 0.4553 0.7619 0.4606
vn 0.8625 0.5061 0.0046
vn 0.6131 0.5061 -0.6066
vn 0.0046 0.5061 -0.8625
vn -0.6066 0.5061 -0.6131
vn -0.8625 0.5061 -0.0046
vn -0.6131 0.5061 0.6066
vn -0.0046 0.5061 0.8625
vn 0.6066 0.5061 0.6131
vn 0.8616 0.5076 0.0044
vn 0.6124 0.5076 -0.6061
vn 0.0044 0.5076 -0.8616
vn -0.6061 0.5076 -0.6124
vn -0.8616 0.5076 -0.0044
vn -0.6124 0.5076 0.6061
vn -0.0044 0.5076 0.8616
vn 0.6061 0.5076 0.6124
vn 0.8611 0.5084 0.0043
vn 0.6119 0.5084 -0.6059
vn 0.0043 0.5084 -0.8611
vn -0.6059 0.5084 -0.6119
vn -0.8611 0.5084 -0.0043
vn -0.6119 0.5084 0.6059
vn -0.0043 0.5084 0.8611
vn 0.6059 0.5084 0.6119
vn 0.8610 0.5087 0.0041
vn 0.6117 0.5087 -0.6059
vn 0.0041 0.5087 -0.8610
vn -0.6059 0.5087 -0.6117
vn -0.8610 0.5087 -0.0041
vn -0.6117 0.5087 0.6059
vn -0.0041 0.5087 0.8610
vn 0.6059 0.5087 0.6117
vn 0.8611 0.5084 0.0040
vn 0.6117 0.5084 -0.6061
vn 0.0040 0.5084 -0.8611
vn -0.6061 0.5084 -0.6117
vn -0.8611 0.5084 -0.0040
vn -0.6117 0.5084 0.6061
vn -0.0040 0.5084 0.8611
vn 0.6061 0.5084 0.6117
vn 0.8617 0.5075 0.0038
vn 0.6120 0.5075 -0.6066
vn 0.0038 0.5075 -0.8617
vn -0.6066 0.5075 -0.6120
vn -0.8617 0.5075 -0.0038
vn -0.6120 0.5075 0.6066
vn -0.0038 0.5075 0.8617
vn 0.6066 0.5075 0.6120
vn 0.8626 0.5058 0.0037
vn 0.6126 0.5058 -0.6074
vn 0.0037 0.5058 -0.8626
vn -0.6074 0.5058 -0.6126
vn -0.8626 0.5058 -0.0037
vn -0.6126 0.5058 0.6074
vn -0.0037 0.5058 0.8626
vn 0.6073 0.5058 0.6126
vn 0.8643 0.5029 0.0036
vn 0.6137 0.5029 -0.6086
vn 0.0036 0.5029 -0.8643
vn -0.6086 0.5029 -0.6137
vn -0.8643 0.5029 -0.0036
vn -0.6137 0.5029 0.6086
vn -0.0036 0.5029 0.8643
vn 0.6086 0.5029 0.6137
vn 0.8674 0.4976 0.0036
vn 0.6158 0.4976 -0.6108
vn 0.0036 0.4976 -0.8674
vn -0.6108 0.4976 -0.6158
vn -0.8674 0.4976 -0.0036
vn -0.6158 0.4976 0.6108
vn -0.0036 0.4976 0.8674
vn 0.6108 0.4976 0.6158
vn 0.8736 0.4865 0.0035
vn 0.6202 0.4865 -0.6153
vn 0.0035 0.4865 -0.8736
vn -0.6153 0.4865 -0.6203
vn -0.8737 0.4865 -0.0035
vn -0.6203 0.4865 0.6153
vn -0.0035 0.4865 0.8736
vn 0.6153 0.4865 0.6203
vn 0.8932 0.4497 0.0035
vn 0.6341 0.4497 -0.6291
vn 0.0035 0.4497 -0.8932
vn -0.6290 0.4497 -0.6341
vn -0.8932 0.4497 -0.0035
vn -0.6341 0.4497 0.6291
vn -0.0036 0.4497 0.8932
vn 0.6290 0.4497 0.6341
vn 0.9640 0.2660 0.0037
vn 0.6842 0.2660 -0.6790
vn 0.0037 0.2660 -0.9640
vn -0.6790 0.2660 -0.6842
vn -0.9640 0.2660 -0.0037
vn -0.6842 0.2660 0.6790
vn -0.0037 0.2660 0.9640
vn 0.6790 0.2660 0.6842
vn 0.9948 0.1019 0.0039
vn 0.7062 0.1019 -0.7006
vn 0.0039 0.1019 -0.9948
vn -0.7007 0.1019 -0.7062
vn -0.9948 0.1019 -0.0039
vn -0.7062 0.1019 0.7006
vn -0.0039 0.1019 0.9948
vn 0.7007 0.1019 0.7062
vn 0.9967 0.0805 0.0039
vn 0.7076 0.0805 -0.7020
vn 0.0039 0.0805 -0.9967
vn -0.7020 0.0805 -0.7076
vn -0.9967 0.0805 -0.0039
vn -0.7076 0.0805 0.7020
vn -0.0039 0.0805 0.9967
vn 0.7020 0.0805 0.7076
vn 0.9972 0.0740 0.0039
vn 0.7079 0.0740 -0.7024
vn 0.0039 0.0740 -0.9972
vn -0.7024 0.0740 -0.7079
vn -0.9972 0.0740 -0.0039
vn -0.7079 0.0740 0.7024
vn -0.0039 0.0740 0.9972
vn 0.7024 0.0740 0.7079
vn 0.9975 0.0709 0.0039
vn 0.7081 0.0709 -0.7026
vn 0.0039 0.0709 -0.9975
vn -0.7026 0.0709 -0.7081
vn -0.9975 0.0709 -0.0039
vn -0.7081 0.0709 0.7026
vn -0.0039 0.0709 0.9975
vn 0.7026 0.0709 0.7081
vn 0.9976 0.0692 0.0039
vn 0.7082 0.0692 -0.7026
vn 0.0039 0.0692 -0.9976
vn -0.7026 0.0692 -0.7082
vn -0.9976 0.0692 -0.0039
vn -0.7082 0.0692 0.7027
vn -0.0039 0.0692 0.9976
vn 0.7026 0.0692 0.7082
vn 0.9977 0.0682 0.0039
vn 0.7082 0.0682 -0.7027
vn 0.0039 0.0682 -0.9977
vn -0.7027 0.0682 -0.7082
vn -0.9977 0.0682 -0.0039
vn -0.7082 0.0682 0.7027
vn -0.0039 0.0682 0.9977
vn 0.7027 0.0682 0.7082
vn 0.9977 0.0677 0.0039
vn 0.7082 0.0677 -0.7027
vn 0.0039 0.0677 -0.9977
vn -0.7027 0.0677 -0.7082
vn -0.9977 0.0677 -0.0039
vn -0.7082 0.0677 0.7027
vn -0.0039 0.0677 0.9977
vn 0.7027 0.0677 0.7082
vn 0.9977 0.0676 0.0038
vn 0.7082 0.0676 -0.7028
vn 0.0038 0.0676 -0.9977
vn -0.7028 0.0676 -0.7082
vn -0.9977 0.0676 -0.0038
vn -0.7082 0.0676 0.7028
vn -0.0038 0.0676 0.9977
vn 0.7028 0.0676 0.7082
vn 0.9977 0.0677 0.0038
vn 0.7082 0.0677 -0.7028
vn 0.0038 0.0677 -0.9977
vn -0.7028 0.0677 -0.7082
vn -0.9977 0.0677 -0.0038
vn -0.7082 0.0677 0.7028
vn -0.0038 0.0677 0.9977
vn 0.7028 0.0677 0.7082
vn 0.9977 0.0682 0.0038
vn 0.7081 0.0682 -0.7028
vn 0.0038 0.0682 -0.9977
vn -0.7028 0.0682 -0.7081
vn -0.9977 0.0682 -0.0038
vn -0.7081 0.0682 0.7028
vn -0.0038 0.0682 0.9977
vn 0.7028 0.0682 0.7081
vn 0.9976 0.0692 0.0038
vn 0.7081 0.0692 -0.7027
vn 0.0038 0.0692 -0.9976
vn -0.7027 0.0692 -0.7081
vn -0.9976 0.0692 -0.0038
vn -0.7081 0.0692 0.7027
vn -0.0038 0.0692 0.9976
vn 0.7027 0.0692 0.7081
vn 0.9812 -0.1929 0.0037
vn 0.6965 -0.1929 -0.6912
vn 0.0037 -0.1929 -0.9812
vn -0.6912 -0.1929 -0.6965
vn -0.9812 -0.1929 -0.0037
vn -0.6965 -0.1929 0.6912
vn -0.0037 -0.1929 0.9812
vn 0.6912 -0.1929 0.6965
vn 0.6931 -0.7208 0.0036
vn 0.4926 -0.7208 -0.4876
vn 0.0036 -0.7208 -0.6931
vn -0.4876 -0.7208 -0.4926
vn -0.6931 -0.7208 -0.0036
vn -0.4926 -0.7208 0.4876
vn -0.0036 -0.7208 0.6931
vn 0.4876 -0.7208 0.4926
vn 0.9698 0.2436 0.0098
vn 0.6927 0.2436 -0.6788
vn 0.0098 0.2436 -0.9698
vn -0.6788 0.2436 -0.6927
vn -0.9698 0.2436 -0.0098
vn -0.6927 0.2436 0.6788
vn -0.0098 0.2436 0.9698
vn 0.6788 0.2436 0.6927
vn 0.6864 0.7272 0.0054
vn 0.4892 0.7272 -0.4816
vn 0.0054 0.7272 -0.6864
vn -0.4816 0.7272 -0.4892
vn -0.6864 0.7272 -0.0054
vn -0.4892 0.7272 0.4816
vn -0.0054 0.7272 0.6864
vn 0.4816 0.7272 0.4892
vn 0.9988 0.0494 0.0070
vn 0.7112 0.0494 -0.7013
vn 0.0070 0.0494 -0.9988
vn -0.7013 0.0494 -0.7112
vn -0.9988 0.0494 -0.0070
vn -0.7112 0.0494 0.7013
vn -0.0070 0.0494 0.9988
vn 0.7013 0.0494 0.7112
vn 0.9896 -0.1437 0.0072
vn 0.7048 -0.1437 -0.6947
vn 0.0072 -0.1437 -0.9896
vn -0.6947 -0.1437 -0.7048
vn -0.9896 -0.1437 -0.0072
vn -0.7048 -0.1437 0.6947
vn -0.0072 -0.1437 0.9896
vn 0.6947 -0.1437 0.7048
vn 0.9836 -0.1801 0.0072
vn 0.7006 -0.1801 -0.6905
vn 0.0072 -0.1801 -0.9836
vn -0.6905 -0.1801 -0.7006
vn -0.9836 -0.1801 -0.0072
vn -0.7006 -0.1801 0.6904
vn -0.0072 -0.1801 0.9836
vn 0.6905 -0.1801 0.7006
vn 0.9763 -0.2161 0.0072
vn 0.6955 -0.2161 -0.6853
vn 0.0072 -0.2161 -0.9763
vn -0.6853 -0.2161 -0.6955
vn -0.9763 -0.2161 -0.0072
vn -0.6955 -0.2161 0.6853
vn -0.0072 -0.2161 0.9763
vn 0.6853 -0.2161 0.6955
vn 0.9725 -0.2328 0.0072
vn 0.6928 -0.2328 -0.6825
vn 0.0073 -0.2328 -0.9725
vn -0.6825 -0.2328 -0.6928
vn -0.9725 -0.2328 -0.0072
vn -0.6928 -0.2328 0.6825
vn -0.0072 -0.2328 0.9725
vn 0.6825 -0.2328 0.6928
vn 0.9760 -0.2178 0.0074
vn 0.6953 -0.2178 -0.6849
vn 0.0074 -0.2178 -0.9760
vn -0.6849 -0.2178 -0.6953
vn -0.9760 -0.2178 -0.0074
vn -0.6953 -0.2178 0.6849
vn -0.0074 -0.2178 0.9760
vn 0.6849 -0.2178 0.6953
vn 0.9833 -0.1819 0.0075
vn 0.7006 -0.1819 -0.6900
vn 0.0075 -0.1819 -0.9833
vn -0.6900 -0.1819 -0.7006
vn -0.9833 -0.1819 -0.0075
vn -0.7006 -0.1819 0.6900
vn -0.0075 -0.1819 0.9833
vn 0.6900 -0.1819 0.7006
vn 0.9894 -0.1449 0.0076
vn 0.7050 -0.1449 -0.6942
vn 0.0076 -0.1449 -0.9894
vn -0.6943 -0.1449 -0.7050
vn -0.9894 -0.1449 -0.0076
vn -0.7050 -0.1449 0.6942
vn -0.0076 -0.1449 0.9894
vn 0.6942 -0.1449 0.7050
vn 0.9932 -0.1161 0.0077
vn 0.7078 -0.1161 -0.6969
vn 0.0077 -0.1161 -0.9932
vn -0.6969 -0.1161 -0.7078
vn -0.9932 -0.1161 -0.0077
vn -0.7078 -0.1161 0.6969
vn -0.0077 -0.1161 0.9932
vn 0.6969 -0.1161 0.7078
vn 0.9954 -0.0959 0.0078
vn 0.7093 -0.0959 -0.6983
vn 0.0078 -0.0959 -0.9954
vn -0.6983 -0.0959 -0.7093
vn -0.9954 -0.0959 -0.0078
vn -0.7093 -0.0959 0.6983
vn -0.0078 -0.0959 0.9954
vn 0.6983 -0.0959 0.7093
vn 0.9966 -0.0820 0.0079
vn 0.7103 -0.0820 -0.6991
vn 0.0079 -0.0820 -0.9966
vn -0.6991 -0.0820 -0.7103
vn -0.9966 -0.0820 -0.0079
vn -0.7103 -0.0820 0.6991
vn -0.0079 -0.0820 0.9966
vn 0.6991 -0.0820 0.7103
vn 0.9974 -0.0723 0.0080
vn 0.7109 -0.0723 -0.6995
vn 0.0080 -0.0723 -0.9974
vn -0.6995 -0.0723 -0.7109
vn -0.9974 -0.0723 -0.0080
vn -0.7109 -0.0723 0.6995
vn -0.0080 -0.0723 0.9973
vn 0.6995 -0.0723 0.7109
vn 0.9790 -0.2038 0.0082
vn 0.6981 -0.2038 -0.6864
vn 0.0082 -0.2038 -0.9790
vn -0.6864 -0.2038 -0.6981
vn -0.9790 -0.2038 -0.0082
vn -0.6981 -0.2038 0.6864
vn -0.0082 -0.2038 0.9790
vn 0.6864 -0.2038 0.6981
vn 0.9826 -0.1852 0.0103
vn 0.7021 -0.1852 -0.6875
vn 0.0103 -0.1852 -0.9826
vn -0.6875 -0.1852 -0.7021
vn -0.9826 -0.1852 -0.0103
vn -0.7021 -0.1852 0.6875
vn -0.0103 -0.1852 0.9826
vn 0.6875 -0.1852 0.7021
vn 0.5943 0.8042 0.0064
vn 0.4248 0.8042 -0.4157
vn 0.0064 0.8042 -0.5943
vn -0.4157 0.8042 -0.4248
vn -0.5943 0.8042 -0.0064
vn -0.4248 0.8042 0.4157
vn -0.0064 0.8042 0.5943
vn 0.4157 0.8042 0.4248
vn 0.7764 0.6303 0.0008
vn 0.5495 0.6303 -0.5484
vn 0.0008 0.6303 -0.7764
vn -0.5484 0.6303 -0.5495
vn -0.7764 0.6303 -0.0008
vn -0.5495 0.6303 0.5484
vn -0.0008 0.6303 0.7764
vn 0.5484 0.6303 0.5495
vn 0.7766 -0.6300 0.0008
vn 0.5497 -0.6300 -0.5486
vn 0.0008 -0.6300 -0.7766
vn -0.5486 -0.6300 -0.5497
vn -0.7766 -0.6300 -0.0008
vn -0.5497 -0.6300 0.5486
vn -0.0008 -0.6300 0.7766
vn 0.5486 -0.6300 0.5497
vn 0.0008 -1.0000 0.0002
vn 0.0007 -1.0000 -0.0004
vn 0.0002 -1.0000 -0.0008
vn -0.0004 -1.0000 -0.0007
vn -0.0008 -1.0000 -0.0002
vn -0.0007 -1.0000 0.0004
vn -0.0002 -1.0000 0.0008
vn 0.0004 -1.0000 0.0007
vt 0.000000 0.455398
vt 0.000000 0.454948
vt 0.125000 0.454948
vt 0.125000 0.455398
vt 0.250000 0.454948
vt 0.250000 0.455398
vt 0.375000 0.454948
vt 0.375000 0.455398
vt 0.500000 0.454948
vt 0.500000 0.455398
vt 0.625000 0.454948
vt 0.625000 0.455398
vt 0.750000 0.454948
vt 0.750000 0.455398
vt 0.875000 0.454948
vt 0.875000 0.455398
vt 1.000000 0.454948
vt 1.000000 0.455398
vt 0.000000 0.454498
vt 0.125000 0.454498
vt 0.250000 0.454498
vt 0.375000 0.454498
vt 0.500000 0.454498
vt 0.625000 0.454498
vt 0.750000 0.454498
vt 0.875000 0.454498
vt 1.000000 0.454498
vt 0.000000 0.454048
vt 0.125000 0.454048
vt 0.250000 0.454048
vt 0.375000 0.454048
vt 0.500000 0.454048
vt 0.625000 0.454048
vt 0.750000 0.454048
vt 0.875000 0.454048
vt 1.000000 0.454048
vt 0.000000 0.453599
vt 0.125000 0.453599
vt 0.250000 0.453599
vt 0.375000 0.453599
vt 0.500000 0.453599
vt 0.625000 0.453599
vt 0.750000 0.453599
vt 0.875000 0.453599
vt 1.000000 0.453599
vt 0.000000 0.453149
vt 0.125000 0.453149
vt 0.250000 0.453149
vt 0.375000 0.453149
vt 0.500000 0.453149
vt 0.625000 0.453149
vt 0.750000 0.453149
vt 0.875000 0.453149
vt 1.000000 0.453149
vt 0.000000 0.452699
vt 0.125000 0.452699
vt 0.250000 0.452699
vt 0.375000 0.452699
vt 0.500000 0.452699
vt 0.625000 0.452699
vt 0.750000 0.452699
vt 0.875000 0.452699
vt 1.000000 0.452699
vt 0.000000 0.452249
vt 0.125000 0.452249
vt 0.250000 0.452249
vt 0.375000 0.452249
vt 0.500000 0.452249
vt 0.625000 0.452249
vt 0.750000 0.452249
vt 0.875000 0.452249
vt 1.000000 0.452249
vt 0.000000 0.451799
vt 0.125000 0.451799
vt 0.250000 0.451799
vt 0.375000 0.451799
vt 0.500000 0.451799
vt 0.625000 0.451799
vt 0.750000 0.451799
vt 0.875000 0.451799
vt 1.000000 0.451799
vt 0.000000 0.451350
vt 0.125000 0.451350
vt 0.250000 0.451350
vt 0.375000 0.451350
vt 0.500000 0.451350
vt 0.625000 0.451350
vt 0.750000 0.451350
vt 0.875000 0.451350
vt 1.000000 0.451350
vt 0.000000 0.450900
vt 0.125000 0.450900
vt 0.250000 0.450900
vt 0.375000 0.450900
vt 0.500000 0.450900
vt 0.625000 0.450900
vt 0.750000 0.450900
vt 0.875000 0.450900
vt 1.000000 0.450900
vt 0.000000 0.450450
vt 0.125000 0.450450
vt 0.250000 0.450450
vt 0.375000 0.450450
vt 0.500000 0.450450
vt 0.625000 0.450450
vt 0.750000 0.450450
vt 0.875000 0.450450
vt 1.000000 0.450450
vt 0.000000 0.450000
vt 0.125000 0.450000
vt 0.250000 0.450000
vt 0.375000 0.450000
vt 0.500000 0.450000
vt 0.625000 0.450000
vt 0.750000 0.450000
vt 0.875000 0.450000
vt 1.000000 0.450000
vt 0.000000 0.448554
vt 0.125000 0.448554
vt 0.250000 0.448554
vt 0.375000 0.448554
vt 0.500000 0.448554
vt 0.625000 0.448554
vt 0.750000 0.448554
vt 0.875000 0.448554
vt 1.000000 0.448554
vt 0.000000 0.446955
vt 0.125000 0.446955
vt 0.250000 0.446955
vt 0.375000 0.446955
vt 0.500000 0.446955
vt 0.625000 0.446955
vt 0.750000 0.446955
vt 0.875000 0.446955
vt 1.000000 0.446955
vt 0.000000 0.445254
vt 0.125000 0.445254
vt 0.250000 0.445254
vt 0.375000 0.445254
vt 0.500000 0.445254
vt 0.625000 0.445254
vt 0.750000 0.445254
vt 0.875000 0.445254
vt 1.000000 0.445254
vt 0.000000 0.443502
vt 0.125000 0.443502
vt 0.250000 0.443502
vt 0.375000 0.443502
vt 0.500000 0.443502
vt 0.625000 0.443502
vt 0.750000 0.443502
vt 0.875000 0.443502
vt 1.000000 0.443502
vt 0.000000 0.441750
vt 0.125000 0.441750
vt 0.250000 0.441750
vt 0.375000 0.441750
vt 0.500000 0.441750
vt 0.625000 0.441750
vt 0.750000 0.441750
vt 0.875000 0.441750
vt 1.000000 0.441750
vt 0.000000 0.440050
vt 0.125000 0.440050
vt 0.250000 0.440050
vt 0.375000 0.440050
vt 0.500000 0.440050
vt 0.625000 0.440050
vt 0.750000 0.440050
vt 0.875000 0.440050
vt 1.000000 0.440050
vt 0.000000 0.438451
vt 0.125000 0.438451
vt 0.250000 0.438451
vt 0.375000 0.438451
vt 0.500000 0.438451
vt 0.625000 0.438451
vt 0.750000 0.438451
vt 0.875000 0.438451
vt 1.000000 0.438451
vt 0.000000 0.437004
vt 0.125000 0.437004
vt 0.250000 0.437004
vt 0.375000 0.437004
vt 0.500000 0.437004
vt 0.625000 0.437004
vt 0.750000 0.437004
vt 0.875000 0.437004
vt 1.000000 0.437004
vt 0.000000 0.435761
vt 0.125000 0.435761
vt 0.250000 0.435761
vt 0.375000 0.435761
vt 0.500000 0.435761
vt 0.625000 0.435761
vt 0.750000 0.435761
vt 0.875000 0.435761
vt 1.000000 0.435761
vt 0.000000 0.434772
vt 0.125000 0.434772
vt 0.250000 0.434772
vt 0.375000 0.434772
vt 0.500000 0.434772
vt 0.625000 0.434772
vt 0.750000 0.434772
vt 0.875000 0.434772
vt 1.000000 0.434772
vt 0.000000 0.434089
vt 0.125000 0.434089
vt 0.250000 0.434089
vt 0.375000 0.434089
vt 0.500000 0.434089
vt 0.625000 0.434089
vt 0.750000 0.434089
vt 0.875000 0.434089
vt 1.000000 0.434089
vt 0.000000 0.433761
vt 0.125000 0.433761
vt 0.250000 0.433761
vt 0.375000 0.433761
vt 0.500000 0.433761
vt 0.625000 0.433761
vt 0.750000 0.433761
vt 0.875000 0.433761
vt 1.000000 0.433761
vt 0.000000 0.433357
vt 0.125000 0.433357
vt 0.250000 0.433357
vt 0.375000 0.433357
vt 0.500000 0.433357
vt 0.625000 0.433357
vt 0.750000 0.433357
vt 0.875000 0.433357
vt 1.000000 0.433357
vt 0.000000 0.432458
vt 0.125000 0.432458
vt 0.250000 0.432458
vt 0.375000 0.432458
vt 0.500000 0.432458
vt 0.625000 0.432458
vt 0.750000 0.432458
vt 0.875000 0.432458
vt 1.000000 0.432458
vt 0.000000 0.431133
vt 0.125000 0.431133
vt 0.250000 0.431133
vt 0.375000 0.431133
vt 0.500000 0.431133
vt 0.625000 0.431133
vt 0.750000 0.431133
vt 0.875000 0.431133
vt 1.000000 0.431133
vt 0.000000 0.429455
vt 0.125000 0.429455
vt 0.250000 0.429455
vt 0.375000 0.429455
vt 0.500000 0.429455
vt 0.625000 0.429455
vt 0.750000 0.429455
vt 0.875000 0.429455
vt 1.000000 0.429455
vt 0.000000 0.427493
vt 0.125000 0.427493
vt 0.250000 0.427493
vt 0.375000 0.427493
vt 0.500000 0.427493
vt 0.625000 0.427493
vt 0.750000 0.427493
vt 0.875000 0.427493
vt 1.000000 0.427493
vt 0.000000 0.425319
vt 0.125000 0.425319
vt 0.250000 0.425319
vt 0.375000 0.425319
vt 0.500000 0.425319
vt 0.625000 0.425319
vt 0.750000 0.425319
vt 0.875000 0.425319
vt 1.000000 0.425319
vt 0.000000 0.423003
vt 0.125000 0.423003
vt 0.250000 0.423003
vt 0.375000 0.423003
vt 0.500000 0.423003
vt 0.625000 0.423003
vt 0.750000 0.423003
vt 0.875000 0.423003
vt 1.000000 0.423003
vt 0.000000 0.420617
vt 0.125000 0.420617
vt 0.250000 0.420617
vt 0.375000 0.420617
vt 0.500000 0.420617
vt 0.625000 0.420617
vt 0.750000 0.420617
vt 0.875000 0.420617
vt 1.000000 0.420617
vt 0.000000 0.418230
vt 0.125000 0.418230
vt 0.250000 0.418230
vt 0.375000 0.418230
vt 0.500000 0.418230
vt 0.625000 0.418230
vt 0.750000 0.418230
vt 0.875000 0.418230
vt 1.000000 0.418230
vt 0.000000 0.415915
vt 0.125000 0.415915
vt 0.250000 0.415915
vt 0.375000 0.415915
vt 0.500000 0.415915
vt 0.625000 0.415915
vt 0.750000 0.415915
vt 0.875000 0.415915
vt 1.000000 0.415915
vt 0.000000 0.413741
vt 0.125000 0.413741
vt 0.250000 0.413741
vt 0.375000 0.413741
vt 0.500000 0.413741
vt 0.625000 0.413741
vt 0.750000 0.413741
vt 0.875000 0.413741
vt 1.000000 0.413741
vt 0.000000 0.411779
vt 0.125000 0.411779
vt 0.250000 0.411779
vt 0.375000 0.411779
vt 0.500000 0.411779
vt 0.625000 0.411779
vt 0.750000 0.411779
vt 0.875000 0.411779
vt 1.000000 0.411779
vt 0.000000 0.393136
vt 0.125000 0.393136
vt 0.250000 0.393136
vt 0.375000 0.393136
vt 0.500000 0.393136
vt 0.625000 0.393136
vt 0.750000 0.393136
vt 0.875000 0.393136
vt 1.000000 0.393136
vt 0.000000 0.388008
vt 0.125000 0.388008
vt 0.250000 0.388008
vt 0.375000 0.388008
vt 0.500000 0.388008
vt 0.625000 0.388008
vt 0.750000 0.388008
vt 0.875000 0.388008
vt 1.000000 0.388008
vt 0.000000 0.388358
vt 0.125000 0.388358
vt 0.250000 0.388358
vt 0.375000 0.388358
vt 0.500000 0.388358
vt 0.625000 0.388358
vt 0.750000 0.388358
vt 0.875000 0.388358
vt 1.000000 0.388358
vt 0.000000 0.382402
vt 0.125000 0.382402
vt 0.250000 0.382402
vt 0.375000 0.382402
vt 0.500000 0.382402
vt 0.625000 0.382402
vt 0.750000 0.382402
vt 0.875000 0.382402
vt 1.000000 0.382402
vt 0.000000 0.381009
vt 0.125000 0.381009
vt 0.250000 0.381009
vt 0.375000 0.381009
vt 0.500000 0.381009
vt 0.625000 0.381009
vt 0.750000 0.381009
vt 0.875000 0.381009
vt 1.000000 0.381009
vt 0.000000 0.380001
vt 0.125000 0.380001
vt 0.250000 0.380001
vt 0.375000 0.380001
vt 0.500000 0.380001
vt 0.625000 0.380001
vt 0.750000 0.380001
vt 0.875000 0.380001
vt 1.000000 0.380001
vt 0.000000 0.379247
vt 0.125000 0.379247
vt 0.250000 0.379247
vt 0.375000 0.379247
vt 0.500000 0.379247
vt 0.625000 0.379247
vt 0.750000 0.379247
vt 0.875000 0.379247
vt 1.000000 0.379247
vt 0.000000 0.378622
vt 0.125000 0.378622
vt 0.250000 0.378622
vt 0.375000 0.378622
vt 0.500000 0.378622
vt 0.625000 0.378622
vt 0.750000 0.378622
vt 0.875000 0.378622
vt 1.000000 0.378622
vt 0.000000 0.377997
vt 0.125000 0.377997
vt 0.250000 0.377997
vt 0.375000 0.377997
vt 0.500000 0.377997
vt 0.625000 0.377997
vt 0.750000 0.377997
vt 0.875000 0.377997
vt 1.000000 0.377997
vt 0.000000 0.377243
vt 0.125000 0.377243
vt 0.250000 0.377243
vt 0.375000 0.377243
vt 0.500000 0.377243
vt 0.625000 0.377243
vt 0.750000 0.377243
vt 0.875000 0.377243
vt 1.000000 0.377243
vt 0.000000 0.376235
vt 0.125000 0.376235
vt 0.250000 0.376235
vt 0.375000 0.376235
vt 0.500000 0.376235
vt 0.625000 0.376235
vt 0.750000 0.376235
vt 0.875000 0.376235
vt 1.000000 0.376235
vt 0.000000 0.374842
vt 0.125000 0.374842
vt 0.250000 0.374842
vt 0.375000 0.374842
vt 0.500000 0.374842
vt 0.625000 0.374842
vt 0.750000 0.374842
vt 0.875000 0.374842
vt 1.000000 0.374842
vt 0.000000 0.372938
vt 0.125000 0.372938
vt 0.250000 0.372938
vt 0.375000 0.372938
vt 0.500000 0.372938
vt 0.625000 0.372938
vt 0.750000 0.372938
vt 0.875000 0.372938
vt 1.000000 0.372938
vt 0.000000 0.370394
vt 0.125000 0.370394
vt 0.250000 0.370394
vt 0.375000 0.370394
vt 0.500000 0.370394
vt 0.625000 0.370394
vt 0.750000 0.370394
vt 0.875000 0.370394
vt 1.000000 0.370394
vt 0.000000 0.367083
vt 0.125000 0.367083
vt 0.250000 0.367083
vt 0.375000 0.367083
vt 0.500000 0.367083
vt 0.625000 0.367083
vt 0.750000 0.367083
vt 0.875000 0.367083
vt 1.000000 0.367083
vt 0.000000 0.362877
vt 0.125000 0.362877
vt 0.250000 0.362877
vt 0.375000 0.362877
vt 0.500000 0.362877
vt 0.625000 0.362877
vt 0.750000 0.362877
vt 0.875000 0.362877
vt 1.000000 0.362877
vt 0.000000 0.352360
vt 0.125000 0.352360
vt 0.250000 0.352360
vt 0.375000 0.352360
vt 0.500000 0.352360
vt 0.625000 0.352360
vt 0.750000 0.352360
vt 0.875000 0.352360
vt 1.000000 0.352360
vt 0.000000 0.040837
vt 0.125000 0.040837
vt 0.250000 0.040837
vt 0.375000 0.040837
vt 0.500000 0.040837
vt 0.625000 0.040837
vt 0.750000 0.040837
vt 0.875000 0.040837
vt 1.000000 0.040837
vt 0.000000 0.000335
vt 0.125000 0.000335
vt 0.250000 0.000335
vt 0.375000 0.000335
vt 0.500000 0.000335
vt 0.625000 0.000335
vt 0.750000 0.000335
vt 0.875000 0.000335
vt 1.000000 0.000335
vt 0.000000 0.000236
vt 0.125000 0.000236
vt 0.250000 0.000236
vt 0.375000 0.000236
vt 0.500000 0.000236
vt 0.625000 0.000236
vt 0.750000 0.000236
vt 0.875000 0.000236
vt 1.000000 0.000236
s 1
f 1/1/1 2/2/2 60/3/3 59/4/4
f 59/4/4 60/3/3 118/5/5 117/6/6
f 117/6/6 118/5/5 176/7/7 175/8/8
f 175/8/8 176/7/7 234/9/9 233/10/10
f 233/10/10 234/9/9 292/11/11 291/12/12
f 291/12/12 292/11/11 350/13/13 349/14/14
f 349/14/14 350/13/13 408/15/15 407/16/16
f 407/16/16 408/15/15 2/17/2 1/18/1
f 2/2/2 3/19/17 61/20/18 60/3/3
f 60/3/3 61/20/18 119/21/19 118/5/5
f 118/5/5 119/21/19 177/22/20 176/7/7
f 176/7/7 177/22/20 235/23/21 234/9/9
f 234/9/9 235/23/21 293/24/22 292/11/11
f 292/11/11 293/24/22 351/25/23 350/13/13
f 350/13/13 351/25/23 409/26/24 408/15/15
f 408/15/15 409/26/24 3/27/17 2/17/2
f 3/19/17 4/28/25 62/29/26 61/20/18
f 61/20/18 62/29/26 120/30/27 119/21/19
f 119/21/19 120/30/27 178/31/28 177/22/20
f 177/22/20 178/31/28 236/32/29 235/23/21
f 235/23/21 236/32/29 294/33/30 293/24/22
f 293/24/22 294/33/30 352/34/31 351/25/23
f 351/25/23 352/34/31 410/35/32 409/26/24
f 409/26/24 410/35/32 4/36/25 3/27/17
f 4/28/25 5/37/33 63/38/34 62/29/26
f 62/29/26 63/38/34 121/39/35 120/30/27
f 120/30/27 121/39/35 179/40/36 178/31/28
f 178/31/28 179/40/36 237/41/37 236/32/29
f 236/32/29 237/41/37 295/42/38 294/33/30
f 294/33/30 295/42/38 353/43/39 352/34/31
f 352/34/31 353/43/39 411/44/40 410/35/32
f 410/35/32 411/44/40 5/45/33 4/36/25
f 5/37/33 6/46/41 64/47/42 63/38/34
f 63/38/34 64/47/42 122/48/43 121/39/35
f 121/39/35 122/48/43 180/49/44 179/40/36
f 179/40/36 180/49/44 238/50/45 237/41/37
f 237/41/37 238/50/45 296/51/46 295/42/38
f 295/42/38 296/51/46 354/52/47 353/43/39
f 353/43/39 354/52/47 412/53/48 411/44/40
f 411/44/40 412/53/48 6/54/41 5/45/33
f 6/46/41 7/55/49 65/56/50 64/47/42
f 64/47/42 65/56/50 123/57/51 122/48/43
f 122/48/43 123/57/51 181/58/52 180/49/44
f 180/49/44 181/58/52 239/59/53 238/50/45
f 238/50/45 239/59/53 297/60/54 296/51/46
f 296/51/46 297/60/54 355/61/55 354/52/47
f 354/52/47 355/61/55 413/62/56 412/53/48
f 412/53/48 413/62/56 7/63/49 6/54/41
f 7/55/49 8/64/57 66/65/58 65/56/50
f 65/56/50 66/65/58 124/66/59 123/57/51
f 123/57/51 124/66/59 182/67/60 181/58/52
f 181/58/52 182/67/60 240/68/61 239/59/53
f 239/59/53 240/68/61 298/69/62 297/60/54
f 297/60/54 298/69/62 356/70/63 355/61/55
f 355/61/55 356/70/63 414/71/64 413/62/56
f 413/62/56 414/71/64 8/72/57 7/63/49
f 8/64/57 9/73/65 67/74/66 66/65/58
f 66/65/58 67/74/66 125/75/67 124/66/59
f 124/66/59 125/75/67 183/76/68 182/67/60
f 182/67/60 183/76/68 241/77/69 240/68/61
f 240/68/61 241/77/69 299/78/70 298/69/62
f 298/69/62 299/78/70 357/79/71 356/70/63
f 356/70/63 357/79/71 415/80/72 414/71/64
f 414/71/64 415/80/72 9/81/65 8/72/57
f 9/73/65 10/82/73 68/83/74 67/74/66
f 67/74/66 68/83/74 126/84/75 125/75/67
f 125/75/67 126/84/75 184/85/76 183/76/68
f 183/76/68 184/85/76 242/86/77 241/77/69
f 241/77/69 242/86/77 300/87/78 299/78/70
f 299/78/70 300/87/78 358/88/79 357/79/71
f 357/79/71 358/88/79 416/89/80 415/80/72
f 415/80/72 416/89/80 10/90/73 9/81/65
f 10/82/73 11/91/81 69/92/82 68/83/74
f 68/83/74 69/92/82 127/93/83 126/84/75
f 126/84/75 127/93/83 185/94/84 184/85/76
f 184/85/76 185/94/84 243/95/85 242/86/77
f 242/86/77 243/95/85 301/96/86 300/87/78
f 300/87/78 301/96/86 359/97/87 358/88/79
f 358/88/79 359/97/87 417/98/88 416/89/80
f 416/89/80 417/98/88 11/99/81 10/90/73
f 11/91/81 12/100/89 70/101/90 69/92/82
f 69/92/82 70/101/90 128/102/91 127/93/83
f 127/93/83 128/102/91 186/103/92 185/94/84
f 185/94/84 186/103/92 244/104/93 243/95/85
f 243/95/85 244/104/93 302/105/94 301/96/86
f 301/96/86 302/105/94 360/106/95 359/97/87
f 359/97/87 360/106/95 418/107/96 417/98/88
f 417/98/88 418/107/96 12/108/89 11/99/81
f 12/100/89 13/109/97 71/110/98 70/101/90
f 70/101/90 71/110/98 129/111/99 128/102/91
f 128/102/91 129/111/99 187/112/100 186/103/92
f 186/103/92 187/112/100 245/113/101 244/104/93
f 244/104/93 245/113/101 303/114/102 302/105/94
f 302/105/94 303/114/102 361/115/103 360/106/95
f 360/106/95 361/115/103 419/116/104 418/107/96
f 418/107/96 419/116/104 13/117/97 12/108/89
f 13/109/97 14/118/105 72/119/106 71/110/98
f 71/110/98 72/119/106 130/120/107 129/111/99
f 129/111/99 130/120/107 188/121/108 187/112/100
f 187/112/100 188/121/108 246/122/109 245/113/101
f 245/113/101 246/122/109 304/123/110 303/114/102
f 303/114/102 304/123/110 362/124/111 361/115/103
f 361/115/103 362/124/111 420/125/112 419/116/104
f 419/116/104 420/125/112 14/126/105 13/117/97
f 14/118/105 15/127/113 73/128/114 72/119/106
f 72/119/106 73/128/114 131/129/115 130/120/107
f 130/120/107 131/129/115 189/130/116 188/121/108
f 188/121/108 189/130/116 247/131/117 246/122/109
f 246/122/109 247/131/117 305/132/118 304/123/110
f 304/123/110 305/132/118 363/133/119 362/124/111
f 362/124/111 363/133/119 421/134/120 420/125/112
f 420/125/112 421/134/120 15/135/113 14/126/105
f 15/127/113 16/136/121 74/137/122 73/128/114
f 73/128/114 74/137/122 132/138/123 131/129/115
f 131/129/115 132/138/123 190/139/124 189/130/116
f 189/130/116 190/139/124 248/140/125 247/131/117
f 247/131/117 248/140/125 306/141/126 305/132/118
f 305/132/118 306/141/126 364/142/127 363/133/119
f 363/133/119 364/142/127 422/143/128 421/134/120
f 421/134/120 422/143/128 16/144/121 15/135/113
f 16/136/121 17/145/129 75/146/130 74/137/122
f 74/137/122 75/146/130 133/147/131 132/138/123
f 132/138/123 133/147/131 191/148/132 190/139/124
f 190/139/124 191/148/132 249/149/133 248/140/125
f 248/140/125 249/149/133 307/150/134 306/141/126
f 306/141/126 307/150/134 365/151/135 364/142/127
f 364/142/127 365/151/135 423/152/136 422/143/128
f 422/143/128 423/152/136 17/153/129 16/144/121
f 17/145/129 18/154/137 76/155/138 75/146/130
f 75/146/130 76/155/138 134/156/139 133/147/131
f 133/147/131 134/156/139 192/157/140 191/148/132
f 191/148/132 192/157/140 250/158/141 249/149/133
f 249/149/133 250/158/141 308/159/142 307/150/134
f 307/150/134 308/159/142 366/160/143 365/151/135
f 365/151/135 366/160/143 424/161/144 423/152/136
f 423/152/136 424/161/144 18/162/137 17/153/129
f 18/154/137 19/163/145 77/164/146 76/155/138
f 76/155/138 77/164/146 135/165/147 134/156/139
f 134/156/139 135/165/147 193/166/148 192/157/140
f 192/157/140 193/166/148 251/167/149 250/158/141
f 250/158/141 251/167/149 309/168/150 308/159/142
f 308/159/142 309/168/150 367/169/151 366/160/143
f 366/160/143 367/169/151 425/170/152 424/161/144
f 424/161/144 425/170/152 19/171/145 18/162/137
f 19/163/145 20/172/153 78/173/154 77/164/146
f 77/164/146 78/173/154 136/174/155 135/165/147
f 135/165/147 136/174/155 194/175/156 193/166/148
f 193/166/148 194/175/156 252/176/157 251/167/149
f 251/167/149 252/176/157 310/177/158 309/168/150
f 309/168/150 310/177/158 368/178/159 367/169/151
f 367/169/151 368/178/159 426/179/160 425/170/152
f 425/170/152 426/179/160 20/180/153 19/171/145
f 20/172/153 21/181/161 79/182/162 78/173/154
f 78/173/154 79/182/162 137/183/163 136/174/155
f 136/174/155 137/183/163 195/184/164 194/175/156
f 194/175/156 195/184/164 253/185/165 252/176/157
f 252/176/157 253/185/165 311/186/166 310/177/158
f 310/177/158 311/186/166 369/187/167 368/178/159
f 368/178/159 369/187/167 427/188/168 426/179/160
f 426/179/160 427/188/168 21/189/161 20/180/153
f 21/181/161 22/190/169 80/191/170 79/182/162
f 79/182/162 80/191/170 138/192/171 137/183/163
f 137/183/163 138/192/171 196/193/172 195/184/164
f 195/184/164 196/193/172 254/194/173 253/185/165
f 253/185/165 254/194/173 312/195/174 311/186/166
f 311/186/166 312/195/174 370/196/175 369/187/167
f 369/187/167 370/196/175 428/197/176 427/188/168
f 427/188/168 428/197/176 22/198/169 21/189/161
f 22/190/169 23/199/177 81/200/178 80/191/170
f 80/191/170 81/200/178 139/201/179 138/192/171
f 138/192/171 139/201/179 197/202/180 196/193/172
f 196/193/172 197/202/180 255/203/181 254/194/173
f 254/194/173 255/203/181 313/204/182 312/195/174
f 312/195/174 313/204/182 371/205/183 370/196/175
f 370/196/175 371/205/183 429/206/184 428/197/176
f 428/197/176 429/206/184 23/207/177 22/198/169
f 23/199/177 24/208/185 82/209/186 81/200/178
f 81/200/178 82/209/186 140/210/187 139/201/179
f 139/201/179 140/210/187 198/211/188 197/202/180
f 197/202/180 198/211/188 256/212/189 255/203/181
f 255/203/181 256/212/189 314/213/190 313/204/182
f 313/204/182 314/213/190 372/214/191 371/205/183
f 371/205/183 372/214/191 430/215/192 429/206/184
f 429/206/184 430/215/192 24/216/185 23/207/177
f 24/208/185 25/217/193 83/218/194 82/209/186
f 82/209/186 83/218/194 141/219/195 140/210/187
f 140/210/187 141/219/195 199/220/196 198/211/188
f 198/211/188 199/220/196 257/221/197 256/212/189
f 256/212/189 257/221/197 315/222/198 314/213/190
f 314/213/190 315/222/198 373/223/199 372/214/191
f 372/214/191 373/223/199 431/224/200 430/215/192
f 430/215/192 431/224/200 25/225/193 24/216/185
f 25/217/193 26/226/201 84/227/202 83/218/194
f 83/218/194 84/227/202 142/228/203 141/219/195
f 141/219/195 142/228/203 200/229/204 199/220/196
f 199/220/196 200/229/204 258/230/205 257/221/197
f 257/221/197 258/230/205 316/231/206 315/222/198
f 315/222/198 316/231/206 374/232/207 373/223/199
f 373/223/199 374/232/207 432/233/208 431/224/200
f 431/224/200 432/233/208 26/234/201 25/225/193
f 26/226/201 27/235/209 85/236/210 84/227/202
f 84/227/202 85/236/210 143/237/211 142/228/203
f 142/228/203 143/237/211 201/238/212 200/229/204
f 200/229/204 201/238/212 259/239/213 258/230/205
f 258/230/205 259/239/213 317/240/214 316/231/206
f 316/231/206 317/240/214 375/241/215 374/232/207
f 374/232/207 375/241/215 433/242/216 432/233/208
f 432/233/208 433/242/216 27/243/209 26/234/201
f 27/235/209 28/244/217 86/245/218 85/236/210
f 85/236/210 86/245/218 144/246/219 143/237/211
f 143/237/211 144/246/219 202/247/220 201/238/212
f 201/238/212 202/247/220 260/248/221 259/239/213
f 259/239/213 260/248/221 318/249/222 317/240/214
f 317/240/214 318/249/222 376/250/223 375/241/215
f 375/241/215 376/250/223 434/251/224 433/242/216
f 433/242/216 434/251/224 28/252/217 27/243/209
f 28/244/217 29/253/225 87/254/226 86/245/218
f 86/245/218 87/254/226 145/255/227 144/246/219
f 144/246/219 145/255/227 203/256/228 202/247/220
f 202/247/220 203/256/228 261/257/229 260/248/221
f 260/248/221 261/257/229 319/258/230 318/249/222
f 318/249/222 319/258/230 377/259/231 376/250/223
f 376/250/223 377/259/231 435/260/232 434/251/224
f 434/251/224 435/260/232 29/261/225 28/252/217
f 29/253/225 30/262/233 88/263/234 87/254/226
f 87/254/226 88/263/234 146/264/235 145/255/227
f 145/255/227 146/264/235 204/265/236 203/256/228
f 203/256/228 204/265/236 262/266/237 261/257/229
f 261/257/229 262/266/237 320/267/238 319/258/230
f 319/258/230 320/267/238 378/268/239 377/259/231
f 377/259/231 378/268/239 436/269/240 435/260/232
f 435/260/232 436/269/240 30/270/233 29/261/225
f 30/262/233 31/271/241 89/272/242 88/263/234
f 88/263/234 89/272/242 147/273/243 146/264/235
f 146/264/235 147/273/243 205/274/244 204/265/236
f 204/265/236 205/274/244 263/275/245 262/266/237
f 262/266/237 263/275/245 321/276/246 320/267/238
f 320/267/238 321/276/246 379/277/247 378/268/239
f 378/268/239 379/277/247 437/278/248 436/269/240
f 436/269/240 437/278/248 31/279/241 30/270/233
f 31/271/241 32/280/249 90/281/250 89/272/242
f 89/272/242 90/281/250 148/282/251 147/273/243
f 147/273/243 148/282/251 206/283/252 205/274/244
f 205/274/244 206/283/252 264/284/253 263/275/245
f 263/275/245 264/284/253 322/285/254 321/276/246
f 321/276/246 322/285/254 380/286/255 379/277/247
f 379/277/247 380/286/255 438/287/256 437/278/248
f 437/278/248 438/287/256 32/288/249 31/279/241
f 32/280/249 33/289/257 91/290/258 90/281/250
f 90/281/250 91/290/258 149/291/259 148/282/251
f 148/282/251 149/291/259 207/292/260 206/283/252
f 206/283/252 207/292/260 265/293/261 264/284/253
f 264/284/253 265/293/261 323/294/262 322/285/254
f 322/285/254 323/294/262 381/295/263 380/286/255
f 380/286/255 381/295/263 439/296/264 438/287/256
f 438/287/256 439/296/264 33/297/257 32/288/249
f 33/289/257 34/298/265 92/299/266 91/290/258
f 91/290/258 92/299/266 150/300/267 149/291/259
f 149/291/259 150/300/267 208/301/268 207/292/260
f 207/292/260 208/301/268 266/302/269 265/293/261
f 265/293/261 266/302/269 324/303/270 323/294/262
f 323/294/262 324/303/270 382/304/271 381/295/263
f 381/295/263 382/304/271 440/305/272 439/296/264
f 439/296/264 440/305/272 34/306/265 33/297/257
f 34/298/265 35/307/273 93/308/274 92/299/266
f 92/299/266 93/308/274 151/309/275 150/300/267
f 150/300/267 151/309/275 209/310/276 208/301/268
f 208/301/268 209/310/276 267/311/277 266/302/269
f 266/302/269 267/311/277 325/312/278 324/303/270
f 324/303/270 325/312/278 383/313/279 382/304/271
f 382/304/271 383/313/279 441/314/280 440/305/272
f 440/305/272 441/314/280 35/315/273 34/306/265
f 35/307/273 36/316/281 94/317/282 93/308/274
f 93/308/274 94/317/282 152/318/283 151/309/275
f 151/309/275 152/318/283 210/319/284 209/310/276
f 209/310/276 210/319/284 268/320/285 267/311/277
f 267/311/277 268/320/285 326/321/286 325/312/278
f 325/312/278 326/321/286 384/322/287 383/313/279
f 383/313/279 384/322/287 442/323/288 441/314/280
f 441/314/280 442/323/288 36/324/281 35/315/273
f 36/316/281 37/325/289 95/326/290 94/317/282
f 94/317/282 95/326/290 153/327/291 152/318/283
f 152/318/283 153/327/291 211/328/292 210/319/284
f 210/319/284 211/328/292 269/329/293 268/320/285
f 268/320/285 269/329/293 327/330/294 326/321/286
f 326/321/286 327/330/294 385/331/295 384/322/287
f 384/322/287 385/331/295 443/332/296 442/323/288
f 442/323/288 443/332/296 37/333/289 36/324/281
f 37/325/289 38/334/297 96/335/298 95/326/290
f 95/326/290 96/335/298 154/336/299 153/327/291
f 153/327/291 154/336/299 212/337/300 211/328/292
f 211/328/292 212/337/300 270/338/301 269/329/293
f 269/329/293 270/338/301 328/339/302 327/330/294
f 327/330/294 328/339/302 386/340/303 385/331/295
f 385/331/295 386/340/303 444/341/304 443/332/296
f 443/332/296 444/341/304 38/342/297 37/333/289
f 38/334/297 39/343/305 97/344/306 96/335/298
f 96/335/298 97/344/306 155/345/307 154/336/299
f 154/336/299 155/345/307 213/346/308 212/337/300
f 212/337/300 213/346/308 271/347/309 270/338/301
f 270/338/301 271/347/309 329/348/310 328/339/302
f 328/339/302 329/348/310 387/349/311 386/340/303
f 386/340/303 387/349/311 445/350/312 444/341/304
f 444/341/304 445/350/312 39/351/305 38/342/297
f 39/343/305 40/352/313 98/353/314 97/344/306
f 97/344/306 98/353/314 156/354/315 155/345/307
f 155/345/307 156/354/315 214/355/316 213/346/308
f 213/346/308 214/355/316 272/356/317 271/347/309
f 271/347/309 272/356/317 330/357/318 329/348/310
f 329/348/310 330/357/318 388/358/319 387/349/311
f 387/349/311 388/358/319 446/359/320 445/350/312
f 445/350/312 446/359/320 40/360/313 39/351/305
f 40/352/313 41/361/321 99/362/322 98/353/314
f 98/353/314 99/362/322 157/363/323 156/354/315
f 156/354/315 157/363/323 215/364/324 214/355/316
f 214/355/316 215/364/324 273/365/325 272/356/317
f 272/356/317 273/365/325 331/366/326 330/357/318
f 330/357/318 331/366/326 389/367/327 388/358/319
f 388/358/319 389/367/327 447/368/328 446/359/320
f 446/359/320 447/368/328 41/369/321 40/360/313
f 41/361/321 42/370/329 100/371/330 99/362/322
f 99/362/322 100/371/330 158/372/331 157/363/323
f 157/363/323 158/372/331 216/373/332 215/364/324
f 215/364/324 216/373/332 274/374/333 273/365/325
f 273/365/325 274/374/333 332/375/334 331/366/326
f 331/366/326 332/375/334 390/376/335 389/367/327
f 389/367/327 390/376/335 448/377/336 447/368/328
f 447/368/328 448/377/336 42/378/329 41/369/321
f 42/370/329 43/379/337 101/380/338 100/371/330
f 100/371/330 101/380/338 159/381/339 158/372/331
f 158/372/331 159/381/339 217/382/340 216/373/332
f 216/373/332 217/382/340 275/383/341 274/374/333
f 274/374/333 275/383/341 333/384/342 332/375/334
f 332/375/334 333/384/342 391/385/343 390/376/335
f 390/376/335 391/385/343 449/386/344 448/377/336
f 448/377/336 449/386/344 43/387/337 42/378/329
f 43/379/337 44/388/345 102/389/346 101/380/338
f 101/380/338 102/389/346 160/390/347 159/381/339
f 159/381/339 160/390/347 218/391/348 217/382/340
f 217/382/340 218/391/348 276/392/349 275/383/341
f 275/383/341 276/392/349 334/393/350 333/384/342
f 333/384/342 334/393/350 392/394/351 391/385/343
f 391/385/343 392/394/351 450/395/352 449/386/344
f 449/386/344 450/395/352 44/396/345 43/387/337
f 44/388/345 45/397/353 103/398/354 102/389/346
f 102/389/346 103/398/354 161/399/355 160/390/347
f 160/390/347 161/399/355 219/400/356 218/391/348
f 218/391/348 219/400/356 277/401/357 276/392/349
f 276/392/349 277/401/357 335/402/358 334/393/350
f 334/393/350 335/402/358 393/403/359 392/394/351
f 392/394/351 393/403/359 451/404/360 450/395/352
f 450/395/352 451/404/360 45/405/353 44/396/345
f 45/397/353 46/406/361 104/407/362 103/398/354
f 103/398/354 104/407/362 162/408/363 161/399/355
f 161/399/355 162/408/363 220/409/364 219/400/356
f 219/400/356 220/409/364 278/410/365 277/401/357
f 277/401/357 278/410/365 336/411/366 335/402/358
f 335/402/358 336/411/366 394/412/367 393/403/359
f 393/403/359 394/412/367 452/413/368 451/404/360
f 451/404/360 452/413/368 46/414/361 45/405/353
f 46/406/361 47/415/369 105/416/370 104/407/362
f 104/407/362 105/416/370 163/417/371 162/408/363
f 162/408/363 163/417/371 221/418/372 220/409/364
f 220/409/364 221/418/372 279/419/373 278/410/365
f 278/410/365 279/419/373 337/420/374 336/411/366
f 336/411/366 337/420/374 395/421/375 394/412/367
f 394/412/367 395/421/375 453/422/376 452/413/368
f 452/413/368 453/422/376 47/423/369 46/414/361
f 47/415/369 48/424/377 106/425/378 105/416/370
f 105/416/370 106/425/378 164/426/379 163/417/371
f 163/417/371 164/426/379 222/427/380 221/418/372
f 221/418/372 222/427/380 280/428/381 279/419/373
f 279/419/373 280/428/381 338/429/382 337/420/374
f 337/420/374 338/429/382 396/430/383 395/421/375
f 395/421/375 396/430/383 454/431/384 453/422/376
f 453/422/376 454/431/384 48/432/377 47/423/369
f 48/424/377 49/433/385 107/434/386 106/425/378
f 106/425/378 107/434/386 165/435/387 164/426/379
f 164/426/379 165/435/387 223/436/388 222/427/380
f 222/427/380 223/436/388 281/437/389 280/428/381
f 280/428/381 281/437/389 339/438/390 338/429/382
f 338/429/382 339/438/390 397/439/391 396/430/383
f 396/430/383 397/439/391 455/440/392 454/431/384
f 454/431/384 455/440/392 49/441/385 48/432/377
f 49/433/385 50/442/393 108/443/394 107/434/386
f 107/434/386 108/443/394 166/444/395 165/435/387
f 165/435/387 166/444/395 224/445/396 223/436/388
f 223/436/388 224/445/396 282/446/397 281/437/389
f 281/437/389 282/446/397 340/447/398 339/438/390
f 339/438/390 340/447/398 398/448/399 397/439/391
f 397/439/391 398/448/399 456/449/400 455/440/392
f 455/440/392 456/449/400 50/450/393 49/441/385
f 50/442/393 51/451/401 109/452/402 108/443/394
f 108/443/394 109/452/402 167/453/403 166/444/395
f 166/444/395 167/453/403 225/454/404 224/445/396
f 224/445/396 225/454/404 283/455/405 282/446/397
f 282/446/397 283/455/405 341/456/406 340/447/398
f 340/447/398 341/456/406 399/457/407 398/448/399
f 398/448/399 399/457/407 457/458/408 456/449/400
f 456/449/400 457/458/408 51/459/401 50/450/393
f 51/451/401 52/460/409 110/461/410 109/452/402
f 109/452/402 110/461/410 168/462/411 167/453/403
f 167/453/403 168/462/411 226/463/412 225/454/404
f 225/454/404 226/463/412 284/464/413 283/455/405
f 283/455/405 284/464/413 342/465/414 341/456/406
f 341/456/406 342/465/414 400/466/415 399/457/407
f 399/457/407 400/466/415 458/467/416 457/458/408
f 457/458/408 458/467/416 52/468/409 51/459/401
f 52/460/409 53/469/417 111/470/418 110/461/410
f 110/461/410 111/470/418 169/471/419 168/462/411
f 168/462/411 169/471/419 227/472/420 226/463/412
f 226/463/412 227/472/420 285/473/421 284/464/413
f 284/464/413 285/473/421 343/474/422 342/465/414
f 342/465/414 343/474/422 401/475/423 400/466/415
f 400/466/415 401/475/423 459/476/424 458/467/416
f 458/467/416 459/476/424 53/477/417 52/468/409
f 53/469/417 54/478/425 112/479/426 111/470/418
f 111/470/418 112/479/426 170/480/427 169/471/419
f 169/471/419 170/480/427 228/481/428 227/472/420
f 227/472/420 228/481/428 286/482/429 285/473/421
f 285/473/421 286/482/429 344/483/430 343/474/422
f 343/474/422 344/483/430 402/484/431 401/475/423
f 401/475/423 402/484/431 460/485/432 459/476/424
f 459/476/424 460/485/432 54/486/425 53/477/417
f 54/478/425 55/487/433 113/488/434 112/479/426
f 112/479/426 113/488/434 171/489/435 170/480/427
f 170/480/427 171/489/435 229/490/436 228/481/428
f 228/481/428 229/490/436 287/491/437 286/482/429
f 286/482/429 287/491/437 345/492/438 344/483/430
f 344/483/430 345/492/438 403/493/439 402/484/431
f 402/484/431 403/493/439 461/494/440 460/485/432
f 460/485/432 461/494/440 55/495/433 54/486/425
f 55/487/433 56/487/441 114/488/442 113/488/434
f 113/488/434 114/488/442 172/489/443 171/489/435
f 171/489/435 172/489/443 230/490/444 229/490/436
f 229/490/436 230/490/444 288/491/445 287/491/437
f 287/491/437 288/491/445 346/492/446 345/492/438
f 345/492/438 346/492/446 404/493/447 403/493/439
f 403/493/439 404/493/447 462/494/448 461/494/440
f 461/494/440 462/494/448 56/495/441 55/495/433
f 56/487/441 57/496/449 115/497/450 114/488/442
f 114/488/442 115/497/450 173/498/451 172/489/443
f 172/489/443 173/498/451 231/499/452 230/490/444
f 230/490/444 231/499/452 289/500/453 288/491/445
f 288/491/445 289/500/453 347/501/454 346/492/446
f 346/492/446 347/501/454 405/502/455 404/493/447
f 404/493/447 405/502/455 463/503/456 462/494/448
f 462/494/448 463/503/456 57/504/449 56/495/441
f 57/496/449 58/505/457 116/506/458 115/497/450
f 115/497/450 116/506/458 174/507/459 173/498/451
f 173/498/451 174/507/459 232/508/460 231/499/452
f 231/499/452 232/508/460 290/509/461 289/500/453
f 289/500/453 290/509/461 348/510/462 347/501/454
f 347/501/454 348/510/462 406/511/463 405/502/455
f 405/502/455 406/511/463 464/512/464 463/503/456
f 463/503/456 464/512/464 58/513/457 57/504/449
o TableLamp.005
v 0.000000 0.455398 0.000132
v 0.001862 0.454948 0.000132
v 0.003767 0.454498 0.000132
v 0.005709 0.454048 0.000132
v 0.007682 0.453599 0.000132
v 0.009680 0.453149 0.000132
v 0.011696 0.452699 0.000132
v 0.013725 0.452249 0.000132
v 0.015760 0.451799 0.000132
v 0.017795 0.451350 0.000132
v 0.019824 0.450900 0.000132
v 0.021840 0.450450 0.000132
v 0.023838 0.450000 0.000132
v 0.024684 0.448554 0.000132
v 0.025625 0.446955 0.000132
v 0.026628 0.445254 0.000132
v 0.027663 0.443502 0.000132
v 0.028698 0.441750 0.000132
v 0.029702 0.440050 0.000132
v 0.030642 0.438451 0.000132
v 0.031488 0.437004 0.000132
v 0.032209 0.435761 0.000132
v 0.032771 0.434772 0.000132
v 0.033145 0.434089 0.000132
v 0.033299 0.433761 0.000132
v 0.033348 0.433357 0.000132
v 0.033425 0.432458 0.000132
v 0.033526 0.431133 0.000132
v 0.033647 0.429455 0.000132
v 0.033784 0.427493 0.000132
v 0.033934 0.425319 0.000132
v 0.034091 0.423003 0.000132
v 0.034253 0.420617 0.000132
v 0.034415 0.418230 0.000132
v 0.034572 0.415915 0.000132
v 0.034722 0.413741 0.000132
v 0.034859 0.411779 0.000132
v 0.025079 0.393136 0.000132
v 0.009256 0.388008 0.000132
v 0.016964 0.388358 0.000132
v 0.018365 0.382402 0.000132
v 0.018186 0.381009 0.000132
v 0.018022 0.380001 0.000132
v 0.017867 0.379247 0.000132
v 0.017717 0.378622 0.000132
v 0.017568 0.377997 0.000132
v 0.017413 0.377243 0.000132
v 0.017249 0.376235 0.000132
v 0.017069 0.374842 0.000132
v 0.016870 0.372938 0.000132
v 0.016647 0.370394 0.000132
v 0.016394 0.367083 0.000132
v 0.016106 0.362877 0.000132
v 0.012192 0.352360 0.000132
v 0.012192 0.040837 0.000132
v 0.130667 0.040837 0.000132
v 0.130667 0.000335 0.000132
v 0.000000 0.000236 0.000132
v 0.000093 0.455398 0.000093
v 0.001410 0.454948 -0.001223
v 0.002757 0.454498 -0.002570
v 0.004130 0.454048 -0.003943
v 0.005525 0.453599 -0.005339
v 0.006938 0.453149 -0.006751
v 0.008364 0.452699 -0.008177
v 0.009798 0.452249 -0.009612
v 0.011237 0.451799 -0.011051
v 0.012676 0.451350 -0.012490
v 0.014111 0.450900 -0.013924
v 0.015537 0.450450 -0.015350
v 0.016950 0.450000 -0.016763
v 0.017548 0.448554 -0.017361
v 0.018213 0.446955 -0.018026
v 0.018923 0.445254 -0.018736
v 0.019654 0.443502 -0.019468
v 0.020386 0.441750 -0.020199
v 0.021096 0.440050 -0.020909
v 0.021761 0.438451 -0.021574
v 0.022359 0.437004 -0.022172
v 0.022868 0.435761 -0.022681
v 0.023266 0.434772 -0.023079
v 0.023531 0.434089 -0.023344
v 0.023640 0.433761 -0.023453
v 0.023674 0.433357 -0.023487
v 0.023728 0.432458 -0.023541
v 0.023800 0.431133 -0.023613
v 0.023885 0.429455 -0.023699
v 0.023983 0.427493 -0.023796
v 0.024088 0.425319 -0.023901
v 0.024200 0.423003 -0.024013
v 0.024314 0.420617 -0.024127
v 0.024428 0.418230 -0.024241
v 0.024540 0.415915 -0.024353
v 0.024645 0.413741 -0.024459
v 0.024742 0.411779 -0.024556
v 0.017827 0.393136 -0.017640
v 0.006639 0.388008 -0.006452
v 0.012089 0.388358 -0.011902
v 0.013080 0.382402 -0.012893
v 0.012953 0.381009 -0.012766
v 0.012837 0.380001 -0.012650
v 0.012727 0.379247 -0.012541
v 0.012621 0.378622 -0.012435
v 0.012516 0.377997 -0.012329
v 0.012406 0.377243 -0.012220
v 0.012290 0.376235 -0.012103
v 0.012163 0.374842 -0.011977
v 0.012023 0.372938 -0.011836
v 0.011864 0.370394 -0.011678
v 0.011685 0.367083 -0.011499
v 0.011482 0.362877 -0.011295
v 0.008715 0.352360 -0.008528
v 0.008715 0.040837 -0.008528
v 0.092489 0.040837 -0.092302
v 0.092489 0.000335 -0.092302
v 0.000093 0.000236 0.000093
v 0.000132 0.455398 -0.000000
v 0.000132 0.454948 -0.001862
v 0.000132 0.454498 -0.003767
v 0.000132 0.454048 -0.005709
v 0.000132 0.453599 -0.007682
v 0.000132 0.453149 -0.009680
v 0.000132 0.452699 -0.011696
v 0.000132 0.452249 -0.013725
v 0.000132 0.451799 -0.015760
v 0.000132 0.451350 -0.017795
v 0.000132 0.450900 -0.019824
v 0.000132 0.450450 -0.021840
v 0.000132 0.450000 -0.023838
v 0.000132 0.448554 -0.024684
v 0.000132 0.446955 -0.025625
v 0.000132 0.445254 -0.026628
v 0.000132 0.443502 -0.027663
v 0.000132 0.441750 -0.028698
v 0.000132 0.440050 -0.029702
v 0.000132 0.438451 -0.030642
v 0.000132 0.437004 -0.031488
v 0.000132 0.435761 -0.032209
v 0.000132 0.434772 -0.032771
v 0.000132 0.434089 -0.033145
v 0.000132 0.433761 -0.033299
v 0.000132 0.433357 -0.033348
v 0.000132 0.432458 -0.033425
v 0.000132 0.431133 -0.033526
v 0.000132 0.429455 -0.033647
v 0.000132 0.427493 -0.033784
v 0.000132 0.425319 -0.033934
v 0.000132 0.423003 -0.034091
v 0.000132 0.420617 -0.034253
v 0.000132 0.418230 -0.034415
v 0.000132 0.415915 -0.034572
v 0.000132 0.413741 -0.034722
v 0.000132 0.411779 -0.034859
v 0.000132 0.393136 -0.025079
v 0.000132 0.388008 -0.009256
v 0.000132 0.388358 -0.016964
v 0.000132 0.382402 -0.018365
v 0.000132 0.381009 -0.018186
v 0.000132 0.380001 -0.018022
v 0.000132 0.379247 -0.017867
v 0.000132 0.378622 -0.017717
v 0.000132 0.377997 -0.017568
v 0.000132 0.377243 -0.017413
v 0.000132 0.376235 -0.017249
v 0.000132 0.374842 -0.017069
v 0.000132 0.372938 -0.016870
v 0.000132 0.370394 -0.016647
v 0.000132 0.367083 -0.016394
v 0.000132 0.362877 -0.016106
v 0.000132 0.352360 -0.012192
v 0.000132 0.040837 -0.012192
v 0.000132 0.040837 -0.130667
v 0.000132 0.000335 -0.130667
v 0.000132 0.000236 -0.000000
v 0.000093 0.455398 -0.000093
v -0.001223 0.454948 -0.001410
v -0.002570 0.454498 -0.002757
v -0.003943 0.454048 -0.004130
v -0.005339 0.453599 -0.005525
v -0.006751 0.453149 -0.006938
v -0.008177 0.452699 -0.008364
v -0.009612 0.452249 -0.009798
v -0.011051 0.451799 -0.011237
v -0.012490 0.451350 -0.012676
v -0.013924 0.450900 -0.014111
v -0.015350 0.450450 -0.015537
v -0.016763 0.450000 -0.016950
v -0.017361 0.448554 -0.017548
v -0.018026 0.446955 -0.018213
v -0.018736 0.445254 -0.018923
v -0.019468 0.443502 -0.019654
v -0.020199 0.441750 -0.020386
v -0.020909 0.440050 -0.021096
v -0.021574 0.438451 -0.021761
v -0.022172 0.437004 -0.022359
v -0.022681 0.435761 -0.022868
v -0.023079 0.434772 -0.023266
v -0.023344 0.434089 -0.023531
v -0.023453 0.433761 -0.023640
v -0.023487 0.433357 -0.023674
v -0.023541 0.432458 -0.023728
v -0.023613 0.431133 -0.023800
v -0.023699 0.429455 -0.023885
v -0.023796 0.427493 -0.023983
v -0.023901 0.425319 -0.024088
v -0.024013 0.423003 -0.024200
v -0.024127 0.420617 -0.024314
v -0.024241 0.418230 -0.024428
v -0.024353 0.415915 -0.024540
v -0.024459 0.413741 -0.024645
v -0.024556 0.411779 -0.024742
v -0.017640 0.393136 -0.017827
v -0.006452 0.388008 -0.006639
v -0.011902 0.388358 -0.012089
v -0.012893 0.382402 -0.013080
v -0.012766 0.381009 -0.012953
v -0.012650 0.380001 -0.012837
v -0.012541 0.379247 -0.012727
v -0.012435 0.378622 -0.012621
v -0.012329 0.377997 -0.012516
v -0.012220 0.377243 -0.012406
v -0.012103 0.376235 -0.012290
v -0.011977 0.374842 -0.012163
v -0.011836 0.372938 -0.012023
v -0.011678 0.370394 -0.011864
v -0.011499 0.367083 -0.011685
v -0.011295 0.362877 -0.011482
v -0.008528 0.352360 -0.008715
v -0.008528 0.040837 -0.008715
v -0.092302 0.040837 -0.092489
v -0.092302 0.000335 -0.092489
v 0.000093 0.000236 -0.000093
v -0.000000 0.455398 -0.000132
v -0.001862 0.454948 -0.000132
v -0.003767 0.454498 -0.000132
v -0.005709 0.454048 -0.000132
v -0.007682 0.453599 -0.000132
v -0.009680 0.453149 -0.000132
v -0.011696 0.452699 -0.000132
v -0.013725 0.452249 -0.000132
v -0.015760 0.451799 -0.000132
v -0.017795 0.451350 -0.000132
v -0.019824 0.450900 -0.000132
v -0.021840 0.450450 -0.000132
v -0.023838 0.450000 -0.000132
v -0.024684 0.448554 -0.000132
v -0.025625 0.446955 -0.000132
v -0.026628 0.445254 -0.000132
v -0.027663 0.443502 -0.000132
v -0.028698 0.441750 -0.000132
v -0.029702 0.440050 -0.000132
v -0.030642 0.438451 -0.000132
v -0.031488 0.437004 -0.000132
v -0.032209 0.435761 -0.000132
v -0.032771 0.434772 -0.000132
v -0.033145 0.434089 -0.000132
v -0.033299 0.433761 -0.000132
v -0.033348 0.433357 -0.000132
v -0.033425 0.432458 -0.000132
v -0.033526 0.431133 -0.000132
v -0.033647 0.429455 -0.000132
v -0.033784 0.427493 -0.000132
v -0.033934 0.425319 -0.000132
v -0.034091 0.423003 -0.000132
v -0.034253 0.420617 -0.000132
v -0.034415 0.418230 -0.000132
v -0.034572 0.415915 -0.000132
v -0.034722 0.413741 -0.000132
v -0.034859 0.411779 -0.000132
v -0.025079 0.393136 -0.000132
v -0.009256 0.388008 -0.000132
v -0.016964 0.388358 -0.000132
v -0.018365 0.382402 -0.000132
v -0.018186 0.381009 -0.000132
v -0.018022 0.380001 -0.000132
v -0.017867 0.379247 -0.000132
v -0.017717 0.378622 -0.000132
v -0.017568 0.377997 -0.000132
v -0.017413 0.377243 -0.000132
v -0.017249 0.376235 -0.000132
v -0.017069 0.374842 -0.000132
v -0.016870 0.372938 -0.000132
v -0.016647 0.370394 -0.000132
v -0.016394 0.367083 -0.000132
v -0.016106 0.362877 -0.000132
v -0.012192 0.352360 -0.000132
v -0.012192 0.040837 -0.000132
v -0.130667 0.040837 -0.000132
v -0.130667 0.000335 -0.000132
v -0.000000 0.000236 -0.000132
v -0.000093 0.455398 -0.000093
v -0.001410 0.454948 0.001223
v -0.002757 0.454498 0.002570
v -0.004130 0.454048 0.003943
v -0.005525 0.453599 0.005339
v -0.006938 0.453149 0.006751
v -0.008364 0.452699 0.008177
v -0.009798 0.452249 0.009612
v -0.011237 0.451799 0.011051
v -0.012676 0.451350 0.012490
v -0.014111 0.450900 0.013924
v -0.015537 0.450450 0.015350
v -0.016950 0.450000 0.016763
v -0.017548 0.448554 0.017361
v -0.018213 0.446955 0.018026
v -0.018923 0.445254 0.018736
v -0.019654 0.443502 0.019468
v -0.020386 0.441750 0.020199
v -0.021096 0.440050 0.020909
v -0.021761 0.438451 0.021574
v -0.022359 0.437004 0.022172
v -0.022868 0.435761 0.022681
v -0.023266 0.434772 0.023079
v -0.023531 0.434089 0.023344
v -0.023640 0.433761 0.023453
v -0.023674 0.433357 0.023487
v -0.023728 0.432458 0.023541
v -0.023800 0.431133 0.023613
v -0.023885 0.429455 0.023699
v -0.023983 0.427493 0.023796
v -0.024088 0.425319 0.023901
v -0.024200 0.423003 0.024013
v -0.024314 0.420617 0.024127
v -0.024428 0.418230 0.024241
v -0.024540 0.415915 0.024353
v -0.024645 0.413741 0.024459
v -0.024742 0.411779 0.024556
v -0.017827 0.393136 0.017640
v -0.006639 0.388008 0.006452
v -0.012089 0.388358 0.011902
v -0.013080 0.382402 0.012893
v -0.012953 0.381009 0.012766
v -0.012837 0.380001 0.012650
v -0.012727 0.379247 0.012541
v -0.012621 0.378622 0.012435
v -0.012516 0.377997 0.012329
v -0.012406 0.377243 0.012220
v -0.012290 0.376235 0.012103
v -0.012163 0.374842 0.011977
v -0.012023 0.372938 0.011836
v -0.011864 0.370394 0.011678
v -0.011685 0.367083 0.011499
v -0.011482 0.362877 0.011295
v -0.008715 0.352360 0.008528
v -0.008715 0.040837 0.008528
v -0.092489 0.040837 0.092302
v -0.092489 0.000335 0.092302
v -0.000093 0.000236 -0.000093
v -0.000132 0.455398 0.000000
v -0.000132 0.454948 0.001862
v -0.000132 0.454498 0.003767
v -0.000132 0.454048 0.005709
v -0.000132 0.453599 0.007682
v -0.000132 0.453149 0.009680
v -0.000132 0.452699 0.011696
v -0.000132 0.452249 0.013725
v -0.000132 0.451799 0.015760
v -0.000132 0.451350 0.017795
v -0.000132 0.450900 0.019824
v -0.000132 0.450450 0.021840
v -0.000132 0.450000 0.023838
v -0.000132 0.448554 0.024684
v -0.000132 0.446955 0.025625
v -0.000132 0.445254 0.026628
v -0.000132 0.443502 0.027663
v -0.000132 0.441750 0.028698
v -0.000132 0.440050 0.029702
v -0.000132 0.438451 0.030642
v -0.000132 0.437004 0.031488
v -0.000132 0.435761 0.032209
v -0.000132 0.434772 0.032771
v -0.000132 0.434089 0.033145
v -0.000132 0.433761 0.033299
v -0.000132 0.433357 0.033348
v -0.000132 0.432458 0.033425
v -0.000132 0.431133 0.033526
v -0.000132 0.429455 0.033647
v -0.000132 0.427493 0.033784
v -0.000132 0.425319 0.033934
v -0.000132 0.423003 0.034091
v -0.000132 0.420617 0.034253
v -0.000132 0.418230 0.034415
v -0.000132 0.415915 0.034572
v -0.000132 0.413741 0.034722
v -0.000132 0.411779 0.034859
v -0.000132 0.393136 0.025079
v -0.000132 0.388008 0.009256
v -0.000132 0.388358 0.016964
v -0.000132 0.382402 0.018365
v -0.000132 0.381009 0.018186
v -0.000132 0.380001 0.018022
v -0.000132 0.379247 0.017867
v -0.000132 0.378622 0.017717
v -0.000132 0.377997 0.017568
v -0.000132 0.377243 0.017413
v -0.000132 0.376235 0.017249
v -0.000132 0.374842 0.017069
v -0.000132 0.372938 0.016870
v -0.000132 0.370394 0.016647
v -0.000132 0.367083 0.016394
v -0.000132 0.362877 0.016106
v -0.000132 0.352360 0.012192
v -0.000132 0.040837 0.012192
v -0.000132 0.040837 0.130667
v -0.000132 0.000335 0.130667
v -0.000132 0.000236 0.000000
v -0.000093 0.455398 0.000093
v 0.001223 0.454948 0.001410
v 0.002570 0.454498 0.002757
v 0.003943 0.454048 0.004130
v 0.005339 0.453599 0.005525
v 0.006751 0.453149 0.006938
v 0.008177 0.452699 0.008364
v 0.009612 0.452249 0.009798
v 0.011051 0.451799 0.011237
v 0.012490 0.451350 0.012676
v 0.013924 0.450900 0.014111
v 0.015350 0.450450 0.015537
v 0.016763 0.450000 0.016950
v 0.017361 0.448554 0.017548
v 0.018026 0.446955 0.018213
v 0.018736 0.445254 0.018923
v 0.019468 0.443502 0.019654
v 0.020199 0.441750 0.020386
v 0.020909 0.440050 0.021096
v 0.021574 0.438451 0.021761
v 0.022172 0.437004 0.022359
v 0.022681 0.435761 0.022868
v 0.023079 0.434772 0.023266
v 0.023344 0.434089 0.023531
v 0.023453 0.433761 0.023640
v 0.023487 0.433357 0.023674
v 0.023541 0.432458 0.023728
v 0.023613 0.431133 0.023800
v 0.023699 0.429455 0.023885
v 0.023796 0.427493 0.023983
v 0.023901 0.425319 0.024088
v 0.024013 0.423003 0.024200
v 0.024127 0.420617 0.024314
v 0.024241 0.418230 0.024428
v 0.024353 0.415915 0.024540
v 0.024459 0.413741 0.024645
v 0.024556 0.411779 0.024742
v 0.017640 0.393136 0.017827
v 0.006452 0.388008 0.006639
v 0.011902 0.388358 0.012089
v 0.012893 0.382402 0.013080
v 0.012766 0.381009 0.012953
v 0.012650 0.380001 0.012837
v 0.012541 0.379247 0.012727
v 0.012435 0.378622 0.012621
v 0.012329 0.377997 0.012516
v 0.012220 0.377243 0.012406
v 0.012103 0.376235 0.012290
v 0.011977 0.374842 0.012163
v 0.011836 0.372938 0.012023
v 0.011678 0.370394 0.011864
v 0.011499 0.367083 0.011685
v 0.011295 0.362877 0.011482
v 0.008528 0.352360 0.008715
v 0.008528 0.040837 0.008715
v 0.092302 0.040837 0.092489
v 0.092302 0.000335 0.092489
v -0.000093 0.000236 0.000093
vn 0.2329 0.9723 0.0176
vn 0.2551 0.8991 0.3557
vn -0.0711 0.8991 0.4318
vn 0.1771 0.9724 -0.1522
vn 0.4317 0.8992 0.0711
vn 0.0176 0.9724 -0.2329
vn 0.3556 0.8992 -0.2551
vn -0.1522 0.9724 -0.1771
vn 0.0714 0.8991 -0.4318
vn -0.2329 0.9723 -0.0176
vn -0.2550 0.8991 -0.3557
vn -0.1771 0.9724 0.1522
vn -0.4317 0.8992 -0.0712
vn -0.0176 0.9724 0.2329
vn -0.3558 0.8991 0.2551
vn 0.1522 0.9724 0.1771
vn 0.2275 0.9738 0.0087
vn 0.1670 0.9738 -0.1547
vn 0.0087 0.9738 -0.2274
vn -0.1547 0.9737 -0.1670
vn -0.2274 0.9738 -0.0087
vn -0.1670 0.9738 0.1547
vn -0.0087 0.9738 0.2274
vn 0.1547 0.9738 0.1670
vn 0.2236 0.9747 0.0057
vn 0.1622 0.9747 -0.1541
vn 0.0057 0.9747 -0.2236
vn -0.1541 0.9747 -0.1622
vn -0.2236 0.9747 -0.0057
vn -0.1622 0.9747 0.1541
vn -0.0057 0.9747 0.2236
vn 0.1541 0.9747 0.1622
vn 0.2207 0.9753 0.0042
vn 0.1590 0.9753 -0.1530
vn 0.0042 0.9753 -0.2207
vn -0.1530 0.9753 -0.1590
vn -0.2207 0.9753 -0.0042
vn -0.1590 0.9753 0.1530
vn -0.0042 0.9753 0.2207
vn 0.1530 0.9753 0.1590
vn 0.2185 0.9758 0.0033
vn 0.1568 0.9758 -0.1521
vn 0.0033 0.9758 -0.2185
vn -0.1521 0.9758 -0.1568
vn -0.2185 0.9758 -0.0033
vn -0.1568 0.9758 0.1521
vn -0.0033 0.9758 0.2185
vn 0.1521 0.9758 0.1568
vn 0.2169 0.9762 0.0028
vn 0.1554 0.9762 -0.1514
vn 0.0028 0.9762 -0.2169
vn -0.1514 0.9762 -0.1554
vn -0.2169 0.9762 -0.0028
vn -0.1554 0.9762 0.1514
vn -0.0028 0.9762 0.2169
vn 0.1514 0.9762 0.1554
vn 0.2161 0.9764 0.0024
vn 0.1545 0.9764 -0.1511
vn 0.0024 0.9764 -0.2161
vn -0.1511 0.9764 -0.1544
vn -0.2161 0.9764 -0.0024
vn -0.1545 0.9764 0.1511
vn -0.0024 0.9764 0.2161
vn 0.1511 0.9764 0.1544
vn 0.2158 0.9764 0.0021
vn 0.1541 0.9764 -0.1512
vn 0.0021 0.9764 -0.2158
vn -0.1512 0.9764 -0.1541
vn -0.2158 0.9764 -0.0021
vn -0.1541 0.9764 0.1512
vn -0.0020 0.9764 0.2158
vn 0.1512 0.9764 0.1541
vn 0.2162 0.9763 0.0018
vn 0.1542 0.9763 -0.1516
vn 0.0018 0.9763 -0.2162
vn -0.1516 0.9763 -0.1542
vn -0.2162 0.9763 -0.0018
vn -0.1542 0.9763 0.1516
vn -0.0018 0.9763 0.2162
vn 0.1516 0.9763 0.1542
vn 0.2172 0.9761 0.0017
vn 0.1548 0.9761 -0.1524
vn 0.0017 0.9761 -0.2172
vn -0.1525 0.9761 -0.1548
vn -0.2172 0.9761 -0.0017
vn -0.1548 0.9761 0.1524
vn -0.0017 0.9761 0.2172
vn 0.1525 0.9761 0.1548
vn 0.2189 0.9757 0.0015
vn 0.1559 0.9757 -0.1537
vn 0.0015 0.9757 -0.2189
vn -0.1537 0.9757 -0.1559
vn -0.2189 0.9757 -0.0015
vn -0.1559 0.9757 0.1537
vn -0.0015 0.9757 0.2189
vn 0.1537 0.9757 0.1559
vn 0.6477 0.7619 0.0039
vn 0.4607 0.7619 -0.4552
vn 0.0039 0.7619 -0.6477
vn -0.4552 0.7619 -0.4607
vn -0.6477 0.7619 -0.0039
vn -0.4607 0.7619 0.4552
vn -0.0039 0.7619 0.6477
vn 0.4552 0.7619 0.4607
vn 0.8625 0.5061 0.0048
vn 0.6132 0.5061 -0.6065
vn 0.0048 0.5061 -0.8625
vn -0.6065 0.5061 -0.6132
vn -0.8625 0.5061 -0.0048
vn -0.6132 0.5061 0.6065
vn -0.0048 0.5061 0.8625
vn 0.6065 0.5061 0.6132
vn 0.8616 0.5076 0.0046
vn 0.6125 0.5076 -0.6060
vn 0.0046 0.5076 -0.8616
vn -0.6060 0.5076 -0.6125
vn -0.8616 0.5076 -0.0046
vn -0.6125 0.5076 0.6060
vn -0.0046 0.5076 0.8616
vn 0.6060 0.5076 0.6125
vn 0.8611 0.5084 0.0044
vn 0.6120 0.5084 -0.6058
vn 0.0044 0.5084 -0.8611
vn -0.6057 0.5084 -0.6120
vn -0.8611 0.5084 -0.0044
vn -0.6120 0.5084 0.6058
vn -0.0044 0.5084 0.8611
vn 0.6058 0.5084 0.6120
vn 0.8610 0.5087 0.0043
vn 0.6118 0.5087 -0.6058
vn 0.0043 0.5087 -0.8610
vn -0.6058 0.5087 -0.6118
vn -0.8610 0.5087 -0.0043
vn -0.6118 0.5087 0.6058
vn -0.0043 0.5087 0.8610
vn 0.6058 0.5087 0.6118
vn 0.8611 0.5084 0.0041
vn 0.6118 0.5084 -0.6060
vn 0.0041 0.5084 -0.8611
vn -0.6060 0.5084 -0.6118
vn -0.8611 0.5084 -0.0041
vn -0.6118 0.5084 0.6060
vn -0.0041 0.5084 0.8611
vn 0.6060 0.5084 0.6118
vn 0.8617 0.5075 0.0040
vn 0.6121 0.5075 -0.6065
vn 0.0040 0.5075 -0.8617
vn -0.6065 0.5075 -0.6121
vn -0.8617 0.5075 -0.0040
vn -0.6121 0.5075 0.6065
vn -0.0040 0.5075 0.8617
vn 0.6065 0.5075 0.6121
vn 0.8626 0.5058 0.0039
vn 0.6127 0.5058 -0.6073
vn 0.0039 0.5058 -0.8626
vn -0.6073 0.5058 -0.6127
vn -0.8626 0.5058 -0.0039
vn -0.6127 0.5058 0.6073
vn -0.0039 0.5058 0.8626
vn 0.6072 0.5058 0.6127
vn 0.8643 0.5029 0.0038
vn 0.6138 0.5029 -0.6085
vn 0.0038 0.5029 -0.8643
vn -0.6085 0.5029 -0.6138
vn -0.8643 0.5029 -0.0038
vn -0.6138 0.5029 0.6085
vn -0.0038 0.5029 0.8643
vn 0.6085 0.5029 0.6138
vn 0.8674 0.4976 0.0037
vn 0.6159 0.4976 -0.6107
vn 0.0037 0.4976 -0.8674
vn -0.6107 0.4976 -0.6159
vn -0.8674 0.4976 -0.0037
vn -0.6159 0.4976 0.6107
vn -0.0037 0.4976 0.8674
vn 0.6107 0.4976 0.6159
vn 0.8737 0.4865 0.0036
vn 0.6203 0.4865 -0.6152
vn 0.0036 0.4865 -0.8737
vn -0.6152 0.4865 -0.6203
vn -0.8737 0.4865 -0.0037
vn -0.6203 0.4865 0.6152
vn -0.0037 0.4865 0.8737
vn 0.6152 0.4865 0.6203
vn 0.8932 0.4497 0.0037
vn 0.6341 0.4497 -0.6290
vn 0.0037 0.4497 -0.8932
vn -0.6290 0.4497 -0.6341
vn -0.8932 0.4497 -0.0037
vn -0.6342 0.4497 0.6290
vn -0.0037 0.4497 0.8932
vn 0.6290 0.4497 0.6341
vn 0.9640 0.2660 0.0038
vn 0.6843 0.2660 -0.6790
vn 0.0037 0.2660 -0.9640
vn -0.6790 0.2660 -0.6843
vn -0.9640 0.2660 -0.0038
vn -0.6843 0.2660 0.6790
vn -0.0037 0.2660 0.9640
vn 0.6790 0.2660 0.6843
vn 0.9948 0.1019 0.0039
vn 0.7062 0.1019 -0.7006
vn 0.0039 0.1019 -0.9948
vn -0.7006 0.1019 -0.7062
vn -0.9948 0.1019 -0.0039
vn -0.7062 0.1019 0.7007
vn -0.0039 0.1019 0.9948
vn 0.7006 0.1019 0.7062
vn 0.9967 0.0805 0.0039
vn 0.7076 0.0805 -0.7020
vn 0.0039 0.0805 -0.9967
vn -0.7020 0.0805 -0.7076
vn -0.9967 0.0805 -0.0039
vn -0.7076 0.0805 0.7020
vn -0.0039 0.0805 0.9967
vn 0.7020 0.0805 0.7076
vn 0.9972 0.0740 0.0039
vn 0.7079 0.0740 -0.7024
vn 0.0039 0.0740 -0.9972
vn -0.7024 0.0740 -0.7079
vn -0.9972 0.0740 -0.0039
vn -0.7079 0.0740 0.7024
vn -0.0039 0.0740 0.9972
vn 0.7024 0.0740 0.7079
vn 0.9975 0.0709 0.0039
vn 0.7081 0.0709 -0.7026
vn 0.0039 0.0709 -0.9975
vn -0.7026 0.0709 -0.7081
vn -0.9975 0.0709 -0.0039
vn -0.7081 0.0709 0.7026
vn -0.0039 0.0709 0.9975
vn 0.7026 0.0709 0.7081
vn 0.9976 0.0692 0.0039
vn 0.7082 0.0692 -0.7026
vn 0.0039 0.0692 -0.9976
vn -0.7026 0.0692 -0.7082
vn -0.9976 0.0692 -0.0039
vn -0.7082 0.0692 0.7026
vn -0.0039 0.0692 0.9976
vn 0.7026 0.0692 0.7082
vn 0.9977 0.0682 0.0039
vn 0.7082 0.0682 -0.7027
vn 0.0039 0.0682 -0.9977
vn -0.7027 0.0682 -0.7082
vn -0.9977 0.0682 -0.0039
vn -0.7082 0.0682 0.7027
vn -0.0039 0.0682 0.9977
vn 0.7027 0.0682 0.7082
vn 0.9977 0.0677 0.0039
vn 0.7082 0.0677 -0.7027
vn 0.0039 0.0677 -0.9977
vn -0.7027 0.0677 -0.7082
vn -0.9977 0.0677 -0.0039
vn -0.7082 0.0677 0.7027
vn -0.0039 0.0677 0.9977
vn 0.7027 0.0677 0.7082
vn 0.9977 0.0676 0.0038
vn 0.7082 0.0676 -0.7028
vn 0.0038 0.0676 -0.9977
vn -0.7028 0.0676 -0.7082
vn -0.9977 0.0676 -0.0039
vn -0.7082 0.0676 0.7028
vn -0.0039 0.0676 0.9977
vn 0.7028 0.0676 0.7082
vn 0.9977 0.0677 0.0038
vn 0.7082 0.0677 -0.7028
vn 0.0038 0.0677 -0.9977
vn -0.7028 0.0677 -0.7082
vn -0.9977 0.0677 -0.0038
vn -0.7082 0.0677 0.7028
vn -0.0038 0.0677 0.9977
vn 0.7028 0.0677 0.7082
vn 0.9977 0.0682 0.0038
vn 0.7082 0.0682 -0.7028
vn 0.0038 0.0682 -0.9977
vn -0.7028 0.0682 -0.7081
vn -0.9977 0.0682 -0.0038
vn -0.7081 0.0682 0.7028
vn -0.0038 0.0682 0.9977
vn 0.7028 0.0682 0.7081
vn 0.9976 0.0692 0.0038
vn 0.7081 0.0692 -0.7027
vn 0.0038 0.0692 -0.9976
vn -0.7027 0.0692 -0.7081
vn -0.9976 0.0692 -0.0038
vn -0.7081 0.0692 0.7027
vn -0.0038 0.0692 0.9976
vn 0.7027 0.0692 0.7081
vn 0.9812 -0.1928 0.0037
vn 0.6964 -0.1928 -0.6913
vn 0.0037 -0.1928 -0.9812
vn -0.6913 -0.1928 -0.6964
vn -0.9812 -0.1928 -0.0037
vn -0.6964 -0.1928 0.6913
vn -0.0037 -0.1928 0.9812
vn 0.6913 -0.1928 0.6964
vn 0.4928 -0.7208 -0.4875
vn 0.0038 -0.7208 -0.6931
vn -0.4875 -0.7208 -0.4928
vn -0.6931 -0.7208 -0.0038
vn -0.4928 -0.7208 0.4875
vn -0.0038 -0.7208 0.6931
vn 0.4875 -0.7208 0.4928
vn 0.6931 -0.7208 0.0038
vn 0.6963 0.2428 -0.6754
vn 0.0148 0.2428 -0.9700
vn -0.6754 0.2428 -0.6963
vn -0.9700 0.2428 -0.0148
vn -0.6964 0.2428 0.6754
vn -0.0148 0.2428 0.9700
vn 0.6754 0.2428 0.6964
vn 0.9700 0.2428 0.0148
vn 0.6864 0.7272 0.0055
vn 0.4892 0.7272 -0.4814
vn 0.0055 0.7272 -0.6864
vn -0.4814 0.7272 -0.4892
vn -0.6864 0.7272 -0.0055
vn -0.4892 0.7272 0.4814
vn -0.0055 0.7272 0.6864
vn 0.4814 0.7272 0.4892
vn 0.9988 0.0493 0.0070
vn 0.7112 0.0493 -0.7013
vn 0.0070 0.0493 -0.9988
vn -0.7013 0.0493 -0.7112
vn -0.9988 0.0493 -0.0070
vn -0.7112 0.0493 0.7013
vn -0.0070 0.0493 0.9988
vn 0.7013 0.0493 0.7112
vn 0.7048 -0.1437 -0.6947
vn 0.0072 -0.1437 -0.9896
vn -0.6947 -0.1437 -0.7048
vn -0.9896 -0.1437 -0.0072
vn -0.7048 -0.1437 0.6947
vn -0.0072 -0.1437 0.9896
vn 0.6947 -0.1437 0.7048
vn 0.9896 -0.1437 0.0072
vn 0.7006 -0.1801 -0.6904
vn 0.0072 -0.1801 -0.9836
vn -0.6904 -0.1801 -0.7006
vn -0.9836 -0.1801 -0.0072
vn -0.7006 -0.1801 0.6904
vn -0.0072 -0.1801 0.9836
vn 0.6904 -0.1801 0.7006
vn 0.9836 -0.1801 0.0072
vn 0.6955 -0.2161 -0.6853
vn 0.0073 -0.2161 -0.9763
vn -0.6853 -0.2161 -0.6955
vn -0.9763 -0.2161 -0.0072
vn -0.6955 -0.2161 0.6853
vn -0.0073 -0.2161 0.9763
vn 0.6853 -0.2161 0.6955
vn 0.9763 -0.2161 0.0072
vn 0.6928 -0.2328 -0.6825
vn 0.0073 -0.2328 -0.9725
vn -0.6825 -0.2328 -0.6928
vn -0.9725 -0.2328 -0.0073
vn -0.6928 -0.2328 0.6825
vn -0.0073 -0.2328 0.9725
vn 0.6825 -0.2328 0.6928
vn 0.9725 -0.2328 0.0073
vn 0.6953 -0.2178 -0.6849
vn 0.0074 -0.2178 -0.9760
vn -0.6849 -0.2178 -0.6954
vn -0.9760 -0.2178 -0.0074
vn -0.6953 -0.2178 0.6849
vn -0.0074 -0.2178 0.9760
vn 0.6849 -0.2178 0.6953
vn 0.9760 -0.2178 0.0074
vn 0.7006 -0.1819 -0.6900
vn 0.0075 -0.1819 -0.9833
vn -0.6900 -0.1819 -0.7006
vn -0.9833 -0.1819 -0.0075
vn -0.7006 -0.1819 0.6900
vn -0.0075 -0.1819 0.9833
vn 0.6900 -0.1819 0.7006
vn 0.9833 -0.1819 0.0075
vn 0.7050 -0.1449 -0.6942
vn 0.0076 -0.1449 -0.9894
vn -0.6942 -0.1449 -0.7050
vn -0.9894 -0.1449 -0.0076
vn -0.7050 -0.1449 0.6942
vn -0.0076 -0.1449 0.9894
vn 0.6942 -0.1449 0.7050
vn 0.9894 -0.1449 0.0076
vn 0.7078 -0.1161 -0.6968
vn 0.0077 -0.1161 -0.9932
vn -0.6968 -0.1161 -0.7078
vn -0.9932 -0.1161 -0.0077
vn -0.7078 -0.1161 0.6968
vn -0.0077 -0.1161 0.9932
vn 0.6968 -0.1161 0.7078
vn 0.9932 -0.1161 0.0077
vn 0.7094 -0.0959 -0.6983
vn 0.0078 -0.0959 -0.9954
vn -0.6983 -0.0959 -0.7094
vn -0.9954 -0.0959 -0.0078
vn -0.7093 -0.0959 0.6983
vn -0.0078 -0.0959 0.9954
vn 0.6983 -0.0959 0.7093
vn 0.9954 -0.0959 0.0078
vn 0.7103 -0.0820 -0.6991
vn 0.0079 -0.0820 -0.9966
vn -0.6991 -0.0820 -0.7103
vn -0.9966 -0.0820 -0.0079
vn -0.7103 -0.0820 0.6991
vn -0.0079 -0.0820 0.9966
vn 0.6991 -0.0820 0.7103
vn 0.9966 -0.0820 0.0079
vn 0.7109 -0.0723 -0.6995
vn 0.0080 -0.0723 -0.9974
vn -0.6995 -0.0723 -0.7109
vn -0.9974 -0.0723 -0.0080
vn -0.7109 -0.0723 0.6995
vn -0.0080 -0.0723 0.9974
vn 0.6995 -0.0723 0.7109
vn 0.9974 -0.0723 0.0080
vn 0.6980 -0.2035 -0.6866
vn 0.0080 -0.2035 -0.9790
vn -0.6866 -0.2035 -0.6980
vn -0.9790 -0.2035 -0.0080
vn -0.6980 -0.2035 0.6866
vn -0.0080 -0.2035 0.9790
vn 0.6866 -0.2035 0.6980
vn 0.9790 -0.2035 0.0080
vn 0.7024 -0.1856 -0.6872
vn 0.0108 -0.1856 -0.9826
vn -0.6872 -0.1856 -0.7024
vn -0.9826 -0.1856 -0.0108
vn -0.7024 -0.1856 0.6872
vn -0.0108 -0.1856 0.9826
vn 0.6872 -0.1856 0.7024
vn 0.9826 -0.1856 0.0108
vn 0.5943 0.8042 0.0064
vn 0.4248 0.8042 -0.4157
vn 0.0064 0.8042 -0.5943
vn -0.4157 0.8042 -0.4248
vn -0.5943 0.8042 -0.0064
vn -0.4248 0.8042 0.4157
vn -0.0064 0.8042 0.5943
vn 0.4157 0.8042 0.4248
vn 0.7764 0.6303 0.0008
vn 0.5495 0.6303 -0.5484
vn 0.0008 0.6303 -0.7764
vn -0.5484 0.6303 -0.5495
vn -0.7764 0.6303 -0.0008
vn -0.5495 0.6303 0.5484
vn -0.0008 0.6303 0.7764
vn 0.5484 0.6303 0.5495
vn 0.7766 -0.6300 0.0008
vn 0.5497 -0.6300 -0.5486
vn 0.0008 -0.6300 -0.7766
vn -0.5486 -0.6300 -0.5497
vn -0.7766 -0.6300 -0.0008
vn -0.5497 -0.6300 0.5486
vn -0.0008 -0.6300 0.7766
vn 0.0009 -1.0000 0.0013
vn 0.0015 -1.0000 0.0003
vn 0.0013 -1.0000 -0.0009
vn 0.0003 -1.0000 -0.0015
vn -0.0009 -1.0000 -0.0013
vn -0.0015 -1.0000 -0.0003
vn -0.0013 -1.0000 0.0009
vn 0.5486 -0.6300 0.5497
vn -0.0003 -1.0000 0.0015
vt 0.000000 0.454948
vt 0.125000 0.455398
vt 0.000000 0.455398
vt 0.125000 0.454948
vt 0.250000 0.455398
vt 0.250000 0.454948
vt 0.375000 0.455398
vt 0.375000 0.454948
vt 0.500000 0.455398
vt 0.500000 0.454948
vt 0.625000 0.455398
vt 0.625000 0.454948
vt 0.750000 0.455398
vt 0.750000 0.454948
vt 0.875000 0.455398
vt 0.875000 0.454948
vt 1.000000 0.455398
vt 0.000000 0.454498
vt 0.125000 0.454498
vt 0.250000 0.454498
vt 0.375000 0.454498
vt 0.500000 0.454498
vt 0.625000 0.454498
vt 0.750000 0.454498
vt 0.875000 0.454498
vt 1.000000 0.454948
vt 0.000000 0.454048
vt 0.125000 0.454048
vt 0.250000 0.454048
vt 0.375000 0.454048
vt 0.500000 0.454048
vt 0.625000 0.454048
vt 0.750000 0.454048
vt 0.875000 0.454048
vt 1.000000 0.454498
vt 0.000000 0.453599
vt 0.125000 0.453599
vt 0.250000 0.453599
vt 0.375000 0.453599
vt 0.500000 0.453599
vt 0.625000 0.453599
vt 0.750000 0.453599
vt 0.875000 0.453599
vt 1.000000 0.454048
vt 0.000000 0.453149
vt 0.125000 0.453149
vt 0.250000 0.453149
vt 0.375000 0.453149
vt 0.500000 0.453149
vt 0.625000 0.453149
vt 0.750000 0.453149
vt 0.875000 0.453149
vt 1.000000 0.453599
vt 0.000000 0.452699
vt 0.125000 0.452699
vt 0.250000 0.452699
vt 0.375000 0.452699
vt 0.500000 0.452699
vt 0.625000 0.452699
vt 0.750000 0.452699
vt 0.875000 0.452699
vt 1.000000 0.453149
vt 0.000000 0.452249
vt 0.125000 0.452249
vt 0.250000 0.452249
vt 0.375000 0.452249
vt 0.500000 0.452249
vt 0.625000 0.452249
vt 0.750000 0.452249
vt 0.875000 0.452249
vt 1.000000 0.452699
vt 0.000000 0.451799
vt 0.125000 0.451799
vt 0.250000 0.451799
vt 0.375000 0.451799
vt 0.500000 0.451799
vt 0.625000 0.451799
vt 0.750000 0.451799
vt 0.875000 0.451799
vt 1.000000 0.452249
vt 0.000000 0.451350
vt 0.125000 0.451350
vt 0.250000 0.451350
vt 0.375000 0.451350
vt 0.500000 0.451350
vt 0.625000 0.451350
vt 0.750000 0.451350
vt 0.875000 0.451350
vt 1.000000 0.451799
vt 0.000000 0.450900
vt 0.125000 0.450900
vt 0.250000 0.450900
vt 0.375000 0.450900
vt 0.500000 0.450900
vt 0.625000 0.450900
vt 0.750000 0.450900
vt 0.875000 0.450900
vt 1.000000 0.451350
vt 0.000000 0.450450
vt 0.125000 0.450450
vt 0.250000 0.450450
vt 0.375000 0.450450
vt 0.500000 0.450450
vt 0.625000 0.450450
vt 0.750000 0.450450
vt 0.875000 0.450450
vt 1.000000 0.450900
vt 0.000000 0.450000
vt 0.125000 0.450000
vt 0.250000 0.450000
vt 0.375000 0.450000
vt 0.500000 0.450000
vt 0.625000 0.450000
vt 0.750000 0.450000
vt 0.875000 0.450000
vt 1.000000 0.450450
vt 0.000000 0.448554
vt 0.125000 0.448554
vt 0.250000 0.448554
vt 0.375000 0.448554
vt 0.500000 0.448554
vt 0.625000 0.448554
vt 0.750000 0.448554
vt 0.875000 0.448554
vt 1.000000 0.450000
vt 0.000000 0.446955
vt 0.125000 0.446955
vt 0.250000 0.446955
vt 0.375000 0.446955
vt 0.500000 0.446955
vt 0.625000 0.446955
vt 0.750000 0.446955
vt 0.875000 0.446955
vt 1.000000 0.448554
vt 0.000000 0.445254
vt 0.125000 0.445254
vt 0.250000 0.445254
vt 0.375000 0.445254
vt 0.500000 0.445254
vt 0.625000 0.445254
vt 0.750000 0.445254
vt 0.875000 0.445254
vt 1.000000 0.446955
vt 0.000000 0.443502
vt 0.125000 0.443502
vt 0.250000 0.443502
vt 0.375000 0.443502
vt 0.500000 0.443502
vt 0.625000 0.443502
vt 0.750000 0.443502
vt 0.875000 0.443502
vt 1.000000 0.445254
vt 0.000000 0.441750
vt 0.125000 0.441750
vt 0.250000 0.441750
vt 0.375000 0.441750
vt 0.500000 0.441750
vt 0.625000 0.441750
vt 0.750000 0.441750
vt 0.875000 0.441750
vt 1.000000 0.443502
vt 0.000000 0.440050
vt 0.125000 0.440050
vt 0.250000 0.440050
vt 0.375000 0.440050
vt 0.500000 0.440050
vt 0.625000 0.440050
vt 0.750000 0.440050
vt 0.875000 0.440050
vt 1.000000 0.441750
vt 0.000000 0.438451
vt 0.125000 0.438451
vt 0.250000 0.438451
vt 0.375000 0.438451
vt 0.500000 0.438451
vt 0.625000 0.438451
vt 0.750000 0.438451
vt 0.875000 0.438451
vt 1.000000 0.440050
vt 0.000000 0.437004
vt 0.125000 0.437004
vt 0.250000 0.437004
vt 0.375000 0.437004
vt 0.500000 0.437004
vt 0.625000 0.437004
vt 0.750000 0.437004
vt 0.875000 0.437004
vt 1.000000 0.438451
vt 0.000000 0.435761
vt 0.125000 0.435761
vt 0.250000 0.435761
vt 0.375000 0.435761
vt 0.500000 0.435761
vt 0.625000 0.435761
vt 0.750000 0.435761
vt 0.875000 0.435761
vt 1.000000 0.437004
vt 0.000000 0.434772
vt 0.125000 0.434772
vt 0.250000 0.434772
vt 0.375000 0.434772
vt 0.500000 0.434772
vt 0.625000 0.434772
vt 0.750000 0.434772
vt 0.875000 0.434772
vt 1.000000 0.435761
vt 0.000000 0.434089
vt 0.125000 0.434089
vt 0.250000 0.434089
vt 0.375000 0.434089
vt 0.500000 0.434089
vt 0.625000 0.434089
vt 0.750000 0.434089
vt 0.875000 0.434089
vt 1.000000 0.434772
vt 0.000000 0.433761
vt 0.125000 0.433761
vt 0.250000 0.433761
vt 0.375000 0.433761
vt 0.500000 0.433761
vt 0.625000 0.433761
vt 0.750000 0.433761
vt 0.875000 0.433761
vt 1.000000 0.434089
vt 0.000000 0.433357
vt 0.125000 0.433357
vt 0.250000 0.433357
vt 0.375000 0.433357
vt 0.500000 0.433357
vt 0.625000 0.433357
vt 0.750000 0.433357
vt 0.875000 0.433357
vt 1.000000 0.433761
vt 0.000000 0.432458
vt 0.125000 0.432458
vt 0.250000 0.432458
vt 0.375000 0.432458
vt 0.500000 0.432458
vt 0.625000 0.432458
vt 0.750000 0.432458
vt 0.875000 0.432458
vt 1.000000 0.433357
vt 0.000000 0.431133
vt 0.125000 0.431133
vt 0.250000 0.431133
vt 0.375000 0.431133
vt 0.500000 0.431133
vt 0.625000 0.431133
vt 0.750000 0.431133
vt 0.875000 0.431133
vt 1.000000 0.432458
vt 0.000000 0.429455
vt 0.125000 0.429455
vt 0.250000 0.429455
vt 0.375000 0.429455
vt 0.500000 0.429455
vt 0.625000 0.429455
vt 0.750000 0.429455
vt 0.875000 0.429455
vt 1.000000 0.431133
vt 0.000000 0.427493
vt 0.125000 0.427493
vt 0.250000 0.427493
vt 0.375000 0.427493
vt 0.500000 0.427493
vt 0.625000 0.427493
vt 0.750000 0.427493
vt 0.875000 0.427493
vt 1.000000 0.429455
vt 0.000000 0.425319
vt 0.125000 0.425319
vt 0.250000 0.425319
vt 0.375000 0.425319
vt 0.500000 0.425319
vt 0.625000 0.425319
vt 0.750000 0.425319
vt 0.875000 0.425319
vt 1.000000 0.427493
vt 0.000000 0.423003
vt 0.125000 0.423003
vt 0.250000 0.423003
vt 0.375000 0.423003
vt 0.500000 0.423003
vt 0.625000 0.423003
vt 0.750000 0.423003
vt 0.875000 0.423003
vt 1.000000 0.425319
vt 0.000000 0.420617
vt 0.125000 0.420617
vt 0.250000 0.420617
vt 0.375000 0.420617
vt 0.500000 0.420617
vt 0.625000 0.420617
vt 0.750000 0.420617
vt 0.875000 0.420617
vt 1.000000 0.423003
vt 0.000000 0.418230
vt 0.125000 0.418230
vt 0.250000 0.418230
vt 0.375000 0.418230
vt 0.500000 0.418230
vt 0.625000 0.418230
vt 0.750000 0.418230
vt 0.875000 0.418230
vt 1.000000 0.420617
vt 0.000000 0.415915
vt 0.125000 0.415915
vt 0.250000 0.415915
vt 0.375000 0.415915
vt 0.500000 0.415915
vt 0.625000 0.415915
vt 0.750000 0.415915
vt 0.875000 0.415915
vt 1.000000 0.418230
vt 0.000000 0.413741
vt 0.125000 0.413741
vt 0.250000 0.413741
vt 0.375000 0.413741
vt 0.500000 0.413741
vt 0.625000 0.413741
vt 0.750000 0.413741
vt 0.875000 0.413741
vt 1.000000 0.415915
vt 0.000000 0.411779
vt 0.125000 0.411779
vt 0.250000 0.411779
vt 0.375000 0.411779
vt 0.500000 0.411779
vt 0.625000 0.411779
vt 0.750000 0.411779
vt 0.875000 0.411779
vt 1.000000 0.413741
vt 0.125000 0.393136
vt 0.250000 0.393136
vt 0.375000 0.393136
vt 0.500000 0.393136
vt 0.625000 0.393136
vt 0.750000 0.393136
vt 0.875000 0.393136
vt 1.000000 0.393136
vt 1.000000 0.411779
vt 0.000000 0.393136
vt 0.125000 0.388008
vt 0.250000 0.388008
vt 0.375000 0.388008
vt 0.500000 0.388008
vt 0.625000 0.388008
vt 0.750000 0.388008
vt 0.875000 0.388008
vt 1.000000 0.388008
vt 0.000000 0.388358
vt 0.000000 0.388008
vt 0.125000 0.388358
vt 0.250000 0.388358
vt 0.375000 0.388358
vt 0.500000 0.388358
vt 0.625000 0.388358
vt 0.750000 0.388358
vt 0.875000 0.388358
vt 0.000000 0.382402
vt 0.125000 0.382402
vt 0.250000 0.382402
vt 0.375000 0.382402
vt 0.500000 0.382402
vt 0.625000 0.382402
vt 0.750000 0.382402
vt 0.875000 0.382402
vt 1.000000 0.388358
vt 0.125000 0.381009
vt 0.250000 0.381009
vt 0.375000 0.381009
vt 0.500000 0.381009
vt 0.625000 0.381009
vt 0.750000 0.381009
vt 0.875000 0.381009
vt 1.000000 0.381009
vt 1.000000 0.382402
vt 0.000000 0.381009
vt 0.125000 0.380001
vt 0.250000 0.380001
vt 0.375000 0.380001
vt 0.500000 0.380001
vt 0.625000 0.380001
vt 0.750000 0.380001
vt 0.875000 0.380001
vt 1.000000 0.380001
vt 0.000000 0.380001
vt 0.125000 0.379247
vt 0.250000 0.379247
vt 0.375000 0.379247
vt 0.500000 0.379247
vt 0.625000 0.379247
vt 0.750000 0.379247
vt 0.875000 0.379247
vt 1.000000 0.379247
vt 0.000000 0.379247
vt 0.125000 0.378622
vt 0.250000 0.378622
vt 0.375000 0.378622
vt 0.500000 0.378622
vt 0.625000 0.378622
vt 0.750000 0.378622
vt 0.875000 0.378622
vt 1.000000 0.378622
vt 0.000000 0.378622
vt 0.125000 0.377997
vt 0.250000 0.377997
vt 0.375000 0.377997
vt 0.500000 0.377997
vt 0.625000 0.377997
vt 0.750000 0.377997
vt 0.875000 0.377997
vt 1.000000 0.377997
vt 0.000000 0.377997
vt 0.125000 0.377243
vt 0.250000 0.377243
vt 0.375000 0.377243
vt 0.500000 0.377243
vt 0.625000 0.377243
vt 0.750000 0.377243
vt 0.875000 0.377243
vt 1.000000 0.377243
vt 0.000000 0.377243
vt 0.125000 0.376235
vt 0.250000 0.376235
vt 0.375000 0.376235
vt 0.500000 0.376235
vt 0.625000 0.376235
vt 0.750000 0.376235
vt 0.875000 0.376235
vt 1.000000 0.376235
vt 0.000000 0.376235
vt 0.125000 0.374842
vt 0.250000 0.374842
vt 0.375000 0.374842
vt 0.500000 0.374842
vt 0.625000 0.374842
vt 0.750000 0.374842
vt 0.875000 0.374842
vt 1.000000 0.374842
vt 0.000000 0.374842
vt 0.125000 0.372938
vt 0.250000 0.372938
vt 0.375000 0.372938
vt 0.500000 0.372938
vt 0.625000 0.372938
vt 0.750000 0.372938
vt 0.875000 0.372938
vt 1.000000 0.372938
vt 0.000000 0.372938
vt 0.125000 0.370394
vt 0.250000 0.370394
vt 0.375000 0.370394
vt 0.500000 0.370394
vt 0.625000 0.370394
vt 0.750000 0.370394
vt 0.875000 0.370394
vt 1.000000 0.370394
vt 0.000000 0.370394
vt 0.125000 0.367083
vt 0.250000 0.367083
vt 0.375000 0.367083
vt 0.500000 0.367083
vt 0.625000 0.367083
vt 0.750000 0.367083
vt 0.875000 0.367083
vt 1.000000 0.367083
vt 0.000000 0.367083
vt 0.125000 0.362877
vt 0.250000 0.362877
vt 0.375000 0.362877
vt 0.500000 0.362877
vt 0.625000 0.362877
vt 0.750000 0.362877
vt 0.875000 0.362877
vt 1.000000 0.362877
vt 0.000000 0.362877
vt 0.125000 0.352360
vt 0.250000 0.352360
vt 0.375000 0.352360
vt 0.500000 0.352360
vt 0.625000 0.352360
vt 0.750000 0.352360
vt 0.875000 0.352360
vt 1.000000 0.352360
vt 0.000000 0.040837
vt 0.000000 0.352360
vt 0.125000 0.040837
vt 0.250000 0.040837
vt 0.375000 0.040837
vt 0.500000 0.040837
vt 0.625000 0.040837
vt 0.750000 0.040837
vt 0.875000 0.040837
vt 1.000000 0.040837
vt 0.000000 0.000335
vt 0.125000 0.000335
vt 0.250000 0.000335
vt 0.375000 0.000335
vt 0.500000 0.000335
vt 0.625000 0.000335
vt 0.750000 0.000335
vt 1.000000 0.000335
vt 0.125000 0.000236
vt 0.250000 0.000236
vt 0.375000 0.000236
vt 0.500000 0.000236
vt 0.625000 0.000236
vt 0.750000 0.000236
vt 0.875000 0.000236
vt 0.875000 0.000335
vt 1.000000 0.000236
vt 0.000000 0.000236
s 1
f 466/514/465 523/515/466 465/516/467
f 524/517/468 581/518/469 523/515/466
f 582/519/470 639/520/471 581/518/469
f 640/521/472 697/522/473 639/520/471
f 698/523/474 755/524/475 697/522/473
f 756/525/476 813/526/477 755/524/475
f 814/527/478 871/528/479 813/526/477
f 872/529/480 465/530/467 871/528/479
f 467/531/481 524/517/468 466/514/465
f 525/532/482 582/519/470 524/517/468
f 583/533/483 640/521/472 582/519/470
f 641/534/484 698/523/474 640/521/472
f 699/535/485 756/525/476 698/523/474
f 757/536/486 814/527/478 756/525/476
f 815/537/487 872/529/480 814/527/478
f 873/538/488 466/539/465 872/529/480
f 468/540/489 525/532/482 467/531/481
f 526/541/490 583/533/483 525/532/482
f 584/542/491 641/534/484 583/533/483
f 642/543/492 699/535/485 641/534/484
f 700/544/493 757/536/486 699/535/485
f 758/545/494 815/537/487 757/536/486
f 816/546/495 873/538/488 815/537/487
f 874/547/496 467/548/481 873/538/488
f 469/549/497 526/541/490 468/540/489
f 527/550/498 584/542/491 526/541/490
f 585/551/499 642/543/492 584/542/491
f 643/552/500 700/544/493 642/543/492
f 701/553/501 758/545/494 700/544/493
f 759/554/502 816/546/495 758/545/494
f 817/555/503 874/547/496 816/546/495
f 875/556/504 468/557/489 874/547/496
f 470/558/505 527/550/498 469/549/497
f 528/559/506 585/551/499 527/550/498
f 586/560/507 643/552/500 585/551/499
f 644/561/508 701/553/501 643/552/500
f 702/562/509 759/554/502 701/553/501
f 760/563/510 817/555/503 759/554/502
f 818/564/511 875/556/504 817/555/503
f 876/565/512 469/566/497 875/556/504
f 471/567/513 528/559/506 470/558/505
f 529/568/514 586/560/507 528/559/506
f 587/569/515 644/561/508 586/560/507
f 645/570/516 702/562/509 644/561/508
f 703/571/517 760/563/510 702/562/509
f 761/572/518 818/564/511 760/563/510
f 819/573/519 876/565/512 818/564/511
f 877/574/520 470/575/505 876/565/512
f 472/576/521 529/568/514 471/567/513
f 530/577/522 587/569/515 529/568/514
f 588/578/523 645/570/516 587/569/515
f 646/579/524 703/571/517 645/570/516
f 704/580/525 761/572/518 703/571/517
f 762/581/526 819/573/519 761/572/518
f 820/582/527 877/574/520 819/573/519
f 878/583/528 471/584/513 877/574/520
f 473/585/529 530/577/522 472/576/521
f 531/586/530 588/578/523 530/577/522
f 589/587/531 646/579/524 588/578/523
f 647/588/532 704/580/525 646/579/524
f 705/589/533 762/581/526 704/580/525
f 763/590/534 820/582/527 762/581/526
f 821/591/535 878/583/528 820/582/527
f 879/592/536 472/593/521 878/583/528
f 474/594/537 531/586/530 473/585/529
f 532/595/538 589/587/531 531/586/530
f 590/596/539 647/588/532 589/587/531
f 648/597/540 705/589/533 647/588/532
f 706/598/541 763/590/534 705/589/533
f 764/599/542 821/591/535 763/590/534
f 822/600/543 879/592/536 821/591/535
f 880/601/544 473/602/529 879/592/536
f 475/603/545 532/595/538 474/594/537
f 533/604/546 590/596/539 532/595/538
f 591/605/547 648/597/540 590/596/539
f 649/606/548 706/598/541 648/597/540
f 707/607/549 764/599/542 706/598/541
f 765/608/550 822/600/543 764/599/542
f 823/609/551 880/601/544 822/600/543
f 881/610/552 474/611/537 880/601/544
f 476/612/553 533/604/546 475/603/545
f 534/613/554 591/605/547 533/604/546
f 592/614/555 649/606/548 591/605/547
f 650/615/556 707/607/549 649/606/548
f 708/616/557 765/608/550 707/607/549
f 766/617/558 823/609/551 765/608/550
f 824/618/559 881/610/552 823/609/551
f 882/619/560 475/620/545 881/610/552
f 477/621/561 534/613/554 476/612/553
f 535/622/562 592/614/555 534/613/554
f 593/623/563 650/615/556 592/614/555
f 651/624/564 708/616/557 650/615/556
f 709/625/565 766/617/558 708/616/557
f 767/626/566 824/618/559 766/617/558
f 825/627/567 882/619/560 824/618/559
f 883/628/568 476/629/553 882/619/560
f 478/630/569 535/622/562 477/621/561
f 536/631/570 593/623/563 535/622/562
f 594/632/571 651/624/564 593/623/563
f 652/633/572 709/625/565 651/624/564
f 710/634/573 767/626/566 709/625/565
f 768/635/574 825/627/567 767/626/566
f 826/636/575 883/628/568 825/627/567
f 884/637/576 477/638/561 883/628/568
f 479/639/577 536/631/570 478/630/569
f 537/640/578 594/632/571 536/631/570
f 595/641/579 652/633/572 594/632/571
f 653/642/580 710/634/573 652/633/572
f 711/643/581 768/635/574 710/634/573
f 769/644/582 826/636/575 768/635/574
f 827/645/583 884/637/576 826/636/575
f 885/646/584 478/647/569 884/637/576
f 480/648/585 537/640/578 479/639/577
f 538/649/586 595/641/579 537/640/578
f 596/650/587 653/642/580 595/641/579
f 654/651/588 711/643/581 653/642/580
f 712/652/589 769/644/582 711/643/581
f 770/653/590 827/645/583 769/644/582
f 828/654/591 885/646/584 827/645/583
f 886/655/592 479/656/577 885/646/584
f 481/657/593 538/649/586 480/648/585
f 539/658/594 596/650/587 538/649/586
f 597/659/595 654/651/588 596/650/587
f 655/660/596 712/652/589 654/651/588
f 713/661/597 770/653/590 712/652/589
f 771/662/598 828/654/591 770/653/590
f 829/663/599 886/655/592 828/654/591
f 887/664/600 480/665/585 886/655/592
f 482/666/601 539/658/594 481/657/593
f 540/667/602 597/659/595 539/658/594
f 598/668/603 655/660/596 597/659/595
f 656/669/604 713/661/597 655/660/596
f 714/670/605 771/662/598 713/661/597
f 772/671/606 829/663/599 771/662/598
f 830/672/607 887/664/600 829/663/599
f 888/673/608 481/674/593 887/664/600
f 483/675/609 540/667/602 482/666/601
f 541/676/610 598/668/603 540/667/602
f 599/677/611 656/669/604 598/668/603
f 657/678/612 714/670/605 656/669/604
f 715/679/613 772/671/606 714/670/605
f 773/680/614 830/672/607 772/671/606
f 831/681/615 888/673/608 830/672/607
f 889/682/616 482/683/601 888/673/608
f 484/684/617 541/676/610 483/675/609
f 542/685/618 599/677/611 541/676/610
f 600/686/619 657/678/612 599/677/611
f 658/687/620 715/679/613 657/678/612
f 716/688/621 773/680/614 715/679/613
f 774/689/622 831/681/615 773/680/614
f 832/690/623 889/682/616 831/681/615
f 890/691/624 483/692/609 889/682/616
f 485/693/625 542/685/618 484/684/617
f 543/694/626 600/686/619 542/685/618
f 601/695/627 658/687/620 600/686/619
f 659/696/628 716/688/621 658/687/620
f 717/697/629 774/689/622 716/688/621
f 775/698/630 832/690/623 774/689/622
f 833/699/631 890/691/624 832/690/623
f 891/700/632 484/701/617 890/691/624
f 486/702/633 543/694/626 485/693/625
f 544/703/634 601/695/627 543/694/626
f 602/704/635 659/696/628 601/695/627
f 660/705/636 717/697/629 659/696/628
f 718/706/637 775/698/630 717/697/629
f 776/707/638 833/699/631 775/698/630
f 834/708/639 891/700/632 833/699/631
f 892/709/640 485/710/625 891/700/632
f 487/711/641 544/703/634 486/702/633
f 545/712/642 602/704/635 544/703/634
f 603/713/643 660/705/636 602/704/635
f 661/714/644 718/706/637 660/705/636
f 719/715/645 776/707/638 718/706/637
f 777/716/646 834/708/639 776/707/638
f 835/717/647 892/709/640 834/708/639
f 893/718/648 486/719/633 892/709/640
f 488/720/649 545/712/642 487/711/641
f 546/721/650 603/713/643 545/712/642
f 604/722/651 661/714/644 603/713/643
f 662/723/652 719/715/645 661/714/644
f 720/724/653 777/716/646 719/715/645
f 778/725/654 835/717/647 777/716/646
f 836/726/655 893/718/648 835/717/647
f 894/727/656 487/728/641 893/718/648
f 489/729/657 546/721/650 488/720/649
f 547/730/658 604/722/651 546/721/650
f 605/731/659 662/723/652 604/722/651
f 663/732/660 720/724/653 662/723/652
f 721/733/661 778/725/654 720/724/653
f 779/734/662 836/726/655 778/725/654
f 837/735/663 894/727/656 836/726/655
f 895/736/664 488/737/649 894/727/656
f 490/738/665 547/730/658 489/729/657
f 548/739/666 605/731/659 547/730/658
f 606/740/667 663/732/660 605/731/659
f 664/741/668 721/733/661 663/732/660
f 722/742/669 779/734/662 721/733/661
f 780/743/670 837/735/663 779/734/662
f 838/744/671 895/736/664 837/735/663
f 896/745/672 489/746/657 895/736/664
f 491/747/673 548/739/666 490/738/665
f 549/748/674 606/740/667 548/739/666
f 607/749/675 664/741/668 606/740/667
f 665/750/676 722/742/669 664/741/668
f 723/751/677 780/743/670 722/742/669
f 781/752/678 838/744/671 780/743/670
f 839/753/679 896/745/672 838/744/671
f 897/754/680 490/755/665 896/745/672
f 492/756/681 549/748/674 491/747/673
f 550/757/682 607/749/675 549/748/674
f 608/758/683 665/750/676 607/749/675
f 666/759/684 723/751/677 665/750/676
f 724/760/685 781/752/678 723/751/677
f 782/761/686 839/753/679 781/752/678
f 840/762/687 897/754/680 839/753/679
f 898/763/688 491/764/673 897/754/680
f 493/765/689 550/757/682 492/756/681
f 551/766/690 608/758/683 550/757/682
f 609/767/691 666/759/684 608/758/683
f 667/768/692 724/760/685 666/759/684
f 725/769/693 782/761/686 724/760/685
f 783/770/694 840/762/687 782/761/686
f 841/771/695 898/763/688 840/762/687
f 899/772/696 492/773/681 898/763/688
f 494/774/697 551/766/690 493/765/689
f 552/775/698 609/767/691 551/766/690
f 610/776/699 667/768/692 609/767/691
f 668/777/700 725/769/693 667/768/692
f 726/778/701 783/770/694 725/769/693
f 784/779/702 841/771/695 783/770/694
f 842/780/703 899/772/696 841/771/695
f 900/781/704 493/782/689 899/772/696
f 495/783/705 552/775/698 494/774/697
f 553/784/706 610/776/699 552/775/698
f 611/785/707 668/777/700 610/776/699
f 669/786/708 726/778/701 668/777/700
f 727/787/709 784/779/702 726/778/701
f 785/788/710 842/780/703 784/779/702
f 843/789/711 900/781/704 842/780/703
f 901/790/712 494/791/697 900/781/704
f 496/792/713 553/784/706 495/783/705
f 554/793/714 611/785/707 553/784/706
f 612/794/715 669/786/708 611/785/707
f 670/795/716 727/787/709 669/786/708
f 728/796/717 785/788/710 727/787/709
f 786/797/718 843/789/711 785/788/710
f 844/798/719 901/790/712 843/789/711
f 902/799/720 495/800/705 901/790/712
f 497/801/721 554/793/714 496/792/713
f 555/802/722 612/794/715 554/793/714
f 613/803/723 670/795/716 612/794/715
f 671/804/724 728/796/717 670/795/716
f 729/805/725 786/797/718 728/796/717
f 787/806/726 844/798/719 786/797/718
f 845/807/727 902/799/720 844/798/719
f 903/808/728 496/809/713 902/799/720
f 498/810/729 555/802/722 497/801/721
f 556/811/730 613/803/723 555/802/722
f 614/812/731 671/804/724 613/803/723
f 672/813/732 729/805/725 671/804/724
f 730/814/733 787/806/726 729/805/725
f 788/815/734 845/807/727 787/806/726
f 846/816/735 903/808/728 845/807/727
f 904/817/736 497/818/721 903/808/728
f 499/819/737 556/811/730 498/810/729
f 557/820/738 614/812/731 556/811/730
f 615/821/739 672/813/732 614/812/731
f 673/822/740 730/814/733 672/813/732
f 731/823/741 788/815/734 730/814/733
f 789/824/742 846/816/735 788/815/734
f 847/825/743 904/817/736 846/816/735
f 905/826/744 498/827/729 904/817/736
f 500/828/745 557/820/738 499/819/737
f 558/829/746 615/821/739 557/820/738
f 616/830/747 673/822/740 615/821/739
f 674/831/748 731/823/741 673/822/740
f 732/832/749 789/824/742 731/823/741
f 790/833/750 847/825/743 789/824/742
f 848/834/751 905/826/744 847/825/743
f 906/835/752 499/836/737 905/826/744
f 501/837/753 558/829/746 500/828/745
f 559/838/754 616/830/747 558/829/746
f 617/839/755 674/831/748 616/830/747
f 675/840/756 732/832/749 674/831/748
f 733/841/757 790/833/750 732/832/749
f 791/842/758 848/834/751 790/833/750
f 849/843/759 906/835/752 848/834/751
f 907/844/760 500/845/745 906/835/752
f 501/837/753 560/846/761 559/838/754
f 559/838/754 618/847/762 617/839/755
f 617/839/755 676/848/763 675/840/756
f 675/840/756 734/849/764 733/841/757
f 733/841/757 792/850/765 791/842/758
f 791/842/758 850/851/766 849/843/759
f 849/843/759 908/852/767 907/844/760
f 907/844/760 502/853/768 501/854/753
f 502/855/768 561/856/769 560/846/761
f 560/846/761 619/857/770 618/847/762
f 618/847/762 677/858/771 676/848/763
f 676/848/763 735/859/772 734/849/764
f 734/849/764 793/860/773 792/850/765
f 792/850/765 851/861/774 850/851/766
f 850/851/766 909/862/775 908/852/767
f 908/852/767 503/863/776 502/853/768
f 504/864/777 561/856/769 503/865/776
f 562/866/778 619/857/770 561/856/769
f 620/867/779 677/858/771 619/857/770
f 678/868/780 735/859/772 677/858/771
f 736/869/781 793/860/773 735/859/772
f 794/870/782 851/861/774 793/860/773
f 852/871/783 909/862/775 851/861/774
f 910/872/784 503/863/776 909/862/775
f 505/873/785 562/866/778 504/864/777
f 563/874/786 620/867/779 562/866/778
f 621/875/787 678/868/780 620/867/779
f 679/876/788 736/869/781 678/868/780
f 737/877/789 794/870/782 736/869/781
f 795/878/790 852/871/783 794/870/782
f 853/879/791 910/872/784 852/871/783
f 911/880/792 504/881/777 910/872/784
f 505/873/785 564/882/793 563/874/786
f 563/874/786 622/883/794 621/875/787
f 621/875/787 680/884/795 679/876/788
f 679/876/788 738/885/796 737/877/789
f 737/877/789 796/886/797 795/878/790
f 795/878/790 854/887/798 853/879/791
f 853/879/791 912/888/799 911/880/792
f 911/880/792 506/889/800 505/890/785
f 506/891/800 565/892/801 564/882/793
f 564/882/793 623/893/802 622/883/794
f 622/883/794 681/894/803 680/884/795
f 680/884/795 739/895/804 738/885/796
f 738/885/796 797/896/805 796/886/797
f 796/886/797 855/897/806 854/887/798
f 854/887/798 913/898/807 912/888/799
f 912/888/799 507/899/808 506/889/800
f 507/900/808 566/901/809 565/892/801
f 565/892/801 624/902/810 623/893/802
f 623/893/802 682/903/811 681/894/803
f 681/894/803 740/904/812 739/895/804
f 739/895/804 798/905/813 797/896/805
f 797/896/805 856/906/814 855/897/806
f 855/897/806 914/907/815 913/898/807
f 913/898/807 508/908/816 507/899/808
f 508/909/816 567/910/817 566/901/809
f 566/901/809 625/911/818 624/902/810
f 624/902/810 683/912/819 682/903/811
f 682/903/811 741/913/820 740/904/812
f 740/904/812 799/914/821 798/905/813
f 798/905/813 857/915/822 856/906/814
f 856/906/814 915/916/823 914/907/815
f 914/907/815 509/917/824 508/908/816
f 509/918/824 568/919/825 567/910/817
f 567/910/817 626/920/826 625/911/818
f 625/911/818 684/921/827 683/912/819
f 683/912/819 742/922/828 741/913/820
f 741/913/820 800/923/829 799/914/821
f 799/914/821 858/924/830 857/915/822
f 857/915/822 916/925/831 915/916/823
f 915/916/823 510/926/832 509/917/824
f 510/927/832 569/928/833 568/919/825
f 568/919/825 627/929/834 626/920/826
f 626/920/826 685/930/835 684/921/827
f 684/921/827 743/931/836 742/922/828
f 742/922/828 801/932/837 800/923/829
f 800/923/829 859/933/838 858/924/830
f 858/924/830 917/934/839 916/925/831
f 916/925/831 511/935/840 510/926/832
f 511/936/840 570/937/841 569/928/833
f 569/928/833 628/938/842 627/929/834
f 627/929/834 686/939/843 685/930/835
f 685/930/835 744/940/844 743/931/836
f 743/931/836 802/941/845 801/932/837
f 801/932/837 860/942/846 859/933/838
f 859/933/838 918/943/847 917/934/839
f 917/934/839 512/944/848 511/935/840
f 512/945/848 571/946/849 570/937/841
f 570/937/841 629/947/850 628/938/842
f 628/938/842 687/948/851 686/939/843
f 686/939/843 745/949/852 744/940/844
f 744/940/844 803/950/853 802/941/845
f 802/941/845 861/951/854 860/942/846
f 860/942/846 919/952/855 918/943/847
f 918/943/847 513/953/856 512/944/848
f 513/954/856 572/955/857 571/946/849
f 571/946/849 630/956/858 629/947/850
f 629/947/850 688/957/859 687/948/851
f 687/948/851 746/958/860 745/949/852
f 745/949/852 804/959/861 803/950/853
f 803/950/853 862/960/862 861/951/854
f 861/951/854 920/961/863 919/952/855
f 919/952/855 514/962/864 513/953/856
f 514/963/864 573/964/865 572/955/857
f 572/955/857 631/965/866 630/956/858
f 630/956/858 689/966/867 688/957/859
f 688/957/859 747/967/868 746/958/860
f 746/958/860 805/968/869 804/959/861
f 804/959/861 863/969/870 862/960/862
f 862/960/862 921/970/871 920/961/863
f 920/961/863 515/971/872 514/962/864
f 515/972/872 574/973/873 573/964/865
f 573/964/865 632/974/874 631/965/866
f 631/965/866 690/975/875 689/966/867
f 689/966/867 748/976/876 747/967/868
f 747/967/868 806/977/877 805/968/869
f 805/968/869 864/978/878 863/969/870
f 863/969/870 922/979/879 921/970/871
f 921/970/871 516/980/880 515/971/872
f 516/981/880 575/982/881 574/973/873
f 574/973/873 633/983/882 632/974/874
f 632/974/874 691/984/883 690/975/875
f 690/975/875 749/985/884 748/976/876
f 748/976/876 807/986/885 806/977/877
f 806/977/877 865/987/886 864/978/878
f 864/978/878 923/988/887 922/979/879
f 922/979/879 517/989/888 516/980/880
f 517/990/888 576/991/889 575/982/881
f 575/982/881 634/992/890 633/983/882
f 633/983/882 692/993/891 691/984/883
f 691/984/883 750/994/892 749/985/884
f 749/985/884 808/995/893 807/986/885
f 807/986/885 866/996/894 865/987/886
f 865/987/886 924/997/895 923/988/887
f 923/988/887 518/998/896 517/989/888
f 519/999/897 576/991/889 518/1000/896
f 577/1001/898 634/992/890 576/991/889
f 635/1002/899 692/993/891 634/992/890
f 693/1003/900 750/994/892 692/993/891
f 751/1004/901 808/995/893 750/994/892
f 809/1005/902 866/996/894 808/995/893
f 867/1006/903 924/997/895 866/996/894
f 925/1007/904 518/998/896 924/997/895
f 520/999/905 577/1001/898 519/999/897
f 578/1001/906 635/1002/899 577/1001/898
f 636/1002/907 693/1003/900 635/1002/899
f 694/1003/908 751/1004/901 693/1003/900
f 752/1004/909 809/1005/902 751/1004/901
f 810/1005/910 867/1006/903 809/1005/902
f 868/1006/911 925/1007/904 867/1006/903
f 926/1007/912 519/1008/897 925/1007/904
f 521/1009/913 578/1001/906 520/999/905
f 579/1010/914 636/1002/907 578/1001/906
f 637/1011/915 694/1003/908 636/1002/907
f 695/1012/916 752/1004/909 694/1003/908
f 753/1013/917 810/1005/910 752/1004/909
f 811/1014/918 868/1006/911 810/1005/910
f 869/1015/919 926/1007/912 868/1006/911
f 926/1007/912 521/1016/913 520/1008/905
f 521/1009/913 580/1017/920 579/1010/914
f 579/1010/914 638/1018/921 637/1011/915
f 637/1011/915 696/1019/922 695/1012/916
f 695/1012/916 754/1020/923 753/1013/917
f 753/1013/917 812/1021/924 811/1014/918
f 811/1014/918 870/1022/925 869/1015/919
f 869/1015/919 928/1023/926 927/1024/927
f 927/1024/927 522/1025/928 521/1016/913
f 466/514/465 524/517/468 523/515/466
f 524/517/468 582/519/470 581/518/469
f 582/519/470 640/521/472 639/520/471
f 640/521/472 698/523/474 697/522/473
f 698/523/474 756/525/476 755/524/475
f 756/525/476 814/527/478 813/526/477
f 814/527/478 872/529/480 871/528/479
f 872/529/480 466/539/465 465/530/467
f 467/531/481 525/532/482 524/517/468
f 525/532/482 583/533/483 582/519/470
f 583/533/483 641/534/484 640/521/472
f 641/534/484 699/535/485 698/523/474
f 699/535/485 757/536/486 756/525/476
f 757/536/486 815/537/487 814/527/478
f 815/537/487 873/538/488 872/529/480
f 873/538/488 467/548/481 466/539/465
f 468/540/489 526/541/490 525/532/482
f 526/541/490 584/542/491 583/533/483
f 584/542/491 642/543/492 641/534/484
f 642/543/492 700/544/493 699/535/485
f 700/544/493 758/545/494 757/536/486
f 758/545/494 816/546/495 815/537/487
f 816/546/495 874/547/496 873/538/488
f 874/547/496 468/557/489 467/548/481
f 469/549/497 527/550/498 526/541/490
f 527/550/498 585/551/499 584/542/491
f 585/551/499 643/552/500 642/543/492
f 643/552/500 701/553/501 700/544/493
f 701/553/501 759/554/502 758/545/494
f 759/554/502 817/555/503 816/546/495
f 817/555/503 875/556/504 874/547/496
f 875/556/504 469/566/497 468/557/489
f 470/558/505 528/559/506 527/550/498
f 528/559/506 586/560/507 585/551/499
f 586/560/507 644/561/508 643/552/500
f 644/561/508 702/562/509 701/553/501
f 702/562/509 760/563/510 759/554/502
f 760/563/510 818/564/511 817/555/503
f 818/564/511 876/565/512 875/556/504
f 876/565/512 470/575/505 469/566/497
f 471/567/513 529/568/514 528/559/506
f 529/568/514 587/569/515 586/560/507
f 587/569/515 645/570/516 644/561/508
f 645/570/516 703/571/517 702/562/509
f 703/571/517 761/572/518 760/563/510
f 761/572/518 819/573/519 818/564/511
f 819/573/519 877/574/520 876/565/512
f 877/574/520 471/584/513 470/575/505
f 472/576/521 530/577/522 529/568/514
f 530/577/522 588/578/523 587/569/515
f 588/578/523 646/579/524 645/570/516
f 646/579/524 704/580/525 703/571/517
f 704/580/525 762/581/526 761/572/518
f 762/581/526 820/582/527 819/573/519
f 820/582/527 878/583/528 877/574/520
f 878/583/528 472/593/521 471/584/513
f 473/585/529 531/586/530 530/577/522
f 531/586/530 589/587/531 588/578/523
f 589/587/531 647/588/532 646/579/524
f 647/588/532 705/589/533 704/580/525
f 705/589/533 763/590/534 762/581/526
f 763/590/534 821/591/535 820/582/527
f 821/591/535 879/592/536 878/583/528
f 879/592/536 473/602/529 472/593/521
f 474/594/537 532/595/538 531/586/530
f 532/595/538 590/596/539 589/587/531
f 590/596/539 648/597/540 647/588/532
f 648/597/540 706/598/541 705/589/533
f 706/598/541 764/599/542 763/590/534
f 764/599/542 822/600/543 821/591/535
f 822/600/543 880/601/544 879/592/536
f 880/601/544 474/611/537 473/602/529
f 475/603/545 533/604/546 532/595/538
f 533/604/546 591/605/547 590/596/539
f 591/605/547 649/606/548 648/597/540
f 649/606/548 707/607/549 706/598/541
f 707/607/549 765/608/550 764/599/542
f 765/608/550 823/609/551 822/600/543
f 823/609/551 881/610/552 880/601/544
f 881/610/552 475/620/545 474/611/537
f 476/612/553 534/613/554 533/604/546
f 534/613/554 592/614/555 591/605/547
f 592/614/555 650/615/556 649/606/548
f 650/615/556 708/616/557 707/607/549
f 708/616/557 766/617/558 765/608/550
f 766/617/558 824/618/559 823/609/551
f 824/618/559 882/619/560 881/610/552
f 882/619/560 476/629/553 475/620/545
f 477/621/561 535/622/562 534/613/554
f 535/622/562 593/623/563 592/614/555
f 593/623/563 651/624/564 650/615/556
f 651/624/564 709/625/565 708/616/557
f 709/625/565 767/626/566 766/617/558
f 767/626/566 825/627/567 824/618/559
f 825/627/567 883/628/568 882/619/560
f 883/628/568 477/638/561 476/629/553
f 478/630/569 536/631/570 535/622/562
f 536/631/570 594/632/571 593/623/563
f 594/632/571 652/633/572 651/624/564
f 652/633/572 710/634/573 709/625/565
f 710/634/573 768/635/574 767/626/566
f 768/635/574 826/636/575 825/627/567
f 826/636/575 884/637/576 883/628/568
f 884/637/576 478/647/569 477/638/561
f 479/639/577 537/640/578 536/631/570
f 537/640/578 595/641/579 594/632/571
f 595/641/579 653/642/580 652/633/572
f 653/642/580 711/643/581 710/634/573
f 711/643/581 769/644/582 768/635/574
f 769/644/582 827/645/583 826/636/575
f 827/645/583 885/646/584 884/637/576
f 885/646/584 479/656/577 478/647/569
f 480/648/585 538/649/586 537/640/578
f 538/649/586 596/650/587 595/641/579
f 596/650/587 654/651/588 653/642/580
f 654/651/588 712/652/589 711/643/581
f 712/652/589 770/653/590 769/644/582
f 770/653/590 828/654/591 827/645/583
f 828/654/591 886/655/592 885/646/584
f 886/655/592 480/665/585 479/656/577
f 481/657/593 539/658/594 538/649/586
f 539/658/594 597/659/595 596/650/587
f 597/659/595 655/660/596 654/651/588
f 655/660/596 713/661/597 712/652/589
f 713/661/597 771/662/598 770/653/590
f 771/662/598 829/663/599 828/654/591
f 829/663/599 887/664/600 886/655/592
f 887/664/600 481/674/593 480/665/585
f 482/666/601 540/667/602 539/658/594
f 540/667/602 598/668/603 597/659/595
f 598/668/603 656/669/604 655/660/596
f 656/669/604 714/670/605 713/661/597
f 714/670/605 772/671/606 771/662/598
f 772/671/606 830/672/607 829/663/599
f 830/672/607 888/673/608 887/664/600
f 888/673/608 482/683/601 481/674/593
f 483/675/609 541/676/610 540/667/602
f 541/676/610 599/677/611 598/668/603
f 599/677/611 657/678/612 656/669/604
f 657/678/612 715/679/613 714/670/605
f 715/679/613 773/680/614 772/671/606
f 773/680/614 831/681/615 830/672/607
f 831/681/615 889/682/616 888/673/608
f 889/682/616 483/692/609 482/683/601
f 484/684/617 542/685/618 541/676/610
f 542/685/618 600/686/619 599/677/611
f 600/686/619 658/687/620 657/678/612
f 658/687/620 716/688/621 715/679/613
f 716/688/621 774/689/622 773/680/614
f 774/689/622 832/690/623 831/681/615
f 832/690/623 890/691/624 889/682/616
f 890/691/624 484/701/617 483/692/609
f 485/693/625 543/694/626 542/685/618
f 543/694/626 601/695/627 600/686/619
f 601/695/627 659/696/628 658/687/620
f 659/696/628 717/697/629 716/688/621
f 717/697/629 775/698/630 774/689/622
f 775/698/630 833/699/631 832/690/623
f 833/699/631 891/700/632 890/691/624
f 891/700/632 485/710/625 484/701/617
f 486/702/633 544/703/634 543/694/626
f 544/703/634 602/704/635 601/695/627
f 602/704/635 660/705/636 659/696/628
f 660/705/636 718/706/637 717/697/629
f 718/706/637 776/707/638 775/698/630
f 776/707/638 834/708/639 833/699/631
f 834/708/639 892/709/640 891/700/632
f 892/709/640 486/719/633 485/710/625
f 487/711/641 545/712/642 544/703/634
f 545/712/642 603/713/643 602/704/635
f 603/713/643 661/714/644 660/705/636
f 661/714/644 719/715/645 718/706/637
f 719/715/645 777/716/646 776/707/638
f 777/716/646 835/717/647 834/708/639
f 835/717/647 893/718/648 892/709/640
f 893/718/648 487/728/641 486/719/633
f 488/720/649 546/721/650 545/712/642
f 546/721/650 604/722/651 603/713/643
f 604/722/651 662/723/652 661/714/644
f 662/723/652 720/724/653 719/715/645
f 720/724/653 778/725/654 777/716/646
f 778/725/654 836/726/655 835/717/647
f 836/726/655 894/727/656 893/718/648
f 894/727/656 488/737/649 487/728/641
f 489/729/657 547/730/658 546/721/650
f 547/730/658 605/731/659 604/722/651
f 605/731/659 663/732/660 662/723/652
f 663/732/660 721/733/661 720/724/653
f 721/733/661 779/734/662 778/725/654
f 779/734/662 837/735/663 836/726/655
f 837/735/663 895/736/664 894/727/656
f 895/736/664 489/746/657 488/737/649
f 490/738/665 548/739/666 547/730/658
f 548/739/666 606/740/667 605/731/659
f 606/740/667 664/741/668 663/732/660
f 664/741/668 722/742/669 721/733/661
f 722/742/669 780/743/670 779/734/662
f 780/743/670 838/744/671 837/735/663
f 838/744/671 896/745/672 895/736/664
f 896/745/672 490/755/665 489/746/657
f 491/747/673 549/748/674 548/739/666
f 549/748/674 607/749/675 606/740/667
f 607/749/675 665/750/676 664/741/668
f 665/750/676 723/751/677 722/742/669
f 723/751/677 781/752/678 780/743/670
f 781/752/678 839/753/679 838/744/671
f 839/753/679 897/754/680 896/745/672
f 897/754/680 491/764/673 490/755/665
f 492/756/681 550/757/682 549/748/674
f 550/757/682 608/758/683 607/749/675
f 608/758/683 666/759/684 665/750/676
f 666/759/684 724/760/685 723/751/677
f 724/760/685 782/761/686 781/752/678
f 782/761/686 840/762/687 839/753/679
f 840/762/687 898/763/688 897/754/680
f 898/763/688 492/773/681 491/764/673
f 493/765/689 551/766/690 550/757/682
f 551/766/690 609/767/691 608/758/683
f 609/767/691 667/768/692 666/759/684
f 667/768/692 725/769/693 724/760/685
f 725/769/693 783/770/694 782/761/686
f 783/770/694 841/771/695 840/762/687
f 841/771/695 899/772/696 898/763/688
f 899/772/696 493/782/689 492/773/681
f 494/774/697 552/775/698 551/766/690
f 552/775/698 610/776/699 609/767/691
f 610/776/699 668/777/700 667/768/692
f 668/777/700 726/778/701 725/769/693
f 726/778/701 784/779/702 783/770/694
f 784/779/702 842/780/703 841/771/695
f 842/780/703 900/781/704 899/772/696
f 900/781/704 494/791/697 493/782/689
f 495/783/705 553/784/706 552/775/698
f 553/784/706 611/785/707 610/776/699
f 611/785/707 669/786/708 668/777/700
f 669/786/708 727/787/709 726/778/701
f 727/787/709 785/788/710 784/779/702
f 785/788/710 843/789/711 842/780/703
f 843/789/711 901/790/712 900/781/704
f 901/790/712 495/800/705 494/791/697
f 496/792/713 554/793/714 553/784/706
f 554/793/714 612/794/715 611/785/707
f 612/794/715 670/795/716 669/786/708
f 670/795/716 728/796/717 727/787/709
f 728/796/717 786/797/718 785/788/710
f 786/797/718 844/798/719 843/789/711
f 844/798/719 902/799/720 901/790/712
f 902/799/720 496/809/713 495/800/705
f 497/801/721 555/802/722 554/793/714
f 555/802/722 613/803/723 612/794/715
f 613/803/723 671/804/724 670/795/716
f 671/804/724 729/805/725 728/796/717
f 729/805/725 787/806/726 786/797/718
f 787/806/726 845/807/727 844/798/719
f 845/807/727 903/808/728 902/799/720
f 903/808/728 497/818/721 496/809/713
f 498/810/729 556/811/730 555/802/722
f 556/811/730 614/812/731 613/803/723
f 614/812/731 672/813/732 671/804/724
f 672/813/732 730/814/733 729/805/725
f 730/814/733 788/815/734 787/806/726
f 788/815/734 846/816/735 845/807/727
f 846/816/735 904/817/736 903/808/728
f 904/817/736 498/827/729 497/818/721
f 499/819/737 557/820/738 556/811/730
f 557/820/738 615/821/739 614/812/731
f 615/821/739 673/822/740 672/813/732
f 673/822/740 731/823/741 730/814/733
f 731/823/741 789/824/742 788/815/734
f 789/824/742 847/825/743 846/816/735
f 847/825/743 905/826/744 904/817/736
f 905/826/744 499/836/737 498/827/729
f 500/828/745 558/829/746 557/820/738
f 558/829/746 616/830/747 615/821/739
f 616/830/747 674/831/748 673/822/740
f 674/831/748 732/832/749 731/823/741
f 732/832/749 790/833/750 789/824/742
f 790/833/750 848/834/751 847/825/743
f 848/834/751 906/835/752 905/826/744
f 906/835/752 500/845/745 499/836/737
f 501/837/753 559/838/754 558/829/746
f 559/838/754 617/839/755 616/830/747
f 617/839/755 675/840/756 674/831/748
f 675/840/756 733/841/757 732/832/749
f 733/841/757 791/842/758 790/833/750
f 791/842/758 849/843/759 848/834/751
f 849/843/759 907/844/760 906/835/752
f 907/844/760 501/854/753 500/845/745
f 501/837/753 502/855/768 560/846/761
f 559/838/754 560/846/761 618/847/762
f 617/839/755 618/847/762 676/848/763
f 675/840/756 676/848/763 734/849/764
f 733/841/757 734/849/764 792/850/765
f 791/842/758 792/850/765 850/851/766
f 849/843/759 850/851/766 908/852/767
f 907/844/760 908/852/767 502/853/768
f 502/855/768 503/865/776 561/856/769
f 560/846/761 561/856/769 619/857/770
f 618/847/762 619/857/770 677/858/771
f 676/848/763 677/858/771 735/859/772
f 734/849/764 735/859/772 793/860/773
f 792/850/765 793/860/773 851/861/774
f 850/851/766 851/861/774 909/862/775
f 908/852/767 909/862/775 503/863/776
f 504/864/777 562/866/778 561/856/769
f 562/866/778 620/867/779 619/857/770
f 620/867/779 678/868/780 677/858/771
f 678/868/780 736/869/781 735/859/772
f 736/869/781 794/870/782 793/860/773
f 794/870/782 852/871/783 851/861/774
f 852/871/783 910/872/784 909/862/775
f 910/872/784 504/881/777 503/863/776
f 505/873/785 563/874/786 562/866/778
f 563/874/786 621/875/787 620/867/779
f 621/875/787 679/876/788 678/868/780
f 679/876/788 737/877/789 736/869/781
f 737/877/789 795/878/790 794/870/782
f 795/878/790 853/879/791 852/871/783
f 853/879/791 911/880/792 910/872/784
f 911/880/792 505/890/785 504/881/777
f 505/873/785 506/891/800 564/882/793
f 563/874/786 564/882/793 622/883/794
f 621/875/787 622/883/794 680/884/795
f 679/876/788 680/884/795 738/885/796
f 737/877/789 738/885/796 796/886/797
f 795/878/790 796/886/797 854/887/798
f 853/879/791 854/887/798 912/888/799
f 911/880/792 912/888/799 506/889/800
f 506/891/800 507/900/808 565/892/801
f 564/882/793 565/892/801 623/893/802
f 622/883/794 623/893/802 681/894/803
f 680/884/795 681/894/803 739/895/804
f 738/885/796 739/895/804 797/896/805
f 796/886/797 797/896/805 855/897/806
f 854/887/798 855/897/806 913/898/807
f 912/888/799 913/898/807 507/899/808
f 507/900/808 508/909/816 566/901/809
f 565/892/801 566/901/809 624/902/810
f 623/893/802 624/902/810 682/903/811
f 681/894/803 682/903/811 740/904/812
f 739/895/804 740/904/812 798/905/813
f 797/896/805 798/905/813 856/906/814
f 855/897/806 856/906/814 914/907/815
f 913/898/807 914/907/815 508/908/816
f 508/909/816 509/918/824 567/910/817
f 566/901/809 567/910/817 625/911/818
f 624/902/810 625/911/818 683/912/819
f 682/903/811 683/912/819 741/913/820
f 740/904/812 741/913/820 799/914/821
f 798/905/813 799/914/821 857/915/822
f 856/906/814 857/915/822 915/916/823
f 914/907/815 915/916/823 509/917/824
f 509/918/824 510/927/832 568/919/825
f 567/910/817 568/919/825 626/920/826
f 625/911/818 626/920/826 684/921/827
f 683/912/819 684/921/827 742/922/828
f 741/913/820 742/922/828 800/923/829
f 799/914/821 800/923/829 858/924/830
f 857/915/822 858/924/830 916/925/831
f 915/916/823 916/925/831 510/926/832
f 510/927/832 511/936/840 569/928/833
f 568/919/825 569/928/833 627/929/834
f 626/920/826 627/929/834 685/930/835
f 684/921/827 685/930/835 743/931/836
f 742/922/828 743/931/836 801/932/837
f 800/923/829 801/932/837 859/933/838
f 858/924/830 859/933/838 917/934/839
f 916/925/831 917/934/839 511/935/840
f 511/936/840 512/945/848 570/937/841
f 569/928/833 570/937/841 628/938/842
f 627/929/834 628/938/842 686/939/843
f 685/930/835 686/939/843 744/940/844
f 743/931/836 744/940/844 802/941/845
f 801/932/837 802/941/845 860/942/846
f 859/933/838 860/942/846 918/943/847
f 917/934/839 918/943/847 512/944/848
f 512/945/848 513/954/856 571/946/849
f 570/937/841 571/946/849 629/947/850
f 628/938/842 629/947/850 687/948/851
f 686/939/843 687/948/851 745/949/852
f 744/940/844 745/949/852 803/950/853
f 802/941/845 803/950/853 861/951/854
f 860/942/846 861/951/854 919/952/855
f 918/943/847 919/952/855 513/953/856
f 513/954/856 514/963/864 572/955/857
f 571/946/849 572/955/857 630/956/858
f 629/947/850 630/956/858 688/957/859
f 687/948/851 688/957/859 746/958/860
f 745/949/852 746/958/860 804/959/861
f 803/950/853 804/959/861 862/960/862
f 861/951/854 862/960/862 920/961/863
f 919/952/855 920/961/863 514/962/864
f 514/963/864 515/972/872 573/964/865
f 572/955/857 573/964/865 631/965/866
f 630/956/858 631/965/866 689/966/867
f 688/957/859 689/966/867 747/967/868
f 746/958/860 747/967/868 805/968/869
f 804/959/861 805/968/869 863/969/870
f 862/960/862 863/969/870 921/970/871
f 920/961/863 921/970/871 515/971/872
f 515/972/872 516/981/880 574/973/873
f 573/964/865 574/973/873 632/974/874
f 631/965/866 632/974/874 690/975/875
f 689/966/867 690/975/875 748/976/876
f 747/967/868 748/976/876 806/977/877
f 805/968/869 806/977/877 864/978/878
f 863/969/870 864/978/878 922/979/879
f 921/970/871 922/979/879 516/980/880
f 516/981/880 517/990/888 575/982/881
f 574/973/873 575/982/881 633/983/882
f 632/974/874 633/983/882 691/984/883
f 690/975/875 691/984/883 749/985/884
f 748/976/876 749/985/884 807/986/885
f 806/977/877 807/986/885 865/987/886
f 864/978/878 865/987/886 923/988/887
f 922/979/879 923/988/887 517/989/888
f 517/990/888 518/1000/896 576/991/889
f 575/982/881 576/991/889 634/992/890
f 633/983/882 634/992/890 692/993/891
f 691/984/883 692/993/891 750/994/892
f 749/985/884 750/994/892 808/995/893
f 807/986/885 808/995/893 866/996/894
f 865/987/886 866/996/894 924/997/895
f 923/988/887 924/997/895 518/998/896
f 519/999/897 577/1001/898 576/991/889
f 577/1001/898 635/1002/899 634/992/890
f 635/1002/899 693/1003/900 692/993/891
f 693/1003/900 751/1004/901 750/994/892
f 751/1004/901 809/1005/902 808/995/893
f 809/1005/902 867/1006/903 866/996/894
f 867/1006/903 925/1007/904 924/997/895
f 925/1007/904 519/1008/897 518/998/896
f 520/999/905 578/1001/906 577/1001/898
f 578/1001/906 636/1002/907 635/1002/899
f 636/1002/907 694/1003/908 693/1003/900
f 694/1003/908 752/1004/909 751/1004/901
f 752/1004/909 810/1005/910 809/1005/902
f 810/1005/910 868/1006/911 867/1006/903
f 868/1006/911 926/1007/912 925/1007/904
f 926/1007/912 520/1008/905 519/1008/897
f 521/1009/913 579/1010/914 578/1001/906
f 579/1010/914 637/1011/915 636/1002/907
f 637/1011/915 695/1012/916 694/1003/908
f 695/1012/916 753/1013/917 752/1004/909
f 753/1013/917 811/1014/918 810/1005/910
f 811/1014/918 869/1015/919 868/1006/911
f 869/1015/919 927/1024/927 926/1007/912
f 926/1007/912 927/1024/927 521/1016/913
f 521/1009/913 522/1026/928 580/1017/920
f 579/1010/914 580/1017/920 638/1018/921
f 637/1011/915 638/1018/921 696/1019/922
f 695/1012/916 696/1019/922 754/1020/923
f 753/1013/917 754/1020/923 812/1021/924
f 811/1014/918 812/1021/924 870/1022/925
f 869/1015/919 870/1022/925 928/1023/926
f 927/1024/927 928/1023/926 522/1025/928
o TableLamp.001
v -0.000000 0.288674 -0.175114
v -0.000000 0.573798 -0.126429
v 0.103007 0.288674 -0.141645
v 0.074391 0.573798 -0.102258
v 0.166669 0.288674 -0.054022
v 0.120367 0.573798 -0.038978
v 0.166669 0.288674 0.054286
v 0.120367 0.573798 0.039242
v 0.103007 0.288674 0.141909
v 0.074391 0.573798 0.102522
v -0.000000 0.288674 0.175378
v -0.000000 0.573798 0.126693
v -0.103007 0.288674 0.141909
v -0.074391 0.573798 0.102522
v -0.166669 0.288674 0.054286
v -0.120367 0.573798 0.039242
v -0.166669 0.288674 -0.054022
v -0.120367 0.573798 -0.038978
v -0.103007 0.288674 -0.141645
v -0.074391 0.573798 -0.102258
v 0.000000 0.283625 -0.145542
v 0.000000 0.568749 -0.096857
v 0.085625 0.283625 -0.117721
v 0.057009 0.568749 -0.078334
v 0.138544 0.283625 -0.044884
v 0.092242 0.568749 -0.029839
v 0.138544 0.283625 0.045148
v 0.092242 0.568749 0.030103
v 0.085625 0.283625 0.117985
v 0.057009 0.568749 0.078598
v 0.000000 0.283625 0.145806
v 0.000000 0.568749 0.097121
v -0.085625 0.283625 0.117985
v -0.057009 0.568749 0.078598
v -0.138544 0.283625 0.045148
v -0.092242 0.568749 0.030103
v -0.138544 0.283625 -0.044884
v -0.092242 0.568749 -0.029839
v -0.085625 0.283625 -0.117721
v -0.057009 0.568749 -0.078334
vn 0.3050 0.1603 -0.9388
vn 0.7986 0.1603 -0.5802
vn 0.9871 0.1603 -0.0000
vn 0.7986 0.1603 0.5802
vn 0.3050 0.1603 0.9388
vn -0.3050 0.1603 0.9388
vn -0.7986 0.1603 0.5802
vn -0.9871 0.1603 -0.0000
vn -0.7986 0.1603 -0.5802
vn -0.3050 0.1603 -0.9388
vn -0.3050 -0.1603 0.9388
vn -0.7986 -0.1603 0.5802
vn -0.9871 -0.1603 -0.0000
vn -0.7986 -0.1603 -0.5802
vn -0.3050 -0.1603 -0.9388
vn 0.3050 -0.1603 -0.9388
vn 0.7986 -0.1603 -0.5802
vn 0.9871 -0.1603 -0.0000
vn 0.7986 -0.1603 0.5802
vn 0.3050 -0.1603 0.9388
vn 0.0546 -0.9843 -0.1681
vn -0.0546 0.9843 0.1681
vn 0.1430 -0.9843 -0.1039
vn -0.1430 0.9843 0.1039
vn 0.1767 -0.9843 -0.0000
vn -0.1767 0.9843 -0.0000
vn 0.1430 -0.9843 0.1039
vn -0.1430 0.9843 -0.1039
vn 0.0546 -0.9843 0.1681
vn -0.0546 0.9843 -0.1681
vn -0.0546 -0.9843 0.1681
vn 0.0546 0.9843 -0.1681
vn -0.1430 -0.9843 0.1039
vn 0.1430 0.9843 -0.1039
vn -0.1767 -0.9843 -0.0000
vn 0.1767 0.9843 -0.0000
vn -0.1430 -0.9843 -0.1039
vn 0.1430 0.9843 0.1039
vn -0.0546 -0.9843 -0.1681
vn 0.0546 0.9843 0.1681
vt 1.000000 1.000000
vt 0.900000 0.500000
vt 1.000000 0.500000
vt 0.900000 1.000000
vt 0.800000 0.500000
vt 0.800000 1.000000
vt 0.700000 0.500000
vt 0.600000 1.000000
vt 0.600000 0.500000
vt 0.500000 0.500000
vt 0.500000 1.000000
vt 0.400000 0.500000
vt 0.400000 1.000000
vt 0.300000 0.500000
vt 0.300000 1.000000
vt 0.200000 0.500000
vt 0.200000 1.000000
vt 0.100000 0.500000
vt 0.100000 1.000000
vt -0.000000 0.500000
vt 0.700000 1.000000
vt -0.000000 1.000000
s 0
f 930/1027/929 931/1028/929 929/1029/929
f 932/1030/930 933/1031/930 931/1028/930
f 934/1032/931 935/1033/931 933/1031/931
f 935/1033/932 938/1034/932 937/1035/932
f 938/1034/933 939/1036/933 937/1035/933
f 940/1037/934 941/1038/934 939/1036/934
f 942/1039/935 943/1040/935 941/1038/935
f 944/1041/936 945/1042/936 943/1040/936
f 946/1043/937 947/1044/937 945/1042/937
f 948/1045/938 929/1046/938 947/1044/938
f 951/1028/939 950/1027/939 949/1029/939
f 951/1028/940 954/1032/940 952/1030/940
f 955/1033/941 954/1032/941 953/1031/941
f 957/1035/942 956/1047/942 955/1033/942
f 959/1036/943 958/1034/943 957/1035/943
f 959/1036/944 962/1039/944 960/1037/944
f 963/1040/945 962/1039/945 961/1038/945
f 965/1042/946 964/1041/946 963/1040/946
f 967/1044/947 966/1043/947 965/1042/947
f 967/1044/948 950/1048/948 968/1045/948
f 931/1028/949 949/1029/949 929/1029/949
f 930/1027/950 952/1030/950 932/1030/950
f 931/1028/951 953/1031/951 951/1028/951
f 932/1030/952 954/1032/952 934/1032/952
f 933/1031/953 955/1033/953 953/1031/953
f 936/1047/954 954/1032/954 956/1047/954
f 937/1035/955 955/1033/955 935/1033/955
f 936/1047/956 958/1034/956 938/1034/956
f 939/1036/957 957/1035/957 937/1035/957
f 938/1034/958 960/1037/958 940/1037/958
f 941/1038/959 959/1036/959 939/1036/959
f 942/1039/960 960/1037/960 962/1039/960
f 943/1040/961 961/1038/961 941/1038/961
f 942/1039/962 964/1041/962 944/1041/962
f 945/1042/963 963/1040/963 943/1040/963
f 946/1043/964 964/1041/964 966/1043/964
f 947/1044/965 965/1042/965 945/1042/965
f 948/1045/966 966/1043/966 968/1045/966
f 929/1046/967 967/1044/967 947/1044/967
f 930/1048/968 968/1045/968 950/1048/968
f 930/1027/929 932/1030/929 931/1028/929
f 932/1030/930 934/1032/930 933/1031/930
f 934/1032/931 936/1047/931 935/1033/931
f 935/1033/932 936/1047/932 938/1034/932
f 938/1034/933 940/1037/933 939/1036/933
f 940/1037/934 942/1039/934 941/1038/934
f 942/1039/935 944/1041/935 943/1040/935
f 944/1041/936 946/1043/936 945/1042/936
f 946/1043/937 948/1045/937 947/1044/937
f 948/1045/938 930/1048/938 929/1046/938
f 951/1028/939 952/1030/939 950/1027/939
f 951/1028/940 953/1031/940 954/1032/940
f 955/1033/941 956/1047/941 954/1032/941
f 957/1035/942 958/1034/942 956/1047/942
f 959/1036/943 960/1037/943 958/1034/943
f 959/1036/944 961/1038/944 962/1039/944
f 963/1040/945 964/1041/945 962/1039/945
f 965/1042/946 966/1043/946 964/1041/946
f 967/1044/947 968/1045/947 966/1043/947
f 967/1044/948 949/1046/948 950/1048/948
f 931/1028/949 951/1028/949 949/1029/949
f 930/1027/950 950/1027/950 952/1030/950
f 931/1028/951 933/1031/951 953/1031/951
f 932/1030/952 952/1030/952 954/1032/952
f 933/1031/953 935/1033/953 955/1033/953
f 936/1047/954 934/1032/954 954/1032/954
f 937/1035/955 957/1035/955 955/1033/955
f 936/1047/956 956/1047/956 958/1034/956
f 939/1036/957 959/1036/957 957/1035/957
f 938/1034/958 958/1034/958 960/1037/958
f 941/1038/959 961/1038/959 959/1036/959
f 942/1039/960 940/1037/960 960/1037/960
f 943/1040/961 963/1040/961 961/1038/961
f 942/1039/962 962/1039/962 964/1041/962
f 945/1042/963 965/1042/963 963/1040/963
f 946/1043/964 944/1041/964 964/1041/964
f 947/1044/965 967/1044/965 965/1042/965
f 948/1045/966 946/1043/966 966/1043/966
f 929/1046/967 949/1046/967 967/1044/967
f 930/1048/968 948/1045/968 968/1045/968
o TableLamp.002
v 0.006191 0.294648 0.003966
v 0.006191 0.315327 0.003966
v -0.006191 0.294648 0.003966
v -0.006191 0.315327 0.003966
v 0.006191 0.294648 -0.162020
v 0.006191 0.315327 -0.162020
v -0.006191 0.294648 -0.162020
v -0.006191 0.315327 -0.162020
vn -0.0000 -0.0000 1.0000
vn -1.0000 -0.0000 -0.0000
vn -0.0000 -0.0000 -1.0000
vn 1.0000 -0.0000 -0.0000
vn -0.0000 -1.0000 -0.0000
vn -0.0000 1.0000 -0.0000
vt 0.625000 0.000000
vt 0.375000 0.250000
vt 0.375000 0.000000
vt 0.625000 0.250000
vt 0.375000 0.500000
vt 0.625000 0.500000
vt 0.375000 0.750000
vt 0.625000 0.750000
vt 0.375000 1.000000
vt 0.125000 0.750000
vt 0.125000 0.500000
vt 0.875000 0.500000
vt 0.625000 1.000000
vt 0.875000 0.750000
s 0
f 970/1049/969 971/1050/969 969/1051/969
f 972/1052/970 975/1053/970 971/1050/970
f 976/1054/971 973/1055/971 975/1053/971
f 974/1056/972 969/1057/972 973/1055/972
f 975/1053/973 969/1058/973 971/1059/973
f 972/1060/974 974/1056/974 976/1054/974
f 970/1049/969 972/1052/969 971/1050/969
f 972/1052/970 976/1054/970 975/1053/970
f 976/1054/971 974/1056/971 973/1055/971
f 974/1056/972 970/1061/972 969/1057/972
f 975/1053/973 973/1055/973 969/1058/973
f 972/1060/974 970/1062/974 974/1056/974
o TableLamp.003
v -0.000766 0.294648 -0.006489
v -0.000766 0.315327 -0.006489
v 0.006363 0.294648 0.003634
v 0.006363 0.315327 0.003634
v -0.136475 0.294648 0.089086
v -0.136475 0.315327 0.089086
v -0.129346 0.294648 0.099208
v -0.129346 0.315327 0.099208
vn 0.8176 -0.0000 -0.5758
vn 0.5758 -0.0000 0.8176
vn -0.8176 -0.0000 0.5758
vn -0.5758 -0.0000 -0.8176
vn -0.0000 -1.0000 -0.0000
vn -0.0000 1.0000 -0.0000
vt 0.625000 0.000000
vt 0.375000 0.250000
vt 0.375000 0.000000
vt 0.625000 0.250000
vt 0.375000 0.500000
vt 0.625000 0.500000
vt 0.375000 0.750000
vt 0.625000 0.750000
vt 0.375000 1.000000
vt 0.125000 0.750000
vt 0.125000 0.500000
vt 0.875000 0.500000
vt 0.625000 1.000000
vt 0.875000 0.750000
s 0
f 978/1063/975 979/1064/975 977/1065/975
f 980/1066/976 983/1067/976 979/1064/976
f 984/1068/977 981/1069/977 983/1067/977
f 982/1070/978 977/1071/978 981/1069/978
f 983/1067/979 977/1072/979 979/1073/979
f 980/1074/980 982/1070/980 984/1068/980
f 978/1063/975 980/1066/975 979/1064/975
f 980/1066/976 984/1068/976 983/1067/976
f 984/1068/977 982/1070/977 981/1069/977
f 982/1070/978 978/1075/978 977/1071/978
f 983/1067/979 981/1069/979 977/1072/979
f 980/1074/980 978/1076/980 982/1070/980
o TableLamp.004
v -0.006427 0.294648 0.003499
v -0.006427 0.315327 0.003499
v 0.000916 0.294648 -0.006471
v 0.000916 0.315327 -0.006471
v 0.127223 0.294648 0.101932
v 0.127223 0.315327 0.101932
v 0.134565 0.294648 0.091962
v 0.134565 0.315327 0.091962
vn -0.8052 -0.0000 -0.5930
vn 0.5930 -0.0000 -0.8052
vn 0.8052 -0.0000 0.5930
vn -0.5930 -0.0000 0.8052
vn -0.0000 -1.0000 -0.0000
vn -0.0000 1.0000 -0.0000
vt 0.625000 0.000000
vt 0.375000 0.250000
vt 0.375000 0.000000
vt 0.625000 0.250000
vt 0.375000 0.500000
vt 0.625000 0.500000
vt 0.375000 0.750000
vt 0.625000 0.750000
vt 0.375000 1.000000
vt 0.125000 0.750000
vt 0.125000 0.500000
vt 0.875000 0.500000
vt 0.625000 1.000000
vt 0.875000 0.750000
s 0
f 986/1077/981 987/1078/981 985/1079/981
f 988/1080/982 991/1081/982 987/1078/982
f 992/1082/983 989/1083/983 991/1081/983
f 990/1084/984 985/1085/984 989/1083/984
f 991/1081/985 985/1086/985 987/1087/985
f 988/1088/986 990/1084/986 992/1082/986
f 986/1077/981 988/1080/981 987/1078/981
f 988/1080/982 992/1082/982 991/1081/982
f 992/1082/983 990/1084/983 989/1083/983
f 990/1084/984 986/1089/984 985/1085/984
f 991/1081/985 989/1083/985 985/1086/985
f 988/1088/986 986/1090/986 990/1084/986
