# Blender 4.0.2
# www.blender.org
mtllib PenCapped.mtl
o Pen.003
v 0.000000 -0.102893 0.000000
v -0.000209 -0.102816 0.000000
v -0.000482 -0.102735 0.000000
v -0.000809 -0.102652 0.000000
v -0.001181 -0.102566 0.000000
v -0.001590 -0.102478 0.000000
v -0.002027 -0.102389 0.000000
v -0.002481 -0.102299 0.000000
v -0.002945 -0.102209 0.000000
v -0.003408 -0.102118 0.000000
v -0.003863 -0.102028 0.000000
v -0.004299 -0.101939 0.000000
v -0.004708 -0.101851 0.000000
v -0.007812 -0.097667 0.000000
v -0.011726 -0.071430 0.000000
v -0.009297 -0.004409 0.000000
v -0.012266 0.000180 0.000000
v -0.010782 0.004680 0.000000
v 0.000001 0.004680 -0.000000
v 0.000000 -0.102893 -0.000000
v -0.000193 -0.102816 0.000080
v -0.000445 -0.102735 0.000184
v -0.000747 -0.102652 0.000309
v -0.001091 -0.102566 0.000452
v -0.001469 -0.102478 0.000609
v -0.001872 -0.102389 0.000776
v -0.002292 -0.102299 0.000949
v -0.002720 -0.102209 0.001127
v -0.003149 -0.102118 0.001304
v -0.003569 -0.102028 0.001478
v -0.003972 -0.101939 0.001645
v -0.004350 -0.101851 0.001802
v -0.007217 -0.097667 0.002990
v -0.010833 -0.071430 0.004487
v -0.008589 -0.004409 0.003558
v -0.011332 0.000180 0.004694
v -0.009962 0.004680 0.004126
v 0.000001 0.004680 -0.000000
v 0.000000 -0.102893 -0.000000
v -0.000148 -0.102816 0.000148
v -0.000341 -0.102735 0.000341
v -0.000572 -0.102652 0.000572
v -0.000835 -0.102566 0.000835
v -0.001125 -0.102478 0.001125
v -0.001433 -0.102389 0.001433
v -0.001754 -0.102299 0.001754
v -0.002082 -0.102209 0.002082
v -0.002410 -0.102118 0.002410
v -0.002731 -0.102028 0.002731
v -0.003040 -0.101939 0.003040
v -0.003329 -0.101851 0.003329
v -0.005524 -0.097667 0.005524
v -0.008292 -0.071430 0.008292
v -0.006574 -0.004409 0.006574
v -0.008673 0.000180 0.008673
v -0.007624 0.004680 0.007624
v 0.000001 0.004680 -0.000001
v 0.000000 -0.102893 -0.000000
v -0.000080 -0.102816 0.000193
v -0.000184 -0.102735 0.000445
v -0.000309 -0.102652 0.000747
v -0.000452 -0.102566 0.001091
v -0.000609 -0.102478 0.001469
v -0.000776 -0.102389 0.001872
v -0.000949 -0.102299 0.002292
v -0.001127 -0.102209 0.002720
v -0.001304 -0.102118 0.003149
v -0.001478 -0.102028 0.003569
v -0.001645 -0.101939 0.003972
v -0.001802 -0.101851 0.004350
v -0.002990 -0.097667 0.007217
v -0.004487 -0.071430 0.010833
v -0.003558 -0.004409 0.008589
v -0.004694 0.000180 0.011332
v -0.004126 0.004680 0.009962
v 0.000000 0.004680 -0.000001
v -0.000000 -0.102893 -0.000000
v 0.000000 -0.102816 0.000209
v 0.000000 -0.102735 0.000482
v 0.000000 -0.102652 0.000809
v 0.000000 -0.102566 0.001181
v 0.000000 -0.102478 0.001590
v 0.000000 -0.102389 0.002027
v 0.000000 -0.102299 0.002481
v 0.000000 -0.102209 0.002945
v 0.000000 -0.102118 0.003408
v 0.000000 -0.102028 0.003863
v 0.000000 -0.101939 0.004299
v 0.000000 -0.101851 0.004708
v 0.000000 -0.097667 0.007812
v 0.000000 -0.071430 0.011726
v 0.000000 -0.004409 0.009297
v 0.000000 0.000180 0.012266
v 0.000000 0.004680 0.010782
v -0.000000 0.004680 -0.000001
v -0.000000 -0.102893 -0.000000
v 0.000080 -0.102816 0.000193
v 0.000184 -0.102735 0.000445
v 0.000309 -0.102652 0.000747
v 0.000452 -0.102566 0.001091
v 0.000609 -0.102478 0.001469
v 0.000776 -0.102389 0.001872
v 0.000949 -0.102299 0.002292
v 0.001127 -0.102209 0.002720
v 0.001304 -0.102118 0.003149
v 0.001478 -0.102028 0.003569
v 0.001645 -0.101939 0.003972
v 0.001802 -0.101851 0.004350
v 0.002990 -0.097667 0.007217
v 0.004487 -0.071430 0.010833
v 0.003558 -0.004409 0.008589
v 0.004694 0.000180 0.011332
v 0.004126 0.004680 0.009962
v -0.000000 0.004680 -0.000001
v -0.000000 -0.102893 -0.000000
v 0.000148 -0.102816 0.000148
v 0.000341 -0.102735 0.000341
v 0.000572 -0.102652 0.000572
v 0.000835 -0.102566 0.000835
v 0.001125 -0.102478 0.001125
v 0.001433 -0.102389 0.001433
v 0.001754 -0.102299 0.001754
v 0.002082 -0.102209 0.002082
v 0.002410 -0.102118 0.002410
v 0.002731 -0.102028 0.002731
v 0.003040 -0.101939 0.003040
v 0.003329 -0.101851 0.003329
v 0.005524 -0.097667 0.005524
v 0.008292 -0.071430 0.008292
v 0.006574 -0.004409 0.006574
v 0.008673 0.000180 0.008673
v 0.007624 0.004680 0.007624
v -0.000001 0.004680 -0.000001
v -0.000000 -0.102893 -0.000000
v 0.000193 -0.102816 0.000080
v 0.000445 -0.102735 0.000184
v 0.000747 -0.102652 0.000309
v 0.001091 -0.102566 0.000452
v 0.001469 -0.102478 0.000609
v 0.001872 -0.102389 0.000776
v 0.002292 -0.102299 0.000949
v 0.002720 -0.102209 0.001127
v 0.003149 -0.102118 0.001304
v 0.003569 -0.102028 0.001478
v 0.003972 -0.101939 0.001645
v 0.004350 -0.101851 0.001802
v 0.007217 -0.097667 0.002990
v 0.010833 -0.071430 0.004487
v 0.008589 -0.004409 0.003558
v 0.011332 0.000180 0.004694
v 0.009962 0.004680 0.004126
v -0.000001 0.004680 -0.000000
v -0.000000 -0.102893 0.000000
v 0.000209 -0.102816 -0.000000
v 0.000482 -0.102735 -0.000000
v 0.000809 -0.102652 -0.000000
v 0.001181 -0.102566 -0.000000
v 0.001590 -0.102478 -0.000000
v 0.002027 -0.102389 -0.000000
v 0.002481 -0.102299 -0.000000
v 0.002945 -0.102209 -0.000000
v 0.003408 -0.102118 -0.000000
v 0.003863 -0.102028 -0.000000
v 0.004299 -0.101939 -0.000000
v 0.004708 -0.101851 -0.000000
v 0.007812 -0.097667 -0.000000
v 0.011726 -0.071430 -0.000000
v 0.009297 -0.004409 -0.000000
v 0.012266 0.000180 -0.000000
v 0.010782 0.004680 -0.000000
v -0.000001 0.004680 0.000000
v -0.000000 -0.102893 0.000000
v 0.000193 -0.102816 -0.000080
v 0.000445 -0.102735 -0.000184
v 0.000747 -0.102652 -0.000309
v 0.001091 -0.102566 -0.000452
v 0.001469 -0.102478 -0.000609
v 0.001872 -0.102389 -0.000776
v 0.002292 -0.102299 -0.000949
v 0.002720 -0.102209 -0.001127
v 0.003149 -0.102118 -0.001304
v 0.003569 -0.102028 -0.001478
v 0.003972 -0.101939 -0.001645
v 0.004350 -0.101851 -0.001802
v 0.007217 -0.097667 -0.002990
v 0.010833 -0.071430 -0.004487
v 0.008589 -0.004409 -0.003558
v 0.011332 0.000180 -0.004694
v 0.009962 0.004680 -0.004126
v -0.000001 0.004680 0.000000
v -0.000000 -0.102893 0.000000
v 0.000148 -0.102816 -0.000148
v 0.000341 -0.102735 -0.000341
v 0.000572 -0.102652 -0.000572
v 0.000835 -0.102566 -0.000835
v 0.001125 -0.102478 -0.001125
v 0.001433 -0.102389 -0.001433
v 0.001754 -0.102299 -0.001754
v 0.002082 -0.102209 -0.002082
v 0.002410 -0.102118 -0.002410
v 0.002731 -0.102028 -0.002731
v 0.003040 -0.101939 -0.003040
v 0.003329 -0.101851 -0.003329
v 0.005524 -0.097667 -0.005524
v 0.008292 -0.071430 -0.008292
v 0.006574 -0.004409 -0.006574
v 0.008673 0.000180 -0.008673
v 0.007624 0.004680 -0.007624
v -0.000001 0.004680 0.000001
v -0.000000 -0.102893 0.000000
v 0.000080 -0.102816 -0.000193
v 0.000184 -0.102735 -0.000445
v 0.000309 -0.102652 -0.000747
v 0.000452 -0.102566 -0.001091
v 0.000609 -0.102478 -0.001469
v 0.000776 -0.102389 -0.001872
v 0.000949 -0.102299 -0.002292
v 0.001127 -0.102209 -0.002720
v 0.001304 -0.102118 -0.003149
v 0.001478 -0.102028 -0.003569
v 0.001645 -0.101939 -0.003972
v 0.001802 -0.101851 -0.004350
v 0.002990 -0.097667 -0.007217
v 0.004487 -0.071430 -0.010833
v 0.003558 -0.004409 -0.008589
v 0.004694 0.000180 -0.011332
v 0.004126 0.004680 -0.009962
v -0.000000 0.004680 0.000001
v 0.000000 -0.102893 0.000000
v -0.000000 -0.102816 -0.000209
v -0.000000 -0.102735 -0.000482
v -0.000000 -0.102652 -0.000809
v -0.000000 -0.102566 -0.001181
v -0.000000 -0.102478 -0.001590
v -0.000000 -0.102389 -0.002027
v -0.000000 -0.102299 -0.002481
v -0.000000 -0.102209 -0.002945
v -0.000000 -0.102118 -0.003408
v -0.000000 -0.102028 -0.003863
v -0.000000 -0.101939 -0.004299
v -0.000000 -0.101851 -0.004708
v -0.000000 -0.097667 -0.007812
v -0.000000 -0.071430 -0.011726
v -0.000000 -0.004409 -0.009297
v -0.000000 0.000180 -0.012266
v -0.000000 0.004680 -0.010782
v 0.000000 0.004680 0.000001
v 0.000000 -0.102893 0.000000
v -0.000080 -0.102816 -0.000193
v -0.000184 -0.102735 -0.000445
v -0.000309 -0.102652 -0.000747
v -0.000452 -0.102566 -0.001091
v -0.000609 -0.102478 -0.001469
v -0.000776 -0.102389 -0.001872
v -0.000949 -0.102299 -0.002292
v -0.001127 -0.102209 -0.002720
v -0.001304 -0.102118 -0.003149
v -0.001478 -0.102028 -0.003569
v -0.001645 -0.101939 -0.003972
v -0.001802 -0.101851 -0.004350
v -0.002990 -0.097667 -0.007217
v -0.004487 -0.071430 -0.010833
v -0.003558 -0.004409 -0.008589
v -0.004694 0.000180 -0.011332
v -0.004126 0.004680 -0.009962
v 0.000000 0.004680 0.000001
v 0.000000 -0.102893 0.000000
v -0.000148 -0.102816 -0.000148
v -0.000341 -0.102735 -0.000341
v -0.000572 -0.102652 -0.000572
v -0.000835 -0.102566 -0.000835
v -0.001125 -0.102478 -0.001125
v -0.001433 -0.102389 -0.001433
v -0.001754 -0.102299 -0.001754
v -0.002082 -0.102209 -0.002082
v -0.002410 -0.102118 -0.002410
v -0.002731 -0.102028 -0.002731
v -0.003040 -0.101939 -0.003040
v -0.003329 -0.101851 -0.003329
v -0.005524 -0.097667 -0.005524
v -0.008292 -0.071430 -0.008292
v -0.006574 -0.004409 -0.006574
v -0.008673 0.000180 -0.008673
v -0.007624 0.004680 -0.007624
v 0.000001 0.004680 0.000001
v 0.000000 -0.102893 0.000000
v -0.000193 -0.102816 -0.000080
v -0.000445 -0.102735 -0.000184
v -0.000747 -0.102652 -0.000309
v -0.001091 -0.102566 -0.000452
v -0.001469 -0.102478 -0.000609
v -0.001872 -0.102389 -0.000776
v -0.002292 -0.102299 -0.000949
v -0.002720 -0.102209 -0.001127
v -0.003149 -0.102118 -0.001304
v -0.003569 -0.102028 -0.001478
v -0.003972 -0.101939 -0.001645
v -0.004350 -0.101851 -0.001802
v -0.007217 -0.097667 -0.002990
v -0.010833 -0.071430 -0.004487
v -0.008589 -0.004409 -0.003558
v -0.011332 0.000180 -0.004694
v -0.009962 0.004680 -0.004126
v 0.000001 0.004680 0.000000
vn 0.3473 0.9377 -0.0000
vn 0.3120 0.9501 -0.0000
vn 0.2882 0.9501 -0.1194
vn 0.3209 0.9378 -0.1329
vn 0.2206 0.9501 -0.2206
vn 0.2456 0.9377 -0.2456
vn 0.1194 0.9501 -0.2882
vn 0.1330 0.9377 -0.3209
vn -0.0000 0.9501 -0.3120
vn -0.0000 0.9377 -0.3473
vn -0.1194 0.9501 -0.2882
vn -0.1330 0.9377 -0.3209
vn -0.2206 0.9501 -0.2206
vn -0.2456 0.9377 -0.2456
vn -0.2882 0.9501 -0.1194
vn -0.3208 0.9378 -0.1329
vn -0.3120 0.9501 -0.0000
vn -0.3474 0.9377 -0.0000
vn -0.2882 0.9501 0.1194
vn -0.3209 0.9377 0.1329
vn -0.2205 0.9501 0.2206
vn -0.2455 0.9378 0.2456
vn -0.1194 0.9501 0.2882
vn -0.1329 0.9377 0.3209
vn -0.0000 0.9501 0.3120
vn -0.0000 0.9377 0.3473
vn 0.1194 0.9501 0.2882
vn 0.1330 0.9377 0.3209
vn 0.2206 0.9501 0.2206
vn 0.2456 0.9377 0.2456
vn 0.2882 0.9501 0.1194
vn 0.3209 0.9377 0.1329
vn 0.2634 0.9647 -0.0000
vn 0.2433 0.9647 -0.1008
vn 0.1862 0.9647 -0.1862
vn 0.1008 0.9647 -0.2433
vn -0.0000 0.9647 -0.2634
vn -0.1008 0.9647 -0.2433
vn -0.1862 0.9647 -0.1862
vn -0.2433 0.9647 -0.1008
vn -0.2634 0.9647 -0.0000
vn -0.2433 0.9647 0.1008
vn -0.1862 0.9647 0.1862
vn -0.1008 0.9647 0.2433
vn -0.0000 0.9647 0.2634
vn 0.1008 0.9647 0.2433
vn 0.1862 0.9647 0.1862
vn 0.2433 0.9647 0.1008
vn 0.2345 0.9721 -0.0000
vn 0.2166 0.9721 -0.0897
vn 0.1658 0.9721 -0.1658
vn 0.0897 0.9721 -0.2166
vn -0.0000 0.9721 -0.2345
vn -0.0897 0.9721 -0.2166
vn -0.1658 0.9721 -0.1658
vn -0.2167 0.9721 -0.0897
vn -0.2345 0.9721 -0.0000
vn -0.2166 0.9721 0.0897
vn -0.1658 0.9721 0.1658
vn -0.0897 0.9721 0.2166
vn -0.0000 0.9721 0.2345
vn 0.0897 0.9721 0.2166
vn 0.1658 0.9721 0.1658
vn 0.2166 0.9721 0.0897
vn 0.2162 0.9764 -0.0000
vn 0.1997 0.9764 -0.0827
vn 0.1529 0.9764 -0.1529
vn 0.0827 0.9764 -0.1997
vn -0.0000 0.9764 -0.2162
vn -0.0827 0.9764 -0.1997
vn -0.1529 0.9764 -0.1529
vn -0.1997 0.9764 -0.0827
vn -0.2162 0.9764 -0.0000
vn -0.1997 0.9764 0.0827
vn -0.1529 0.9764 0.1529
vn -0.0827 0.9764 0.1997
vn -0.0000 0.9764 0.2162
vn 0.0827 0.9764 0.1997
vn 0.1529 0.9764 0.1529
vn 0.1997 0.9764 0.0827
vn 0.2043 0.9789 -0.0000
vn 0.1888 0.9789 -0.0782
vn 0.1445 0.9789 -0.1445
vn 0.0782 0.9789 -0.1888
vn -0.0000 0.9789 -0.2043
vn -0.0782 0.9789 -0.1888
vn -0.1445 0.9789 -0.1445
vn -0.1888 0.9789 -0.0782
vn -0.2043 0.9789 -0.0000
vn -0.1888 0.9789 0.0782
vn -0.1445 0.9789 0.1445
vn -0.0782 0.9789 0.1888
vn -0.0000 0.9789 0.2043
vn 0.0782 0.9789 0.1888
vn 0.1445 0.9789 0.1445
vn 0.1888 0.9789 0.0782
vn 0.1969 0.9804 -0.0000
vn 0.1819 0.9804 -0.0753
vn 0.1392 0.9804 -0.1392
vn 0.0753 0.9804 -0.1819
vn -0.0000 0.9804 -0.1969
vn -0.0753 0.9804 -0.1819
vn -0.1392 0.9804 -0.1392
vn -0.1819 0.9804 -0.0753
vn -0.1969 0.9804 -0.0000
vn -0.1819 0.9804 0.0753
vn -0.1392 0.9804 0.1392
vn -0.0753 0.9804 0.1819
vn -0.0000 0.9804 0.1969
vn 0.0753 0.9804 0.1819
vn 0.1392 0.9804 0.1392
vn 0.1819 0.9804 0.0753
vn 0.1928 0.9812 -0.0000
vn 0.1782 0.9812 -0.0738
vn 0.1364 0.9812 -0.1364
vn 0.0738 0.9812 -0.1782
vn -0.0000 0.9812 -0.1928
vn -0.0738 0.9812 -0.1782
vn -0.1364 0.9812 -0.1364
vn -0.1782 0.9812 -0.0738
vn -0.1928 0.9812 -0.0000
vn -0.1782 0.9812 0.0738
vn -0.1364 0.9812 0.1364
vn -0.0738 0.9812 0.1782
vn -0.0000 0.9812 0.1928
vn 0.0738 0.9812 0.1782
vn 0.1364 0.9812 0.1364
vn 0.1782 0.9812 0.0738
vn 0.1916 0.9815 -0.0000
vn 0.1771 0.9815 -0.0733
vn 0.1355 0.9815 -0.1355
vn 0.0733 0.9815 -0.1771
vn -0.0000 0.9815 -0.1916
vn -0.0733 0.9815 -0.1771
vn -0.1355 0.9815 -0.1355
vn -0.1771 0.9815 -0.0733
vn -0.1916 0.9815 -0.0000
vn -0.1771 0.9815 0.0733
vn -0.1355 0.9815 0.1355
vn -0.0733 0.9815 0.1771
vn -0.0000 0.9815 0.1916
vn 0.0733 0.9815 0.1771
vn 0.1355 0.9815 0.1355
vn 0.1771 0.9815 0.0733
vn 0.1932 0.9812 -0.0000
vn 0.1785 0.9812 -0.0739
vn 0.1366 0.9812 -0.1366
vn 0.0739 0.9812 -0.1785
vn -0.0000 0.9812 -0.1932
vn -0.0739 0.9812 -0.1785
vn -0.1366 0.9812 -0.1366
vn -0.1785 0.9812 -0.0739
vn -0.1932 0.9812 -0.0000
vn -0.1785 0.9812 0.0739
vn -0.1366 0.9812 0.1366
vn -0.0739 0.9812 0.1785
vn -0.0000 0.9812 0.1932
vn 0.0739 0.9812 0.1785
vn 0.1366 0.9812 0.1366
vn 0.1785 0.9812 0.0739
vn 0.1976 0.9803 -0.0000
vn 0.1826 0.9803 -0.0756
vn 0.1397 0.9803 -0.1397
vn 0.0756 0.9803 -0.1826
vn -0.0000 0.9803 -0.1976
vn -0.0756 0.9803 -0.1826
vn -0.1397 0.9803 -0.1397
vn -0.1826 0.9803 -0.0756
vn -0.1976 0.9803 -0.0000
vn -0.1826 0.9803 0.0756
vn -0.1397 0.9803 0.1397
vn -0.0756 0.9803 0.1826
vn -0.0000 0.9803 0.1976
vn 0.0756 0.9803 0.1826
vn 0.1397 0.9803 0.1397
vn 0.1825 0.9803 0.0756
vn 0.2055 0.9787 -0.0000
vn 0.1899 0.9787 -0.0786
vn 0.1453 0.9787 -0.1453
vn 0.0786 0.9787 -0.1899
vn -0.0000 0.9787 -0.2055
vn -0.0786 0.9787 -0.1899
vn -0.1453 0.9787 -0.1453
vn -0.1899 0.9787 -0.0786
vn -0.2055 0.9787 -0.0000
vn -0.1899 0.9787 0.0786
vn -0.1453 0.9787 0.1453
vn -0.0786 0.9787 0.1899
vn -0.0000 0.9787 0.2055
vn 0.0786 0.9787 0.1899
vn 0.1453 0.9787 0.1453
vn 0.1899 0.9787 0.0786
vn 0.5709 0.8210 -0.0000
vn 0.5274 0.8210 -0.2185
vn 0.4037 0.8210 -0.4037
vn 0.2185 0.8210 -0.5274
vn -0.0000 0.8210 -0.5709
vn -0.2185 0.8210 -0.5274
vn -0.4037 0.8210 -0.4037
vn -0.5274 0.8210 -0.2185
vn -0.5709 0.8210 -0.0000
vn -0.5275 0.8210 0.2185
vn -0.4037 0.8210 0.4037
vn -0.2185 0.8210 0.5274
vn -0.0000 0.8210 0.5709
vn 0.2185 0.8210 0.5274
vn 0.4037 0.8210 0.4037
vn 0.5274 0.8210 0.2185
vn 0.9279 0.3729 -0.0000
vn 0.8573 0.3729 -0.3551
vn 0.6561 0.3729 -0.6561
vn 0.3551 0.3729 -0.8573
vn -0.0000 0.3729 -0.9279
vn -0.3551 0.3729 -0.8573
vn -0.6561 0.3729 -0.6561
vn -0.8573 0.3729 -0.3551
vn -0.9279 0.3729 -0.0000
vn -0.8573 0.3729 0.3551
vn -0.6561 0.3729 0.6561
vn -0.3551 0.3729 0.8573
vn -0.0000 0.3729 0.9279
vn 0.3551 0.3729 0.8573
vn 0.6561 0.3729 0.6561
vn 0.8573 0.3729 0.3551
vn 0.9985 0.0553 -0.0000
vn 0.9225 0.0553 -0.3821
vn 0.7060 0.0553 -0.7060
vn 0.3821 0.0553 -0.9225
vn -0.0000 0.0553 -0.9985
vn -0.3821 0.0553 -0.9225
vn -0.7060 0.0553 -0.7060
vn -0.9225 0.0553 -0.3821
vn -0.9985 0.0553 -0.0000
vn -0.9225 0.0553 0.3821
vn -0.7060 0.0553 0.7060
vn -0.3821 0.0553 0.9225
vn -0.0000 0.0553 0.9985
vn 0.3821 0.0553 0.9225
vn 0.7060 0.0553 0.7060
vn 0.9225 0.0553 0.3821
vn 0.9612 0.2759 -0.0000
vn 0.8880 0.2759 -0.3678
vn 0.6797 0.2759 -0.6797
vn 0.3678 0.2759 -0.8880
vn -0.0000 0.2759 -0.9612
vn -0.3678 0.2759 -0.8880
vn -0.6797 0.2759 -0.6797
vn -0.8880 0.2759 -0.3678
vn -0.9612 0.2759 -0.0000
vn -0.8880 0.2759 0.3678
vn -0.6797 0.2759 0.6797
vn -0.3678 0.2759 0.8880
vn -0.0000 0.2759 0.9612
vn 0.3678 0.2759 0.8880
vn 0.6797 0.2759 0.6797
vn 0.8880 0.2759 0.3678
vn 0.9926 0.1213 -0.0000
vn 0.9171 0.1213 -0.3799
vn 0.7019 0.1213 -0.7019
vn 0.3799 0.1213 -0.9171
vn -0.0000 0.1213 -0.9926
vn -0.3799 0.1213 -0.9171
vn -0.7019 0.1213 -0.7019
vn -0.9171 0.1213 -0.3799
vn -0.9926 0.1213 -0.0000
vn -0.9171 0.1213 0.3799
vn -0.7019 0.1213 0.7019
vn -0.3799 0.1213 0.9171
vn -0.0000 0.1213 0.9926
vn 0.3799 0.1213 0.9171
vn 0.7019 0.1213 0.7019
vn 0.9171 0.1213 0.3799
vn 0.6302 -0.7765 -0.0000
vn 0.5822 -0.7765 -0.2412
vn 0.4456 -0.7765 -0.4456
vn 0.2412 -0.7765 -0.5822
vn -0.0000 -0.7765 -0.6302
vn -0.2412 -0.7765 -0.5822
vn -0.4456 -0.7765 -0.4456
vn -0.5822 -0.7765 -0.2412
vn -0.6302 -0.7765 -0.0000
vn -0.5822 -0.7765 0.2412
vn -0.4456 -0.7765 0.4456
vn -0.2412 -0.7765 0.5822
vn -0.0000 -0.7765 0.6302
vn 0.2412 -0.7765 0.5822
vn 0.4456 -0.7765 0.4456
vn 0.5822 -0.7765 0.2412
vn -0.0000 -1.0000 -0.0000
vt 0.000000 -0.102893
vt 0.000000 -0.102816
vt 0.062500 -0.102816
vt 0.062500 -0.102893
vt 0.125000 -0.102816
vt 0.125000 -0.102893
vt 0.187500 -0.102816
vt 0.187500 -0.102893
vt 0.250000 -0.102816
vt 0.250000 -0.102893
vt 0.312500 -0.102816
vt 0.312500 -0.102893
vt 0.375000 -0.102816
vt 0.375000 -0.102893
vt 0.437500 -0.102816
vt 0.437500 -0.102893
vt 0.500000 -0.102816
vt 0.500000 -0.102893
vt 0.562500 -0.102816
vt 0.562500 -0.102893
vt 0.625000 -0.102816
vt 0.625000 -0.102893
vt 0.687500 -0.102816
vt 0.687500 -0.102893
vt 0.750000 -0.102816
vt 0.750000 -0.102893
vt 0.812500 -0.102816
vt 0.812500 -0.102893
vt 0.875000 -0.102816
vt 0.875000 -0.102893
vt 0.937500 -0.102816
vt 0.937500 -0.102893
vt 1.000000 -0.102816
vt 1.000000 -0.102893
vt 0.000000 -0.102735
vt 0.062500 -0.102735
vt 0.125000 -0.102735
vt 0.187500 -0.102735
vt 0.250000 -0.102735
vt 0.312500 -0.102735
vt 0.375000 -0.102735
vt 0.437500 -0.102735
vt 0.500000 -0.102735
vt 0.562500 -0.102735
vt 0.625000 -0.102735
vt 0.687500 -0.102735
vt 0.750000 -0.102735
vt 0.812500 -0.102735
vt 0.875000 -0.102735
vt 0.937500 -0.102735
vt 1.000000 -0.102735
vt 0.000000 -0.102652
vt 0.062500 -0.102652
vt 0.125000 -0.102652
vt 0.187500 -0.102652
vt 0.250000 -0.102652
vt 0.312500 -0.102652
vt 0.375000 -0.102652
vt 0.437500 -0.102652
vt 0.500000 -0.102652
vt 0.562500 -0.102652
vt 0.625000 -0.102652
vt 0.687500 -0.102652
vt 0.750000 -0.102652
vt 0.812500 -0.102652
vt 0.875000 -0.102652
vt 0.937500 -0.102652
vt 1.000000 -0.102652
vt 0.000000 -0.102566
vt 0.062500 -0.102566
vt 0.125000 -0.102566
vt 0.187500 -0.102566
vt 0.250000 -0.102566
vt 0.312500 -0.102566
vt 0.375000 -0.102566
vt 0.437500 -0.102566
vt 0.500000 -0.102566
vt 0.562500 -0.102566
vt 0.625000 -0.102566
vt 0.687500 -0.102566
vt 0.750000 -0.102566
vt 0.812500 -0.102566
vt 0.875000 -0.102566
vt 0.937500 -0.102566
vt 1.000000 -0.102566
vt 0.000000 -0.102478
vt 0.062500 -0.102478
vt 0.125000 -0.102478
vt 0.187500 -0.102478
vt 0.250000 -0.102478
vt 0.312500 -0.102478
vt 0.375000 -0.102478
vt 0.437500 -0.102478
vt 0.500000 -0.102478
vt 0.562500 -0.102478
vt 0.625000 -0.102478
vt 0.687500 -0.102478
vt 0.750000 -0.102478
vt 0.812500 -0.102478
vt 0.875000 -0.102478
vt 0.937500 -0.102478
vt 1.000000 -0.102478
vt 0.000000 -0.102389
vt 0.062500 -0.102389
vt 0.125000 -0.102389
vt 0.187500 -0.102389
vt 0.250000 -0.102389
vt 0.312500 -0.102389
vt 0.375000 -0.102389
vt 0.437500 -0.102389
vt 0.500000 -0.102389
vt 0.562500 -0.102389
vt 0.625000 -0.102389
vt 0.687500 -0.102389
vt 0.750000 -0.102389
vt 0.812500 -0.102389
vt 0.875000 -0.102389
vt 0.937500 -0.102389
vt 1.000000 -0.102389
vt 0.000000 -0.102299
vt 0.062500 -0.102299
vt 0.125000 -0.102299
vt 0.187500 -0.102299
vt 0.250000 -0.102299
vt 0.312500 -0.102299
vt 0.375000 -0.102299
vt 0.437500 -0.102299
vt 0.500000 -0.102299
vt 0.562500 -0.102299
vt 0.625000 -0.102299
vt 0.687500 -0.102299
vt 0.750000 -0.102299
vt 0.812500 -0.102299
vt 0.875000 -0.102299
vt 0.937500 -0.102299
vt 1.000000 -0.102299
vt 0.000000 -0.102209
vt 0.062500 -0.102209
vt 0.125000 -0.102209
vt 0.187500 -0.102209
vt 0.250000 -0.102209
vt 0.312500 -0.102209
vt 0.375000 -0.102209
vt 0.437500 -0.102209
vt 0.500000 -0.102209
vt 0.562500 -0.102209
vt 0.625000 -0.102209
vt 0.687500 -0.102209
vt 0.750000 -0.102209
vt 0.812500 -0.102209
vt 0.875000 -0.102209
vt 0.937500 -0.102209
vt 1.000000 -0.102209
vt 0.000000 -0.102118
vt 0.062500 -0.102118
vt 0.125000 -0.102118
vt 0.187500 -0.102118
vt 0.250000 -0.102118
vt 0.312500 -0.102118
vt 0.375000 -0.102118
vt 0.437500 -0.102118
vt 0.500000 -0.102118
vt 0.562500 -0.102118
vt 0.625000 -0.102118
vt 0.687500 -0.102118
vt 0.750000 -0.102118
vt 0.812500 -0.102118
vt 0.875000 -0.102118
vt 0.937500 -0.102118
vt 1.000000 -0.102118
vt 0.000000 -0.102028
vt 0.062500 -0.102028
vt 0.125000 -0.102028
vt 0.187500 -0.102028
vt 0.250000 -0.102028
vt 0.312500 -0.102028
vt 0.375000 -0.102028
vt 0.437500 -0.102028
vt 0.500000 -0.102028
vt 0.562500 -0.102028
vt 0.625000 -0.102028
vt 0.687500 -0.102028
vt 0.750000 -0.102028
vt 0.812500 -0.102028
vt 0.875000 -0.102028
vt 0.937500 -0.102028
vt 1.000000 -0.102028
vt 0.000000 -0.101939
vt 0.062500 -0.101939
vt 0.125000 -0.101939
vt 0.187500 -0.101939
vt 0.250000 -0.101939
vt 0.312500 -0.101939
vt 0.375000 -0.101939
vt 0.437500 -0.101939
vt 0.500000 -0.101939
vt 0.562500 -0.101939
vt 0.625000 -0.101939
vt 0.687500 -0.101939
vt 0.750000 -0.101939
vt 0.812500 -0.101939
vt 0.875000 -0.101939
vt 0.937500 -0.101939
vt 1.000000 -0.101939
vt 0.000000 -0.101851
vt 0.062500 -0.101851
vt 0.125000 -0.101851
vt 0.187500 -0.101851
vt 0.250000 -0.101851
vt 0.312500 -0.101851
vt 0.375000 -0.101851
vt 0.437500 -0.101851
vt 0.500000 -0.101851
vt 0.562500 -0.101851
vt 0.625000 -0.101851
vt 0.687500 -0.101851
vt 0.750000 -0.101851
vt 0.812500 -0.101851
vt 0.875000 -0.101851
vt 0.937500 -0.101851
vt 1.000000 -0.101851
vt 0.000000 -0.097667
vt 0.062500 -0.097667
vt 0.125000 -0.097667
vt 0.187500 -0.097667
vt 0.250000 -0.097667
vt 0.312500 -0.097667
vt 0.375000 -0.097667
vt 0.437500 -0.097667
vt 0.500000 -0.097667
vt 0.562500 -0.097667
vt 0.625000 -0.097667
vt 0.687500 -0.097667
vt 0.750000 -0.097667
vt 0.812500 -0.097667
vt 0.875000 -0.097667
vt 0.937500 -0.097667
vt 1.000000 -0.097667
vt 0.000000 -0.071430
vt 0.062500 -0.071430
vt 0.125000 -0.071430
vt 0.187500 -0.071430
vt 0.250000 -0.071430
vt 0.312500 -0.071430
vt 0.375000 -0.071430
vt 0.437500 -0.071430
vt 0.500000 -0.071430
vt 0.562500 -0.071430
vt 0.625000 -0.071430
vt 0.687500 -0.071430
vt 0.750000 -0.071430
vt 0.812500 -0.071430
vt 0.875000 -0.071430
vt 0.937500 -0.071430
vt 1.000000 -0.071430
vt 0.000000 -0.004409
vt 0.062500 -0.004409
vt 0.125000 -0.004409
vt 0.187500 -0.004409
vt 0.250000 -0.004409
vt 0.312500 -0.004409
vt 0.375000 -0.004409
vt 0.437500 -0.004409
vt 0.500000 -0.004409
vt 0.562500 -0.004409
vt 0.625000 -0.004409
vt 0.687500 -0.004409
vt 0.750000 -0.004409
vt 0.812500 -0.004409
vt 0.875000 -0.004409
vt 0.937500 -0.004409
vt 1.000000 -0.004409
vt 0.000000 0.000180
vt 0.062500 0.000180
vt 0.125000 0.000180
vt 0.187500 0.000180
vt 0.250000 0.000180
vt 0.312500 0.000180
vt 0.375000 0.000180
vt 0.437500 0.000180
vt 0.500000 0.000180
vt 0.562500 0.000180
vt 0.625000 0.000180
vt 0.687500 0.000180
vt 0.750000 0.000180
vt 0.812500 0.000180
vt 0.875000 0.000180
vt 0.937500 0.000180
vt 1.000000 0.000180
vt 0.000000 0.004680
vt 0.062500 0.004680
vt 0.125000 0.004680
vt 0.187500 0.004680
vt 0.250000 0.004680
vt 0.312500 0.004680
vt 0.375000 0.004680
vt 0.437500 0.004680
vt 0.500000 0.004680
vt 0.562500 0.004680
vt 0.625000 0.004680
vt 0.687500 0.004680
vt 0.750000 0.004680
vt 0.812500 0.004680
vt 0.875000 0.004680
vt 0.937500 0.004680
vt 1.000000 0.004680
vt 0.000000 0.004680
vt 0.062500 0.004680
vt 0.125000 0.004680
vt 0.187500 0.004680
vt 0.250000 0.004680
vt 0.312500 0.004680
vt 0.375000 0.004680
vt 0.437500 0.004680
vt 0.500000 0.004680
vt 0.562500 0.004680
vt 0.625000 0.004680
vt 0.687500 0.004680
vt 0.750000 0.004680
vt 0.812500 0.004680
vt 0.875000 0.004680
vt 0.937500 0.004680
vt 1.000000 0.004680
s 1
f 1/1/1 2/2/2 21/3/3 20/4/4
f 20/4/4 21/3/3 40/5/5 39/6/6
f 39/6/6 40/5/5 59/7/7 58/8/8
f 58/8/8 59/7/7 78/9/9 77/10/10
f 77/10/10 78/9/9 97/11/11 96/12/12
f 96/12/12 97/11/11 116/13/13 115/14/14
f 115/14/14 116/13/13 135/15/15 134/16/16
f 134/16/16 135/15/15 154/17/17 153/18/18
f 153/18/18 154/17/17 173/19/19 172/20/20
f 172/20/20 173/19/19 192/21/21 191/22/22
f 191/22/22 192/21/21 211/23/23 210/24/24
f 210/24/24 211/23/23 230/25/25 229/26/26
f 229/26/26 230/25/25 249/27/27 248/28/28
f 248/28/28 249/27/27 268/29/29 267/30/30
f 267/30/30 268/29/29 287/31/31 286/32/32
f 286/32/32 287/31/31 2/33/2 1/34/1
f 2/2/2 3/35/33 22/36/34 21/3/3
f 21/3/3 22/36/34 41/37/35 40/5/5
f 40/5/5 41/37/35 60/38/36 59/7/7
f 59/7/7 60/38/36 79/39/37 78/9/9
f 78/9/9 79/39/37 98/40/38 97/11/11
f 97/11/11 98/40/38 117/41/39 116/13/13
f 116/13/13 117/41/39 136/42/40 135/15/15
f 135/15/15 136/42/40 155/43/41 154/17/17
f 154/17/17 155/43/41 174/44/42 173/19/19
f 173/19/19 174/44/42 193/45/43 192/21/21
f 192/21/21 193/45/43 212/46/44 211/23/23
f 211/23/23 212/46/44 231/47/45 230/25/25
f 230/25/25 231/47/45 250/48/46 249/27/27
f 249/27/27 250/48/46 269/49/47 268/29/29
f 268/29/29 269/49/47 288/50/48 287/31/31
f 287/31/31 288/50/48 3/51/33 2/33/2
f 3/35/33 4/52/49 23/53/50 22/36/34
f 22/36/34 23/53/50 42/54/51 41/37/35
f 41/37/35 42/54/51 61/55/52 60/38/36
f 60/38/36 61/55/52 80/56/53 79/39/37
f 79/39/37 80/56/53 99/57/54 98/40/38
f 98/40/38 99/57/54 118/58/55 117/41/39
f 117/41/39 118/58/55 137/59/56 136/42/40
f 136/42/40 137/59/56 156/60/57 155/43/41
f 155/43/41 156/60/57 175/61/58 174/44/42
f 174/44/42 175/61/58 194/62/59 193/45/43
f 193/45/43 194/62/59 213/63/60 212/46/44
f 212/46/44 213/63/60 232/64/61 231/47/45
f 231/47/45 232/64/61 251/65/62 250/48/46
f 250/48/46 251/65/62 270/66/63 269/49/47
f 269/49/47 270/66/63 289/67/64 288/50/48
f 288/50/48 289/67/64 4/68/49 3/51/33
f 4/52/49 5/69/65 24/70/66 23/53/50
f 23/53/50 24/70/66 43/71/67 42/54/51
f 42/54/51 43/71/67 62/72/68 61/55/52
f 61/55/52 62/72/68 81/73/69 80/56/53
f 80/56/53 81/73/69 100/74/70 99/57/54
f 99/57/54 100/74/70 119/75/71 118/58/55
f 118/58/55 119/75/71 138/76/72 137/59/56
f 137/59/56 138/76/72 157/77/73 156/60/57
f 156/60/57 157/77/73 176/78/74 175/61/58
f 175/61/58 176/78/74 195/79/75 194/62/59
f 194/62/59 195/79/75 214/80/76 213/63/60
f 213/63/60 214/80/76 233/81/77 232/64/61
f 232/64/61 233/81/77 252/82/78 251/65/62
f 251/65/62 252/82/78 271/83/79 270/66/63
f 270/66/63 271/83/79 290/84/80 289/67/64
f 289/67/64 290/84/80 5/85/65 4/68/49
f 5/69/65 6/86/81 25/87/82 24/70/66
f 24/70/66 25/87/82 44/88/83 43/71/67
f 43/71/67 44/88/83 63/89/84 62/72/68
f 62/72/68 63/89/84 82/90/85 81/73/69
f 81/73/69 82/90/85 101/91/86 100/74/70
f 100/74/70 101/91/86 120/92/87 119/75/71
f 119/75/71 120/92/87 139/93/88 138/76/72
f 138/76/72 139/93/88 158/94/89 157/77/73
f 157/77/73 158/94/89 177/95/90 176/78/74
f 176/78/74 177/95/90 196/96/91 195/79/75
f 195/79/75 196/96/91 215/97/92 214/80/76
f 214/80/76 215/97/92 234/98/93 233/81/77
f 233/81/77 234/98/93 253/99/94 252/82/78
f 252/82/78 253/99/94 272/100/95 271/83/79
f 271/83/79 272/100/95 291/101/96 290/84/80
f 290/84/80 291/101/96 6/102/81 5/85/65
f 6/86/81 7/103/97 26/104/98 25/87/82
f 25/87/82 26/104/98 45/105/99 44/88/83
f 44/88/83 45/105/99 64/106/100 63/89/84
f 63/89/84 64/106/100 83/107/101 82/90/85
f 82/90/85 83/107/101 102/108/102 101/91/86
f 101/91/86 102/108/102 121/109/103 120/92/87
f 120/92/87 121/109/103 140/110/104 139/93/88
f 139/93/88 140/110/104 159/111/105 158/94/89
f 158/94/89 159/111/105 178/112/106 177/95/90
f 177/95/90 178/112/106 197/113/107 196/96/91
f 196/96/91 197/113/107 216/114/108 215/97/92
f 215/97/92 216/114/108 235/115/109 234/98/93
f 234/98/93 235/115/109 254/116/110 253/99/94
f 253/99/94 254/116/110 273/117/111 272/100/95
f 272/100/95 273/117/111 292/118/112 291/101/96
f 291/101/96 292/118/112 7/119/97 6/102/81
f 7/103/97 8/120/113 27/121/114 26/104/98
f 26/104/98 27/121/114 46/122/115 45/105/99
f 45/105/99 46/122/115 65/123/116 64/106/100
f 64/106/100 65/123/116 84/124/117 83/107/101
f 83/107/101 84/124/117 103/125/118 102/108/102
f 102/108/102 103/125/118 122/126/119 121/109/103
f 121/109/103 122/126/119 141/127/120 140/110/104
f 140/110/104 141/127/120 160/128/121 159/111/105
f 159/111/105 160/128/121 179/129/122 178/112/106
f 178/112/106 179/129/122 198/130/123 197/113/107
f 197/113/107 198/130/123 217/131/124 216/114/108
f 216/114/108 217/131/124 236/132/125 235/115/109
f 235/115/109 236/132/125 255/133/126 254/116/110
f 254/116/110 255/133/126 274/134/127 273/117/111
f 273/117/111 274/134/127 293/135/128 292/118/112
f 292/118/112 293/135/128 8/136/113 7/119/97
f 8/120/113 9/137/129 28/138/130 27/121/114
f 27/121/114 28/138/130 47/139/131 46/122/115
f 46/122/115 47/139/131 66/140/132 65/123/116
f 65/123/116 66/140/132 85/141/133 84/124/117
f 84/124/117 85/141/133 104/142/134 103/125/118
f 103/125/118 104/142/134 123/143/135 122/126/119
f 122/126/119 123/143/135 142/144/136 141/127/120
f 141/127/120 142/144/136 161/145/137 160/128/121
f 160/128/121 161/145/137 180/146/138 179/129/122
f 179/129/122 180/146/138 199/147/139 198/130/123
f 198/130/123 199/147/139 218/148/140 217/131/124
f 217/131/124 218/148/140 237/149/141 236/132/125
f 236/132/125 237/149/141 256/150/142 255/133/126
f 255/133/126 256/150/142 275/151/143 274/134/127
f 274/134/127 275/151/143 294/152/144 293/135/128
f 293/135/128 294/152/144 9/153/129 8/136/113
f 9/137/129 10/154/145 29/155/146 28/138/130
f 28/138/130 29/155/146 48/156/147 47/139/131
f 47/139/131 48/156/147 67/157/148 66/140/132
f 66/140/132 67/157/148 86/158/149 85/141/133
f 85/141/133 86/158/149 105/159/150 104/142/134
f 104/142/134 105/159/150 124/160/151 123/143/135
f 123/143/135 124/160/151 143/161/152 142/144/136
f 142/144/136 143/161/152 162/162/153 161/145/137
f 161/145/137 162/162/153 181/163/154 180/146/138
f 180/146/138 181/163/154 200/164/155 199/147/139
f 199/147/139 200/164/155 219/165/156 218/148/140
f 218/148/140 219/165/156 238/166/157 237/149/141
f 237/149/141 238/166/157 257/167/158 256/150/142
f 256/150/142 257/167/158 276/168/159 275/151/143
f 275/151/143 276/168/159 295/169/160 294/152/144
f 294/152/144 295/169/160 10/170/145 9/153/129
f 10/154/145 11/171/161 30/172/162 29/155/146
f 29/155/146 30/172/162 49/173/163 48/156/147
f 48/156/147 49/173/163 68/174/164 67/157/148
f 67/157/148 68/174/164 87/175/165 86/158/149
f 86/158/149 87/175/165 106/176/166 105/159/150
f 105/159/150 106/176/166 125/177/167 124/160/151
f 124/160/151 125/177/167 144/178/168 143/161/152
f 143/161/152 144/178/168 163/179/169 162/162/153
f 162/162/153 163/179/169 182/180/170 181/163/154
f 181/163/154 182/180/170 201/181/171 200/164/155
f 200/164/155 201/181/171 220/182/172 219/165/156
f 219/165/156 220/182/172 239/183/173 238/166/157
f 238/166/157 239/183/173 258/184/174 257/167/158
f 257/167/158 258/184/174 277/185/175 276/168/159
f 276/168/159 277/185/175 296/186/176 295/169/160
f 295/169/160 296/186/176 11/187/161 10/170/145
f 11/171/161 12/188/177 31/189/178 30/172/162
f 30/172/162 31/189/178 50/190/179 49/173/163
f 49/173/163 50/190/179 69/191/180 68/174/164
f 68/174/164 69/191/180 88/192/181 87/175/165
f 87/175/165 88/192/181 107/193/182 106/176/166
f 106/176/166 107/193/182 126/194/183 125/177/167
f 125/177/167 126/194/183 145/195/184 144/178/168
f 144/178/168 145/195/184 164/196/185 163/179/169
f 163/179/169 164/196/185 183/197/186 182/180/170
f 182/180/170 183/197/186 202/198/187 201/181/171
f 201/181/171 202/198/187 221/199/188 220/182/172
f 220/182/172 221/199/188 240/200/189 239/183/173
f 239/183/173 240/200/189 259/201/190 258/184/174
f 258/184/174 259/201/190 278/202/191 277/185/175
f 277/185/175 278/202/191 297/203/192 296/186/176
f 296/186/176 297/203/192 12/204/177 11/187/161
f 12/188/177 13/205/193 32/206/194 31/189/178
f 31/189/178 32/206/194 51/207/195 50/190/179
f 50/190/179 51/207/195 70/208/196 69/191/180
f 69/191/180 70/208/196 89/209/197 88/192/181
f 88/192/181 89/209/197 108/210/198 107/193/182
f 107/193/182 108/210/198 127/211/199 126/194/183
f 126/194/183 127/211/199 146/212/200 145/195/184
f 145/195/184 146/212/200 165/213/201 164/196/185
f 164/196/185 165/213/201 184/214/202 183/197/186
f 183/197/186 184/214/202 203/215/203 202/198/187
f 202/198/187 203/215/203 222/216/204 221/199/188
f 221/199/188 222/216/204 241/217/205 240/200/189
f 240/200/189 241/217/205 260/218/206 259/201/190
f 259/201/190 260/218/206 279/219/207 278/202/191
f 278/202/191 279/219/207 298/220/208 297/203/192
f 297/203/192 298/220/208 13/221/193 12/204/177
f 13/205/193 14/222/209 33/223/210 32/206/194
f 32/206/194 33/223/210 52/224/211 51/207/195
f 51/207/195 52/224/211 71/225/212 70/208/196
f 70/208/196 71/225/212 90/226/213 89/209/197
f 89/209/197 90/226/213 109/227/214 108/210/198
f 108/210/198 109/227/214 128/228/215 127/211/199
f 127/211/199 128/228/215 147/229/216 146/212/200
f 146/212/200 147/229/216 166/230/217 165/213/201
f 165/213/201 166/230/217 185/231/218 184/214/202
f 184/214/202 185/231/218 204/232/219 203/215/203
f 203/215/203 204/232/219 223/233/220 222/216/204
f 222/216/204 223/233/220 242/234/221 241/217/205
f 241/217/205 242/234/221 261/235/222 260/218/206
f 260/218/206 261/235/222 280/236/223 279/219/207
f 279/219/207 280/236/223 299/237/224 298/220/208
f 298/220/208 299/237/224 14/238/209 13/221/193
f 14/222/209 15/239/225 34/240/226 33/223/210
f 33/223/210 34/240/226 53/241/227 52/224/211
f 52/224/211 53/241/227 72/242/228 71/225/212
f 71/225/212 72/242/228 91/243/229 90/226/213
f 90/226/213 91/243/229 110/244/230 109/227/214
f 109/227/214 110/244/230 129/245/231 128/228/215
f 128/228/215 129/245/231 148/246/232 147/229/216
f 147/229/216 148/246/232 167/247/233 166/230/217
f 166/230/217 167/247/233 186/248/234 185/231/218
f 185/231/218 186/248/234 205/249/235 204/232/219
f 204/232/219 205/249/235 224/250/236 223/233/220
f 223/233/220 224/250/236 243/251/237 242/234/221
f 242/234/221 243/251/237 262/252/238 261/235/222
f 261/235/222 262/252/238 281/253/239 280/236/223
f 280/236/223 281/253/239 300/254/240 299/237/224
f 299/237/224 300/254/240 15/255/225 14/238/209
f 15/239/225 16/256/241 35/257/242 34/240/226
f 34/240/226 35/257/242 54/258/243 53/241/227
f 53/241/227 54/258/243 73/259/244 72/242/228
f 72/242/228 73/259/244 92/260/245 91/243/229
f 91/243/229 92/260/245 111/261/246 110/244/230
f 110/244/230 111/261/246 130/262/247 129/245/231
f 129/245/231 130/262/247 149/263/248 148/246/232
f 148/246/232 149/263/248 168/264/249 167/247/233
f 167/247/233 168/264/249 187/265/250 186/248/234
f 186/248/234 187/265/250 206/266/251 205/249/235
f 205/249/235 206/266/251 225/267/252 224/250/236
f 224/250/236 225/267/252 244/268/253 243/251/237
f 243/251/237 244/268/253 263/269/254 262/252/238
f 262/252/238 263/269/254 282/270/255 281/253/239
f 281/253/239 282/270/255 301/271/256 300/254/240
f 300/254/240 301/271/256 16/272/241 15/255/225
f 16/256/241 17/273/257 36/274/258 35/257/242
f 35/257/242 36/274/258 55/275/259 54/258/243
f 54/258/243 55/275/259 74/276/260 73/259/244
f 73/259/244 74/276/260 93/277/261 92/260/245
f 92/260/245 93/277/261 112/278/262 111/261/246
f 111/261/246 112/278/262 131/279/263 130/262/247
f 130/262/247 131/279/263 150/280/264 149/263/248
f 149/263/248 150/280/264 169/281/265 168/264/249
f 168/264/249 169/281/265 188/282/266 187/265/250
f 187/265/250 188/282/266 207/283/267 206/266/251
f 206/266/251 207/283/267 226/284/268 225/267/252
f 225/267/252 226/284/268 245/285/269 244/268/253
f 244/268/253 245/285/269 264/286/270 263/269/254
f 263/269/254 264/286/270 283/287/271 282/270/255
f 282/270/255 283/287/271 302/288/272 301/271/256
f 301/271/256 302/288/272 17/289/257 16/272/241
f 17/273/257 18/290/273 37/291/274 36/274/258
f 36/274/258 37/291/274 56/292/275 55/275/259
f 55/275/259 56/292/275 75/293/276 74/276/260
f 74/276/260 75/293/276 94/294/277 93/277/261
f 93/277/261 94/294/277 113/295/278 112/278/262
f 112/278/262 113/295/278 132/296/279 131/279/263
f 131/279/263 132/296/279 151/297/280 150/280/264
f 150/280/264 151/297/280 170/298/281 169/281/265
f 169/281/265 170/298/281 189/299/282 188/282/266
f 188/282/266 189/299/282 208/300/283 207/283/267
f 207/283/267 208/300/283 227/301/284 226/284/268
f 226/284/268 227/301/284 246/302/285 245/285/269
f 245/285/269 246/302/285 265/303/286 264/286/270
f 264/286/270 265/303/286 284/304/287 283/287/271
f 283/287/271 284/304/287 303/305/288 302/288/272
f 302/288/272 303/305/288 18/306/273 17/289/257
f 18/290/273 19/307/289 38/308/289 37/291/274
f 37/291/274 38/308/289 57/309/289 56/292/275
f 56/292/275 57/309/289 76/310/289 75/293/276
f 75/293/276 76/310/289 95/311/289 94/294/277
f 94/294/277 95/311/289 114/312/289 113/295/278
f 113/295/278 114/312/289 133/313/289 132/296/279
f 132/296/279 133/313/289 152/314/289 151/297/280
f 151/297/280 152/314/289 171/315/289 170/298/281
f 170/298/281 171/315/289 190/316/289 189/299/282
f 189/299/282 190/316/289 209/317/289 208/300/283
f 208/300/283 209/317/289 228/318/289 227/301/284
f 227/301/284 228/318/289 247/319/289 246/302/285
f 246/302/285 247/319/289 266/320/289 265/303/286
f 265/303/286 266/320/289 285/321/289 284/304/287
f 284/304/287 285/321/289 304/322/289 303/305/288
f 303/305/288 304/322/289 19/323/289 18/306/273
o Pen.003
v 0.000000 -0.102893 0.000000
v -0.000209 -0.102816 0.000000
v -0.000482 -0.102735 0.000000
v -0.000809 -0.102652 0.000000
v -0.001181 -0.102566 0.000000
v -0.001590 -0.102478 0.000000
v -0.002027 -0.102389 0.000000
v -0.002481 -0.102299 0.000000
v -0.002945 -0.102209 0.000000
v -0.003408 -0.102118 0.000000
v -0.003863 -0.102028 0.000000
v -0.004299 -0.101939 0.000000
v -0.004708 -0.101851 0.000000
v -0.007812 -0.097667 0.000000
v -0.011726 -0.071430 0.000000
v -0.009297 -0.004409 0.000000
v -0.012266 0.000180 0.000000
v -0.010782 0.004680 0.000000
v 0.000001 0.004680 -0.000000
v 0.000000 -0.102893 -0.000000
v -0.000193 -0.102816 0.000080
v -0.000445 -0.102735 0.000184
v -0.000747 -0.102652 0.000309
v -0.001091 -0.102566 0.000452
v -0.001469 -0.102478 0.000609
v -0.001872 -0.102389 0.000776
v -0.002292 -0.102299 0.000949
v -0.002720 -0.102209 0.001127
v -0.003149 -0.102118 0.001304
v -0.003569 -0.102028 0.001478
v -0.003972 -0.101939 0.001645
v -0.004350 -0.101851 0.001802
v -0.007217 -0.097667 0.002990
v -0.010833 -0.071430 0.004487
v -0.008589 -0.004409 0.003558
v -0.011332 0.000180 0.004694
v -0.009962 0.004680 0.004126
v 0.000001 0.004680 -0.000000
v 0.000000 -0.102893 -0.000000
v -0.000148 -0.102816 0.000148
v -0.000341 -0.102735 0.000341
v -0.000572 -0.102652 0.000572
v -0.000835 -0.102566 0.000835
v -0.001125 -0.102478 0.001125
v -0.001433 -0.102389 0.001433
v -0.001754 -0.102299 0.001754
v -0.002082 -0.102209 0.002082
v -0.002410 -0.102118 0.002410
v -0.002731 -0.102028 0.002731
v -0.003040 -0.101939 0.003040
v -0.003329 -0.101851 0.003329
v -0.005524 -0.097667 0.005524
v -0.008292 -0.071430 0.008292
v -0.006574 -0.004409 0.006574
v -0.008673 0.000180 0.008673
v -0.007624 0.004680 0.007624
v 0.000001 0.004680 -0.000001
v 0.000000 -0.102893 -0.000000
v -0.000080 -0.102816 0.000193
v -0.000184 -0.102735 0.000445
v -0.000309 -0.102652 0.000747
v -0.000452 -0.102566 0.001091
v -0.000609 -0.102478 0.001469
v -0.000776 -0.102389 0.001872
v -0.000949 -0.102299 0.002292
v -0.001127 -0.102209 0.002720
v -0.001304 -0.102118 0.003149
v -0.001478 -0.102028 0.003569
v -0.001645 -0.101939 0.003972
v -0.001802 -0.101851 0.004350
v -0.002990 -0.097667 0.007217
v -0.004487 -0.071430 0.010833
v -0.003558 -0.004409 0.008589
v -0.004694 0.000180 0.011332
v -0.004126 0.004680 0.009962
v 0.000000 0.004680 -0.000001
v -0.000000 -0.102893 -0.000000
v 0.000000 -0.102816 0.000209
v 0.000000 -0.102735 0.000482
v 0.000000 -0.102652 0.000809
v 0.000000 -0.102566 0.001181
v 0.000000 -0.102478 0.001590
v 0.000000 -0.102389 0.002027
v 0.000000 -0.102299 0.002481
v 0.000000 -0.102209 0.002945
v 0.000000 -0.102118 0.003408
v 0.000000 -0.102028 0.003863
v 0.000000 -0.101939 0.004299
v 0.000000 -0.101851 0.004708
v 0.000000 -0.097667 0.007812
v 0.000000 -0.071430 0.011726
v 0.000000 -0.004409 0.009297
v 0.000000 0.000180 0.012266
v 0.000000 0.004680 0.010782
v -0.000000 0.004680 -0.000001
v -0.000000 -0.102893 -0.000000
v 0.000080 -0.102816 0.000193
v 0.000184 -0.102735 0.000445
v 0.000309 -0.102652 0.000747
v 0.000452 -0.102566 0.001091
v 0.000609 -0.102478 0.001469
v 0.000776 -0.102389 0.001872
v 0.000949 -0.102299 0.002292
v 0.001127 -0.102209 0.002720
v 0.001304 -0.102118 0.003149
v 0.001478 -0.102028 0.003569
v 0.001645 -0.101939 0.003972
v 0.001802 -0.101851 0.004350
v 0.002990 -0.097667 0.007217
v 0.004487 -0.071430 0.010833
v 0.003558 -0.004409 0.008589
v 0.004694 0.000180 0.011332
v 0.004126 0.004680 0.009962
v -0.000000 0.004680 -0.000001
v -0.000000 -0.102893 -0.000000
v 0.000148 -0.102816 0.000148
v 0.000341 -0.102735 0.000341
v 0.000572 -0.102652 0.000572
v 0.000835 -0.102566 0.000835
v 0.001125 -0.102478 0.001125
v 0.001433 -0.102389 0.001433
v 0.001754 -0.102299 0.001754
v 0.002082 -0.102209 0.002082
v 0.002410 -0.102118 0.002410
v 0.002731 -0.102028 0.002731
v 0.003040 -0.101939 0.003040
v 0.003329 -0.101851 0.003329
v 0.005524 -0.097667 0.005524
v 0.008292 -0.071430 0.008292
v 0.006574 -0.004409 0.006574
v 0.008673 0.000180 0.008673
v 0.007624 0.004680 0.007624
v -0.000001 0.004680 -0.000001
v -0.000000 -0.102893 -0.000000
v 0.000193 -0.102816 0.000080
v 0.000445 -0.102735 0.000184
v 0.000747 -0.102652 0.000309
v 0.001091 -0.102566 0.000452
v 0.001469 -0.102478 0.000609
v 0.001872 -0.102389 0.000776
v 0.002292 -0.102299 0.000949
v 0.002720 -0.102209 0.001127
v 0.003149 -0.102118 0.001304
v 0.003569 -0.102028 0.001478
v 0.003972 -0.101939 0.001645
v 0.004350 -0.101851 0.001802
v 0.007217 -0.097667 0.002990
v 0.010833 -0.071430 0.004487
v 0.008589 -0.004409 0.003558
v 0.011332 0.000180 0.004694
v 0.009962 0.004680 0.004126
v -0.000001 0.004680 -0.000000
v -0.000000 -0.102893 0.000000
v 0.000209 -0.102816 -0.000000
v 0.000482 -0.102735 -0.000000
v 0.000809 -0.102652 -0.000000
v 0.001181 -0.102566 -0.000000
v 0.001590 -0.102478 -0.000000
v 0.002027 -0.102389 -0.000000
v 0.002481 -0.102299 -0.000000
v 0.002945 -0.102209 -0.000000
v 0.003408 -0.102118 -0.000000
v 0.003863 -0.102028 -0.000000
v 0.004299 -0.101939 -0.000000
v 0.004708 -0.101851 -0.000000
v 0.007812 -0.097667 -0.000000
v 0.011726 -0.071430 -0.000000
v 0.009297 -0.004409 -0.000000
v 0.012266 0.000180 -0.000000
v 0.010782 0.004680 -0.000000
v -0.000001 0.004680 0.000000
v -0.000000 -0.102893 0.000000
v 0.000193 -0.102816 -0.000080
v 0.000445 -0.102735 -0.000184
v 0.000747 -0.102652 -0.000309
v 0.001091 -0.102566 -0.000452
v 0.001469 -0.102478 -0.000609
v 0.001872 -0.102389 -0.000776
v 0.002292 -0.102299 -0.000949
v 0.002720 -0.102209 -0.001127
v 0.003149 -0.102118 -0.001304
v 0.003569 -0.102028 -0.001478
v 0.003972 -0.101939 -0.001645
v 0.004350 -0.101851 -0.001802
v 0.007217 -0.097667 -0.002990
v 0.010833 -0.071430 -0.004487
v 0.008589 -0.004409 -0.003558
v 0.011332 0.000180 -0.004694
v 0.009962 0.004680 -0.004126
v -0.000001 0.004680 0.000000
v -0.000000 -0.102893 0.000000
v 0.000148 -0.102816 -0.000148
v 0.000341 -0.102735 -0.000341
v 0.000572 -0.102652 -0.000572
v 0.000835 -0.102566 -0.000835
v 0.001125 -0.102478 -0.001125
v 0.001433 -0.102389 -0.001433
v 0.001754 -0.102299 -0.001754
v 0.002082 -0.102209 -0.002082
v 0.002410 -0.102118 -0.002410
v 0.002731 -0.102028 -0.002731
v 0.003040 -0.101939 -0.003040
v 0.003329 -0.101851 -0.003329
v 0.005524 -0.097667 -0.005524
v 0.008292 -0.071430 -0.008292
v 0.006574 -0.004409 -0.006574
v 0.008673 0.000180 -0.008673
v 0.007624 0.004680 -0.007624
v -0.000001 0.004680 0.000001
v -0.000000 -0.102893 0.000000
v 0.000080 -0.102816 -0.000193
v 0.000184 -0.102735 -0.000445
v 0.000309 -0.102652 -0.000747
v 0.000452 -0.102566 -0.001091
v 0.000609 -0.102478 -0.001469
v 0.000776 -0.102389 -0.001872
v 0.000949 -0.102299 -0.002292
v 0.001127 -0.102209 -0.002720
v 0.001304 -0.102118 -0.003149
v 0.001478 -0.102028 -0.003569
v 0.001645 -0.101939 -0.003972
v 0.001802 -0.101851 -0.004350
v 0.002990 -0.097667 -0.007217
v 0.004487 -0.071430 -0.010833
v 0.003558 -0.004409 -0.008589
v 0.004694 0.000180 -0.011332
v 0.004126 0.004680 -0.009962
v -0.000000 0.004680 0.000001
v 0.000000 -0.102893 0.000000
v -0.000000 -0.102816 -0.000209
v -0.000000 -0.102735 -0.000482
v -0.000000 -0.102652 -0.000809
v -0.000000 -0.102566 -0.001181
v -0.000000 -0.102478 -0.001590
v -0.000000 -0.102389 -0.002027
v -0.000000 -0.102299 -0.002481
v -0.000000 -0.102209 -0.002945
v -0.000000 -0.102118 -0.003408
v -0.000000 -0.102028 -0.003863
v -0.000000 -0.101939 -0.004299
v -0.000000 -0.101851 -0.004708
v -0.000000 -0.097667 -0.007812
v -0.000000 -0.071430 -0.011726
v -0.000000 -0.004409 -0.009297
v -0.000000 0.000180 -0.012266
v -0.000000 0.004680 -0.010782
v 0.000000 0.004680 0.000001
v 0.000000 -0.102893 0.000000
v -0.000080 -0.102816 -0.000193
v -0.000184 -0.102735 -0.000445
v -0.000309 -0.102652 -0.000747
v -0.000452 -0.102566 -0.001091
v -0.000609 -0.102478 -0.001469
v -0.000776 -0.102389 -0.001872
v -0.000949 -0.102299 -0.002292
v -0.001127 -0.102209 -0.002720
v -0.001304 -0.102118 -0.003149
v -0.001478 -0.102028 -0.003569
v -0.001645 -0.101939 -0.003972
v -0.001802 -0.101851 -0.004350
v -0.002990 -0.097667 -0.007217
v -0.004487 -0.071430 -0.010833
v -0.003558 -0.004409 -0.008589
v -0.004694 0.000180 -0.011332
v -0.004126 0.004680 -0.009962
v 0.000000 0.004680 0.000001
v 0.000000 -0.102893 0.000000
v -0.000148 -0.102816 -0.000148
v -0.000341 -0.102735 -0.000341
v -0.000572 -0.102652 -0.000572
v -0.000835 -0.102566 -0.000835
v -0.001125 -0.102478 -0.001125
v -0.001433 -0.102389 -0.001433
v -0.001754 -0.102299 -0.001754
v -0.002082 -0.102209 -0.002082
v -0.002410 -0.102118 -0.002410
v -0.002731 -0.102028 -0.002731
v -0.003040 -0.101939 -0.003040
v -0.003329 -0.101851 -0.003329
v -0.005524 -0.097667 -0.005524
v -0.008292 -0.071430 -0.008292
v -0.006574 -0.004409 -0.006574
v -0.008673 0.000180 -0.008673
v -0.007624 0.004680 -0.007624
v 0.000001 0.004680 0.000001
v 0.000000 -0.102893 0.000000
v -0.000193 -0.102816 -0.000080
v -0.000445 -0.102735 -0.000184
v -0.000747 -0.102652 -0.000309
v -0.001091 -0.102566 -0.000452
v -0.001469 -0.102478 -0.000609
v -0.001872 -0.102389 -0.000776
v -0.002292 -0.102299 -0.000949
v -0.002720 -0.102209 -0.001127
v -0.003149 -0.102118 -0.001304
v -0.003569 -0.102028 -0.001478
v -0.003972 -0.101939 -0.001645
v -0.004350 -0.101851 -0.001802
v -0.007217 -0.097667 -0.002990
v -0.010833 -0.071430 -0.004487
v -0.008589 -0.004409 -0.003558
v -0.011332 0.000180 -0.004694
v -0.009962 0.004680 -0.004126
v 0.000001 0.004680 0.000000
vn -0.6749 -0.7377 -0.0178
vn 0.2882 0.9501 -0.1194
vn -0.8597 -0.5062 0.0688
vn 0.2206 0.9501 -0.2206
vn -0.4334 -0.8688 0.2393
vn 0.1194 0.9501 -0.2882
vn 0.0091 -0.9462 0.3235
vn -0.0000 0.9501 -0.3120
vn -0.0091 -0.9377 0.3474
vn -0.1194 0.9501 -0.2882
vn -0.0260 -0.9459 0.3235
vn -0.2206 0.9501 -0.2206
vn -0.0387 -0.9669 0.2523
vn -0.2882 0.9501 -0.1194
vn 0.1764 -0.9743 0.1398
vn -0.3120 0.9501 -0.0000
vn 0.1295 -0.9916 -0.0030
vn -0.2882 0.9501 0.1194
vn -0.0388 -0.9894 -0.1402
vn -0.2205 0.9501 0.2206
vn -0.0260 -0.9672 -0.2528
vn -0.1194 0.9501 0.2882
vn -0.0092 -0.9462 -0.3235
vn -0.0001 0.9501 0.3120
vn 0.0092 -0.9377 -0.3474
vn 0.1193 0.9501 0.2882
vn 0.0260 -0.9459 -0.3235
vn 0.2206 0.9501 0.2206
vn -0.5410 -0.8098 -0.2270
vn 0.2882 0.9501 0.1194
vn -0.6079 -0.7878 -0.0992
vn 0.3120 0.9501 -0.0000
vn 0.2433 0.9647 -0.1008
vn 0.1008 0.9647 -0.2433
vn -0.0000 0.9647 -0.2634
vn -0.1862 0.9647 -0.1862
vn -0.2433 0.9647 -0.1008
vn -0.2634 0.9647 -0.0000
vn -0.2433 0.9647 0.1008
vn -0.1862 0.9647 0.1862
vn -0.1008 0.9647 0.2433
vn -0.0000 0.9647 0.2634
vn 0.1008 0.9647 0.2433
vn 0.1863 0.9647 0.1862
vn 0.2634 0.9647 -0.0000
vn 0.2345 0.9721 -0.0000
vn 0.2167 0.9721 -0.0897
vn 0.1862 0.9647 -0.1862
vn 0.0897 0.9721 -0.2166
vn -0.0000 0.9721 -0.2345
vn -0.1008 0.9647 -0.2433
vn -0.0897 0.9721 -0.2166
vn -0.2167 0.9721 -0.0897
vn -0.2345 0.9721 -0.0000
vn -0.2167 0.9721 0.0897
vn -0.1658 0.9721 0.1658
vn -0.0000 0.9721 0.2345
vn 0.0897 0.9721 0.2166
vn 0.1658 0.9721 0.1658
vn 0.2433 0.9647 0.1008
vn 0.2166 0.9721 0.0897
vn 0.2162 0.9764 -0.0000
vn 0.1997 0.9764 -0.0827
vn 0.1658 0.9721 -0.1658
vn 0.0827 0.9764 -0.1997
vn -0.0000 0.9764 -0.2162
vn -0.1529 0.9764 -0.1529
vn -0.1658 0.9721 -0.1658
vn -0.2162 0.9764 -0.0000
vn -0.1997 0.9764 0.0827
vn -0.1529 0.9764 0.1529
vn -0.0897 0.9721 0.2166
vn -0.0000 0.9764 0.2162
vn 0.0827 0.9764 0.1997
vn 0.1529 0.9764 0.1529
vn 0.1997 0.9764 0.0827
vn 0.2043 0.9789 -0.0000
vn 0.1445 0.9789 -0.1445
vn 0.1529 0.9764 -0.1529
vn 0.0782 0.9789 -0.1888
vn -0.0000 0.9789 -0.2043
vn -0.0827 0.9764 -0.1997
vn -0.0782 0.9789 -0.1888
vn -0.1445 0.9789 -0.1445
vn -0.1997 0.9764 -0.0827
vn -0.1888 0.9789 -0.0782
vn -0.2043 0.9789 -0.0000
vn -0.1888 0.9789 0.0782
vn -0.1445 0.9789 0.1445
vn -0.0827 0.9764 0.1997
vn -0.0000 0.9789 0.2043
vn 0.0782 0.9789 0.1888
vn 0.1445 0.9789 0.1445
vn 0.1888 0.9789 0.0782
vn 0.1969 0.9804 -0.0000
vn 0.1888 0.9789 -0.0782
vn 0.1819 0.9804 -0.0753
vn 0.1392 0.9804 -0.1392
vn 0.0753 0.9804 -0.1819
vn -0.0754 0.9804 -0.1819
vn -0.1392 0.9804 -0.1392
vn -0.1819 0.9804 -0.0753
vn -0.1969 0.9804 -0.0000
vn -0.1819 0.9804 0.0753
vn -0.1392 0.9804 0.1392
vn -0.0782 0.9789 0.1888
vn -0.0000 0.9804 0.1969
vn 0.0753 0.9804 0.1819
vn 0.1392 0.9804 0.1392
vn 0.1928 0.9812 -0.0000
vn 0.1782 0.9812 -0.0738
vn 0.1364 0.9812 -0.1364
vn 0.0738 0.9812 -0.1782
vn -0.0000 0.9804 -0.1969
vn -0.0000 0.9812 -0.1928
vn -0.1364 0.9812 -0.1364
vn -0.1782 0.9812 -0.0738
vn -0.1781 0.9812 0.0738
vn -0.1364 0.9812 0.1364
vn -0.0753 0.9804 0.1819
vn -0.0000 0.9812 0.1928
vn 0.0738 0.9812 0.1782
vn 0.1363 0.9812 0.1364
vn 0.1819 0.9804 0.0753
vn 0.1916 0.9815 -0.0000
vn 0.1771 0.9815 -0.0733
vn 0.0733 0.9815 -0.1771
vn -0.0000 0.9815 -0.1916
vn -0.0738 0.9812 -0.1782
vn -0.0733 0.9815 -0.1771
vn -0.1355 0.9815 -0.1355
vn -0.1771 0.9815 -0.0733
vn -0.1928 0.9812 -0.0000
vn -0.1771 0.9815 0.0733
vn -0.0733 0.9815 0.1771
vn -0.0738 0.9812 0.1782
vn -0.0000 0.9815 0.1916
vn 0.0733 0.9815 0.1771
vn 0.1355 0.9815 0.1355
vn 0.1782 0.9812 0.0738
vn 0.1932 0.9812 -0.0000
vn 0.1785 0.9812 -0.0739
vn 0.1355 0.9815 -0.1355
vn 0.0739 0.9812 -0.1785
vn -0.0000 0.9812 -0.1932
vn -0.0739 0.9812 -0.1785
vn -0.1366 0.9812 -0.1366
vn -0.1932 0.9812 -0.0000
vn -0.1917 0.9815 -0.0000
vn -0.1785 0.9812 0.0739
vn -0.1355 0.9815 0.1355
vn -0.1366 0.9812 0.1366
vn -0.0739 0.9812 0.1785
vn 0.0739 0.9812 0.1785
vn 0.1366 0.9812 0.1366
vn 0.1771 0.9815 0.0733
vn 0.1785 0.9812 0.0739
vn 0.1976 0.9803 -0.0000
vn 0.1825 0.9803 -0.0756
vn 0.1366 0.9812 -0.1366
vn 0.0756 0.9803 -0.1826
vn -0.0000 0.9803 -0.1976
vn -0.0756 0.9803 -0.1826
vn -0.1397 0.9803 -0.1397
vn -0.1785 0.9812 -0.0739
vn -0.1825 0.9803 -0.0756
vn -0.1976 0.9803 -0.0000
vn -0.1397 0.9803 0.1397
vn -0.0000 0.9803 0.1976
vn -0.0000 0.9812 0.1932
vn 0.0756 0.9803 0.1826
vn 0.1825 0.9803 0.0756
vn 0.2055 0.9787 -0.0000
vn 0.1453 0.9787 -0.1453
vn 0.1397 0.9803 -0.1397
vn 0.0786 0.9787 -0.1899
vn -0.0000 0.9787 -0.2055
vn -0.1453 0.9787 -0.1453
vn -0.1899 0.9787 -0.0786
vn -0.2055 0.9787 -0.0000
vn -0.1826 0.9803 0.0756
vn -0.1899 0.9787 0.0786
vn -0.1453 0.9787 0.1453
vn -0.0756 0.9803 0.1826
vn -0.0000 0.9787 0.2055
vn 0.1453 0.9787 0.1453
vn 0.1397 0.9803 0.1397
vn 0.5275 0.8210 -0.2185
vn 0.1899 0.9787 -0.0786
vn 0.4037 0.8210 -0.4037
vn 0.2185 0.8210 -0.5274
vn -0.2185 0.8210 -0.5274
vn -0.0786 0.9787 -0.1899
vn -0.4037 0.8210 -0.4037
vn -0.5274 0.8210 -0.2185
vn -0.5709 0.8210 -0.0000
vn -0.5274 0.8210 0.2185
vn -0.4037 0.8210 0.4037
vn -0.0786 0.9787 0.1899
vn -0.2185 0.8210 0.5274
vn -0.0000 0.8210 0.5709
vn 0.0787 0.9787 0.1899
vn 0.2185 0.8210 0.5274
vn 0.4037 0.8210 0.4037
vn 0.1899 0.9787 0.0786
vn 0.5709 0.8210 -0.0000
vn 0.9279 0.3729 -0.0000
vn 0.8573 0.3729 -0.3551
vn 0.6561 0.3729 -0.6561
vn 0.3551 0.3729 -0.8573
vn -0.0000 0.8210 -0.5709
vn -0.0000 0.3729 -0.9279
vn -0.3551 0.3729 -0.8573
vn -0.6561 0.3729 -0.6561
vn -0.8573 0.3729 -0.3551
vn -0.8573 0.3729 0.3551
vn -0.6561 0.3729 0.6561
vn -0.0000 0.3729 0.9279
vn 0.3551 0.3729 0.8573
vn 0.6561 0.3729 0.6561
vn 0.5274 0.8210 0.2185
vn 0.9985 0.0553 -0.0000
vn 0.9225 0.0553 -0.3821
vn 0.7060 0.0553 -0.7060
vn -0.0000 0.0553 -0.9985
vn -0.3821 0.0553 -0.9225
vn -0.7060 0.0553 -0.7060
vn -0.9225 0.0553 -0.3821
vn -0.9279 0.3729 -0.0000
vn -0.9985 0.0553 -0.0000
vn -0.9225 0.0553 0.3821
vn -0.7060 0.0553 0.7060
vn -0.3551 0.3729 0.8573
vn -0.3821 0.0553 0.9225
vn -0.0000 0.0553 0.9985
vn 0.7060 0.0553 0.7060
vn 0.8573 0.3729 0.3551
vn 0.9612 0.2759 -0.0000
vn 0.8880 0.2759 -0.3678
vn 0.6797 0.2759 -0.6797
vn 0.3821 0.0553 -0.9225
vn 0.3678 0.2759 -0.8880
vn -0.0000 0.2759 -0.9612
vn -0.3678 0.2759 -0.8880
vn -0.6797 0.2759 -0.6797
vn -0.8880 0.2759 -0.3678
vn -0.9612 0.2759 -0.0000
vn -0.8880 0.2759 0.3678
vn -0.6797 0.2759 0.6797
vn -0.3678 0.2759 0.8880
vn -0.0000 0.2759 0.9612
vn 0.3821 0.0553 0.9225
vn 0.3678 0.2759 0.8880
vn 0.6797 0.2759 0.6797
vn 0.9225 0.0553 0.3821
vn 0.8880 0.2759 0.3678
vn 0.9926 0.1213 -0.0000
vn 0.9171 0.1213 -0.3799
vn 0.7019 0.1213 -0.7019
vn 0.3799 0.1213 -0.9171
vn -0.0000 0.1213 -0.9926
vn -0.3799 0.1213 -0.9171
vn -0.7019 0.1213 -0.7019
vn -0.9171 0.1213 -0.3799
vn -0.9926 0.1213 -0.0000
vn -0.9171 0.1213 0.3799
vn -0.3799 0.1213 0.9171
vn -0.0000 0.1213 0.9926
vn 0.3799 0.1213 0.9171
vn 0.7019 0.1213 0.7019
vn 0.9171 0.1213 0.3799
vn 0.6302 -0.7765 -0.0000
vn 0.4456 -0.7765 -0.4456
vn -0.0000 -0.7765 -0.6302
vn -0.2411 -0.7765 -0.5822
vn -0.4456 -0.7765 -0.4456
vn -0.6302 -0.7765 -0.0000
vn -0.5822 -0.7765 0.2411
vn -0.7019 0.1213 0.7019
vn -0.4456 -0.7765 0.4456
vn -0.2411 -0.7765 0.5822
vn -0.0000 -0.7765 0.6302
vn 0.2411 -0.7765 0.5822
vn 0.5822 -0.7765 0.2411
vn -0.0000 1.0000 -0.0000
vn 0.5822 -0.7765 -0.2411
vn -0.0001 1.0000 -0.0000
vn -0.0013 1.0000 -0.0000
vn 0.2411 -0.7765 -0.5822
vn -0.0011 1.0000 -0.0000
vn -0.0002 1.0000 -0.0000
vn -0.0005 1.0000 -0.0000
vn 0.0003 1.0000 -0.0000
vn -0.5822 -0.7764 -0.2412
vn -0.0004 1.0000 -0.0000
vn 0.0001 1.0000 -0.0000
vn 0.0005 1.0000 -0.0000
vn -0.0006 1.0000 -0.0000
vn 0.4456 -0.7765 0.4456
vn -0.0007 1.0000 -0.0000
vt 0.000000 -0.102893
vt 0.062500 -0.102816
vt 0.062500 -0.102893
vt 0.125000 -0.102816
vt 0.125000 -0.102893
vt 0.187500 -0.102816
vt 0.187500 -0.102893
vt 0.250000 -0.102816
vt 0.250000 -0.102893
vt 0.312500 -0.102816
vt 0.312500 -0.102893
vt 0.375000 -0.102816
vt 0.375000 -0.102893
vt 0.437500 -0.102816
vt 0.437500 -0.102893
vt 0.500000 -0.102816
vt 0.500000 -0.102893
vt 0.562500 -0.102816
vt 0.562500 -0.102893
vt 0.625000 -0.102816
vt 0.625000 -0.102893
vt 0.687500 -0.102816
vt 0.687500 -0.102893
vt 0.750000 -0.102816
vt 0.750000 -0.102893
vt 0.812500 -0.102816
vt 0.812500 -0.102893
vt 0.875000 -0.102816
vt 0.875000 -0.102893
vt 0.937500 -0.102816
vt 0.937500 -0.102893
vt 1.000000 -0.102816
vt 1.000000 -0.102893
vt 0.000000 -0.102816
vt 0.062500 -0.102735
vt 0.187500 -0.102735
vt 0.250000 -0.102735
vt 0.375000 -0.102735
vt 0.437500 -0.102735
vt 0.500000 -0.102735
vt 0.562500 -0.102735
vt 0.625000 -0.102735
vt 0.687500 -0.102735
vt 0.750000 -0.102735
vt 0.812500 -0.102735
vt 0.875000 -0.102735
vt 1.000000 -0.102735
vt 0.000000 -0.102652
vt 0.000000 -0.102735
vt 0.062500 -0.102652
vt 0.125000 -0.102735
vt 0.187500 -0.102652
vt 0.250000 -0.102652
vt 0.312500 -0.102735
vt 0.312500 -0.102652
vt 0.437500 -0.102652
vt 0.500000 -0.102652
vt 0.562500 -0.102652
vt 0.625000 -0.102652
vt 0.750000 -0.102652
vt 0.812500 -0.102652
vt 0.875000 -0.102652
vt 0.937500 -0.102735
vt 0.937500 -0.102652
vt 0.000000 -0.102566
vt 0.062500 -0.102566
vt 0.125000 -0.102652
vt 0.187500 -0.102566
vt 0.250000 -0.102566
vt 0.375000 -0.102566
vt 0.375000 -0.102652
vt 0.500000 -0.102566
vt 0.562500 -0.102566
vt 0.625000 -0.102566
vt 0.687500 -0.102652
vt 0.750000 -0.102566
vt 0.812500 -0.102566
vt 0.875000 -0.102566
vt 0.937500 -0.102566
vt 1.000000 -0.102652
vt 0.000000 -0.102478
vt 0.125000 -0.102478
vt 0.125000 -0.102566
vt 0.187500 -0.102478
vt 0.250000 -0.102478
vt 0.312500 -0.102566
vt 0.312500 -0.102478
vt 0.375000 -0.102478
vt 0.437500 -0.102566
vt 0.437500 -0.102478
vt 0.500000 -0.102478
vt 0.562500 -0.102478
vt 0.625000 -0.102478
vt 0.687500 -0.102566
vt 0.750000 -0.102478
vt 0.812500 -0.102478
vt 0.875000 -0.102478
vt 0.937500 -0.102478
vt 1.000000 -0.102566
vt 0.000000 -0.102389
vt 0.062500 -0.102478
vt 0.062500 -0.102389
vt 0.125000 -0.102389
vt 0.187500 -0.102389
vt 0.312500 -0.102389
vt 0.375000 -0.102389
vt 0.437500 -0.102389
vt 0.500000 -0.102389
vt 0.562500 -0.102389
vt 0.625000 -0.102389
vt 0.687500 -0.102478
vt 0.750000 -0.102389
vt 0.812500 -0.102389
vt 0.875000 -0.102389
vt 1.000000 -0.102389
vt 1.000000 -0.102478
vt 0.000000 -0.102299
vt 0.062500 -0.102299
vt 0.125000 -0.102299
vt 0.187500 -0.102299
vt 0.250000 -0.102389
vt 0.250000 -0.102299
vt 0.375000 -0.102299
vt 0.437500 -0.102299
vt 0.562500 -0.102299
vt 0.625000 -0.102299
vt 0.687500 -0.102389
vt 0.750000 -0.102299
vt 0.812500 -0.102299
vt 0.875000 -0.102299
vt 0.937500 -0.102389
vt 1.000000 -0.102299
vt 0.000000 -0.102209
vt 0.062500 -0.102209
vt 0.187500 -0.102209
vt 0.250000 -0.102209
vt 0.312500 -0.102299
vt 0.312500 -0.102209
vt 0.375000 -0.102209
vt 0.437500 -0.102209
vt 0.500000 -0.102299
vt 0.562500 -0.102209
vt 0.687500 -0.102209
vt 0.687500 -0.102299
vt 0.750000 -0.102209
vt 0.812500 -0.102209
vt 0.875000 -0.102209
vt 0.937500 -0.102299
vt 1.000000 -0.102209
vt 0.000000 -0.102118
vt 0.062500 -0.102118
vt 0.125000 -0.102209
vt 0.187500 -0.102118
vt 0.250000 -0.102118
vt 0.312500 -0.102118
vt 0.375000 -0.102118
vt 0.500000 -0.102118
vt 0.500000 -0.102209
vt 0.562500 -0.102118
vt 0.625000 -0.102209
vt 0.625000 -0.102118
vt 0.687500 -0.102118
vt 0.812500 -0.102118
vt 0.875000 -0.102118
vt 0.937500 -0.102209
vt 0.937500 -0.102118
vt 0.000000 -0.102028
vt 0.062500 -0.102028
vt 0.125000 -0.102118
vt 0.187500 -0.102028
vt 0.250000 -0.102028
vt 0.312500 -0.102028
vt 0.375000 -0.102028
vt 0.437500 -0.102118
vt 0.437500 -0.102028
vt 0.500000 -0.102028
vt 0.625000 -0.102028
vt 0.750000 -0.102028
vt 0.750000 -0.102118
vt 0.812500 -0.102028
vt 0.937500 -0.102028
vt 1.000000 -0.102118
vt 0.000000 -0.101939
vt 0.125000 -0.101939
vt 0.125000 -0.102028
vt 0.187500 -0.101939
vt 0.250000 -0.101939
vt 0.375000 -0.101939
vt 0.437500 -0.101939
vt 0.500000 -0.101939
vt 0.562500 -0.102028
vt 0.562500 -0.101939
vt 0.625000 -0.101939
vt 0.687500 -0.102028
vt 0.750000 -0.101939
vt 0.875000 -0.101939
vt 0.875000 -0.102028
vt 1.000000 -0.101939
vt 1.000000 -0.102028
vt 0.062500 -0.101851
vt 0.062500 -0.101939
vt 0.125000 -0.101851
vt 0.187500 -0.101851
vt 0.312500 -0.101851
vt 0.312500 -0.101939
vt 0.375000 -0.101851
vt 0.437500 -0.101851
vt 0.500000 -0.101851
vt 0.562500 -0.101851
vt 0.625000 -0.101851
vt 0.687500 -0.101939
vt 0.687500 -0.101851
vt 0.750000 -0.101851
vt 0.812500 -0.101939
vt 0.812500 -0.101851
vt 0.875000 -0.101851
vt 0.937500 -0.101939
vt 1.000000 -0.101851
vt 0.000000 -0.097667
vt 0.000000 -0.101851
vt 0.062500 -0.097667
vt 0.125000 -0.097667
vt 0.187500 -0.097667
vt 0.250000 -0.101851
vt 0.250000 -0.097667
vt 0.312500 -0.097667
vt 0.375000 -0.097667
vt 0.437500 -0.097667
vt 0.562500 -0.097667
vt 0.625000 -0.097667
vt 0.750000 -0.097667
vt 0.812500 -0.097667
vt 0.875000 -0.097667
vt 0.937500 -0.101851
vt 1.000000 -0.097667
vt 0.000000 -0.071430
vt 0.062500 -0.071430
vt 0.125000 -0.071430
vt 0.250000 -0.071430
vt 0.312500 -0.071430
vt 0.375000 -0.071430
vt 0.437500 -0.071430
vt 0.500000 -0.097667
vt 0.500000 -0.071430
vt 0.562500 -0.071430
vt 0.625000 -0.071430
vt 0.687500 -0.097667
vt 0.687500 -0.071430
vt 0.750000 -0.071430
vt 0.875000 -0.071430
vt 0.937500 -0.097667
vt 1.000000 -0.071430
vt 0.000000 -0.004409
vt 0.062500 -0.004409
vt 0.125000 -0.004409
vt 0.187500 -0.071430
vt 0.187500 -0.004409
vt 0.250000 -0.004409
vt 0.312500 -0.004409
vt 0.375000 -0.004409
vt 0.437500 -0.004409
vt 0.500000 -0.004409
vt 0.562500 -0.004409
vt 0.625000 -0.004409
vt 0.687500 -0.004409
vt 0.750000 -0.004409
vt 0.812500 -0.071430
vt 0.812500 -0.004409
vt 0.875000 -0.004409
vt 0.937500 -0.071430
vt 0.937500 -0.004409
vt 0.000000 0.000180
vt 0.062500 0.000180
vt 0.125000 0.000180
vt 0.187500 0.000180
vt 0.250000 0.000180
vt 0.312500 0.000180
vt 0.375000 0.000180
vt 0.437500 0.000180
vt 0.500000 0.000180
vt 0.562500 0.000180
vt 0.687500 0.000180
vt 0.750000 0.000180
vt 0.812500 0.000180
vt 0.875000 0.000180
vt 0.937500 0.000180
vt 1.000000 -0.004409
vt 0.000000 0.004680
vt 0.125000 0.004680
vt 0.250000 0.004680
vt 0.312500 0.004680
vt 0.375000 0.004680
vt 0.500000 0.004680
vt 0.562500 0.004680
vt 0.625000 0.000180
vt 0.625000 0.004680
vt 0.687500 0.004680
vt 0.750000 0.004680
vt 0.812500 0.004680
vt 0.937500 0.004680
vt 1.000000 0.000180
vt 0.062500 0.004680
vt 0.062500 0.004680
vt 0.125000 0.004680
vt 0.187500 0.004680
vt 0.187500 0.004680
vt 0.250000 0.004680
vt 0.312500 0.004680
vt 0.375000 0.004680
vt 0.437500 0.004680
vt 0.437500 0.004680
vt 0.500000 0.004680
vt 0.562500 0.004680
vt 0.625000 0.004680
vt 0.687500 0.004680
vt 0.750000 0.004680
vt 0.812500 0.004680
vt 0.875000 0.004680
vt 0.875000 0.004680
vt 0.937500 0.004680
vt 1.000000 0.004680
vt 1.000000 0.004680
vt 0.000000 0.004680
s 1
f 305/324/290 325/325/291 324/326/292
f 324/326/292 344/327/293 343/328/294
f 343/328/294 363/329/295 362/330/296
f 362/330/296 382/331/297 381/332/298
f 381/332/298 401/333/299 400/334/300
f 400/334/300 420/335/301 419/336/302
f 419/336/302 439/337/303 438/338/304
f 438/338/304 458/339/305 457/340/306
f 457/340/306 477/341/307 476/342/308
f 476/342/308 496/343/309 495/344/310
f 495/344/310 515/345/311 514/346/312
f 514/346/312 534/347/313 533/348/314
f 533/348/314 553/349/315 552/350/316
f 552/350/316 572/351/317 571/352/318
f 571/352/318 591/353/319 590/354/320
f 590/354/320 306/355/321 305/356/290
f 306/357/321 326/358/322 325/325/291
f 326/358/322 344/327/293 325/325/291
f 344/327/293 364/359/323 363/329/295
f 363/329/295 383/360/324 382/331/297
f 383/360/324 401/333/299 382/331/297
f 401/333/299 421/361/325 420/335/301
f 420/335/301 440/362/326 439/337/303
f 440/362/326 458/339/305 439/337/303
f 459/363/327 477/341/307 458/339/305
f 478/364/328 496/343/309 477/341/307
f 497/365/329 515/345/311 496/343/309
f 516/366/330 534/347/313 515/345/311
f 535/367/331 553/349/315 534/347/313
f 554/368/332 572/351/317 553/349/315
f 573/369/333 591/353/319 572/351/317
f 591/353/319 307/370/334 306/355/321
f 308/371/335 326/358/322 307/372/334
f 327/373/336 345/374/337 326/358/322
f 345/374/337 365/375/338 364/359/323
f 365/375/338 383/360/324 364/359/323
f 384/376/339 402/377/340 383/360/324
f 403/378/341 421/361/325 402/377/340
f 421/361/325 441/379/342 440/362/326
f 441/379/342 459/363/327 440/362/326
f 460/380/343 478/364/328 459/363/327
f 479/381/344 497/365/329 478/364/328
f 498/382/345 516/366/330 497/365/329
f 516/366/330 536/383/346 535/367/331
f 536/383/346 554/368/332 535/367/331
f 555/384/347 573/369/333 554/368/332
f 574/385/348 592/386/349 573/369/333
f 593/387/350 307/370/334 592/386/349
f 309/388/351 327/373/336 308/371/335
f 328/389/352 346/390/353 327/373/336
f 346/390/353 366/391/354 365/375/338
f 366/391/354 384/376/339 365/375/338
f 385/392/355 403/378/341 384/376/339
f 403/378/341 423/393/356 422/394/357
f 423/393/356 441/379/342 422/394/357
f 441/379/342 461/395/358 460/380/343
f 461/395/358 479/381/344 460/380/343
f 480/396/359 498/382/345 479/381/344
f 499/397/360 517/398/361 498/382/345
f 517/398/361 537/399/362 536/383/346
f 537/399/362 555/384/347 536/383/346
f 556/400/363 574/385/348 555/384/347
f 575/401/364 593/387/350 574/385/348
f 594/402/365 308/403/335 593/387/350
f 310/404/366 328/389/352 309/388/351
f 328/389/352 348/405/367 347/406/368
f 348/405/367 366/391/354 347/406/368
f 367/407/369 385/392/355 366/391/354
f 386/408/370 404/409/371 385/392/355
f 405/410/372 423/393/356 404/409/371
f 424/411/373 442/412/374 423/393/356
f 443/413/375 461/395/358 442/412/374
f 462/414/376 480/396/359 461/395/358
f 481/415/377 499/397/360 480/396/359
f 500/416/378 518/417/379 499/397/360
f 518/417/379 538/418/380 537/399/362
f 537/399/362 557/419/381 556/400/363
f 556/400/363 576/420/382 575/401/364
f 576/420/382 594/402/365 575/401/364
f 595/421/383 309/422/351 594/402/365
f 311/423/384 329/424/385 310/404/366
f 330/425/386 348/405/367 329/424/385
f 349/426/387 367/407/369 348/405/367
f 368/427/388 386/408/370 367/407/369
f 386/408/370 406/428/389 405/410/372
f 406/428/389 424/411/373 405/410/372
f 425/429/390 443/413/375 424/411/373
f 444/430/391 462/414/376 443/413/375
f 463/431/392 481/415/377 462/414/376
f 482/432/393 500/416/378 481/415/377
f 501/433/394 519/434/395 500/416/378
f 519/434/395 539/435/396 538/418/380
f 539/435/396 557/419/381 538/418/380
f 558/436/397 576/420/382 557/419/381
f 577/437/398 595/421/383 576/420/382
f 595/421/383 311/438/384 310/439/366
f 312/440/399 330/425/386 311/423/384
f 331/441/400 349/426/387 330/425/386
f 350/442/401 368/427/388 349/426/387
f 369/443/402 387/444/403 368/427/388
f 388/445/404 406/428/389 387/444/403
f 406/428/389 426/446/405 425/429/390
f 426/446/405 444/430/391 425/429/390
f 445/447/406 463/431/392 444/430/391
f 463/431/392 483/448/407 482/432/393
f 483/448/407 501/433/394 482/432/393
f 502/449/408 520/450/409 501/433/394
f 520/450/409 540/451/410 539/435/396
f 540/451/410 558/436/397 539/435/396
f 559/452/411 577/437/398 558/436/397
f 578/453/412 596/454/413 577/437/398
f 596/454/413 312/455/399 311/438/384
f 313/456/414 331/441/400 312/440/399
f 332/457/415 350/442/401 331/441/400
f 350/442/401 370/458/416 369/443/402
f 370/458/416 388/445/404 369/443/402
f 389/459/417 407/460/418 388/445/404
f 408/461/419 426/446/405 407/460/418
f 427/462/420 445/447/406 426/446/405
f 446/463/421 464/464/422 445/447/406
f 464/464/422 484/465/423 483/448/407
f 484/465/423 502/449/408 483/448/407
f 502/449/408 522/466/424 521/467/425
f 521/467/425 541/468/426 540/451/410
f 541/468/426 559/452/411 540/451/410
f 560/469/427 578/453/412 559/452/411
f 579/470/428 597/471/429 578/453/412
f 597/471/429 313/472/414 312/455/399
f 314/473/430 332/457/415 313/456/414
f 333/474/431 351/475/432 332/457/415
f 351/475/432 371/476/433 370/458/416
f 371/476/433 389/459/417 370/458/416
f 390/477/434 408/461/419 389/459/417
f 409/478/435 427/462/420 408/461/419
f 428/479/436 446/463/421 427/462/420
f 446/463/421 466/480/437 465/481/438
f 466/480/437 484/465/423 465/481/438
f 485/482/439 503/483/440 484/465/423
f 504/484/441 522/466/424 503/483/440
f 523/485/442 541/468/426 522/466/424
f 541/468/426 561/486/443 560/469/427
f 561/486/443 579/470/428 560/469/427
f 580/487/444 598/488/445 579/470/428
f 599/489/446 313/472/414 598/488/445
f 315/490/447 333/474/431 314/473/430
f 334/491/448 352/492/449 333/474/431
f 352/492/449 372/493/450 371/476/433
f 372/493/450 390/477/434 371/476/433
f 391/494/451 409/478/435 390/477/434
f 410/495/452 428/479/436 409/478/435
f 429/496/453 447/497/454 428/479/436
f 448/498/455 466/480/437 447/497/454
f 467/499/456 485/482/439 466/480/437
f 485/482/439 505/500/457 504/484/441
f 505/500/457 523/485/442 504/484/441
f 523/485/442 543/501/458 542/502/459
f 542/502/459 562/503/460 561/486/443
f 562/503/460 580/487/444 561/486/443
f 580/487/444 600/504/461 599/489/446
f 600/504/461 314/505/430 599/489/446
f 316/506/462 334/491/448 315/490/447
f 334/491/448 354/507/463 353/508/464
f 353/508/464 373/509/465 372/493/450
f 373/509/465 391/494/451 372/493/450
f 392/510/466 410/495/452 391/494/451
f 410/495/452 430/511/467 429/496/453
f 430/511/467 448/498/455 429/496/453
f 449/512/468 467/499/456 448/498/455
f 468/513/469 486/514/470 467/499/456
f 487/515/471 505/500/457 486/514/470
f 506/516/472 524/517/473 505/500/457
f 524/517/473 544/518/474 543/501/458
f 544/518/474 562/503/460 543/501/458
f 562/503/460 582/519/475 581/520/476
f 582/519/475 600/504/461 581/520/476
f 600/504/461 316/521/462 315/522/447
f 316/506/462 336/523/477 335/524/478
f 336/523/477 354/507/463 335/524/478
f 355/525/479 373/509/465 354/507/463
f 374/526/480 392/510/466 373/509/465
f 392/510/466 412/527/481 411/528/482
f 412/527/481 430/511/467 411/528/482
f 431/529/483 449/512/468 430/511/467
f 450/530/484 468/513/469 449/512/468
f 469/531/485 487/515/471 468/513/469
f 488/532/486 506/516/472 487/515/471
f 507/533/487 525/534/488 506/516/472
f 526/535/489 544/518/474 525/534/488
f 545/536/490 563/537/491 544/518/474
f 564/538/492 582/519/475 563/537/491
f 583/539/493 601/540/494 582/519/475
f 601/540/494 317/541/495 316/521/462
f 318/542/496 336/523/477 317/543/495
f 337/544/497 355/525/479 336/523/477
f 356/545/498 374/526/480 355/525/479
f 375/546/499 393/547/500 374/526/480
f 394/548/501 412/527/481 393/547/500
f 413/549/502 431/529/483 412/527/481
f 432/550/503 450/530/484 431/529/483
f 451/551/504 469/531/485 450/530/484
f 469/531/485 489/552/505 488/532/486
f 488/532/486 508/553/506 507/533/487
f 508/553/506 526/535/489 507/533/487
f 526/535/489 546/554/507 545/536/490
f 545/536/490 565/555/508 564/538/492
f 565/555/508 583/539/493 564/538/492
f 584/556/509 602/557/510 583/539/493
f 602/557/510 318/558/496 317/541/495
f 319/559/511 337/544/497 318/542/496
f 338/560/512 356/545/498 337/544/497
f 357/561/513 375/546/499 356/545/498
f 375/546/499 395/562/514 394/548/501
f 395/562/514 413/549/502 394/548/501
f 414/563/515 432/550/503 413/549/502
f 433/564/516 451/551/504 432/550/503
f 452/565/517 470/566/518 451/551/504
f 471/567/519 489/552/505 470/566/518
f 490/568/520 508/553/506 489/552/505
f 509/569/521 527/570/522 508/553/506
f 528/571/523 546/554/507 527/570/522
f 547/572/524 565/555/508 546/554/507
f 565/555/508 585/573/525 584/556/509
f 585/573/525 603/574/526 584/556/509
f 603/574/526 319/575/511 318/558/496
f 320/576/527 338/560/512 319/559/511
f 339/577/528 357/561/513 338/560/512
f 358/578/529 376/579/530 357/561/513
f 377/580/531 395/562/514 376/579/530
f 396/581/532 414/563/515 395/562/514
f 415/582/533 433/564/516 414/563/515
f 434/583/534 452/565/517 433/564/516
f 453/584/535 471/567/519 452/565/517
f 472/585/536 490/568/520 471/567/519
f 491/586/537 509/569/521 490/568/520
f 510/587/538 528/571/523 509/569/521
f 529/588/539 547/572/524 528/571/523
f 548/589/540 566/590/541 547/572/524
f 567/591/542 585/573/525 566/590/541
f 586/592/543 604/593/544 585/573/525
f 605/594/545 319/575/511 604/593/544
f 321/595/546 339/577/528 320/576/527
f 340/596/547 358/578/529 339/577/528
f 359/597/548 377/580/531 358/578/529
f 378/598/549 396/581/532 377/580/531
f 397/599/550 415/582/533 396/581/532
f 416/600/551 434/583/534 415/582/533
f 435/601/552 453/584/535 434/583/534
f 454/602/553 472/585/536 453/584/535
f 473/603/554 491/586/537 472/585/536
f 492/604/555 510/587/538 491/586/537
f 510/587/538 530/605/556 529/588/539
f 529/588/539 549/606/557 548/589/540
f 549/606/557 567/591/542 548/589/540
f 568/607/558 586/592/543 567/591/542
f 587/608/559 605/594/545 586/592/543
f 606/609/560 320/610/527 605/594/545
f 322/611/561 340/596/547 321/595/546
f 340/596/547 360/612/562 359/597/548
f 360/612/562 378/598/549 359/597/548
f 378/598/549 398/613/563 397/599/550
f 398/613/563 416/600/551 397/599/550
f 417/614/564 435/601/552 416/600/551
f 436/615/565 454/602/553 435/601/552
f 454/602/553 474/616/566 473/603/554
f 474/616/566 492/604/555 473/603/554
f 493/617/567 511/618/568 492/604/555
f 512/619/569 530/605/556 511/618/568
f 531/620/570 549/606/557 530/605/556
f 550/621/571 568/607/558 549/606/557
f 569/622/572 587/608/559 568/607/558
f 587/608/559 607/623/573 606/609/560
f 607/623/573 321/624/546 606/609/560
f 322/611/561 342/625/574 341/626/575
f 341/626/575 361/627/576 360/612/562
f 360/612/562 380/628/577 379/629/578
f 379/629/578 399/630/579 398/613/563
f 398/613/563 418/631/580 417/614/564
f 417/614/564 437/632/581 436/615/565
f 436/615/565 456/633/582 455/634/583
f 455/634/583 475/635/584 474/616/566
f 474/616/566 494/636/574 493/617/567
f 493/617/567 513/637/585 512/619/569
f 512/619/569 532/638/586 531/620/570
f 531/620/570 551/639/585 550/621/571
f 550/621/571 570/640/587 569/622/572
f 569/622/572 589/641/581 588/642/588
f 588/642/588 608/643/589 607/623/573
f 607/623/573 323/644/576 322/645/561
f 305/324/290 306/357/321 325/325/291
f 324/326/292 325/325/291 344/327/293
f 343/328/294 344/327/293 363/329/295
f 362/330/296 363/329/295 382/331/297
f 381/332/298 382/331/297 401/333/299
f 400/334/300 401/333/299 420/335/301
f 419/336/302 420/335/301 439/337/303
f 438/338/304 439/337/303 458/339/305
f 457/340/306 458/339/305 477/341/307
f 476/342/308 477/341/307 496/343/309
f 495/344/310 496/343/309 515/345/311
f 514/346/312 515/345/311 534/347/313
f 533/348/314 534/347/313 553/349/315
f 552/350/316 553/349/315 572/351/317
f 571/352/318 572/351/317 591/353/319
f 590/354/320 591/353/319 306/355/321
f 306/357/321 307/372/334 326/358/322
f 326/358/322 345/374/337 344/327/293
f 344/327/293 345/374/337 364/359/323
f 363/329/295 364/359/323 383/360/324
f 383/360/324 402/377/340 401/333/299
f 401/333/299 402/377/340 421/361/325
f 420/335/301 421/361/325 440/362/326
f 440/362/326 459/363/327 458/339/305
f 459/363/327 478/364/328 477/341/307
f 478/364/328 497/365/329 496/343/309
f 497/365/329 516/366/330 515/345/311
f 516/366/330 535/367/331 534/347/313
f 535/367/331 554/368/332 553/349/315
f 554/368/332 573/369/333 572/351/317
f 573/369/333 592/386/349 591/353/319
f 591/353/319 592/386/349 307/370/334
f 308/371/335 327/373/336 326/358/322
f 327/373/336 346/390/353 345/374/337
f 345/374/337 346/390/353 365/375/338
f 365/375/338 384/376/339 383/360/324
f 384/376/339 403/378/341 402/377/340
f 403/378/341 422/394/357 421/361/325
f 421/361/325 422/394/357 441/379/342
f 441/379/342 460/380/343 459/363/327
f 460/380/343 479/381/344 478/364/328
f 479/381/344 498/382/345 497/365/329
f 498/382/345 517/398/361 516/366/330
f 516/366/330 517/398/361 536/383/346
f 536/383/346 555/384/347 554/368/332
f 555/384/347 574/385/348 573/369/333
f 574/385/348 593/387/350 592/386/349
f 593/387/350 308/403/335 307/370/334
f 309/388/351 328/389/352 327/373/336
f 328/389/352 347/406/368 346/390/353
f 346/390/353 347/406/368 366/391/354
f 366/391/354 385/392/355 384/376/339
f 385/392/355 404/409/371 403/378/341
f 403/378/341 404/409/371 423/393/356
f 423/393/356 442/412/374 441/379/342
f 441/379/342 442/412/374 461/395/358
f 461/395/358 480/396/359 479/381/344
f 480/396/359 499/397/360 498/382/345
f 499/397/360 518/417/379 517/398/361
f 517/398/361 518/417/379 537/399/362
f 537/399/362 556/400/363 555/384/347
f 556/400/363 575/401/364 574/385/348
f 575/401/364 594/402/365 593/387/350
f 594/402/365 309/422/351 308/403/335
f 310/404/366 329/424/385 328/389/352
f 328/389/352 329/424/385 348/405/367
f 348/405/367 367/407/369 366/391/354
f 367/407/369 386/408/370 385/392/355
f 386/408/370 405/410/372 404/409/371
f 405/410/372 424/411/373 423/393/356
f 424/411/373 443/413/375 442/412/374
f 443/413/375 462/414/376 461/395/358
f 462/414/376 481/415/377 480/396/359
f 481/415/377 500/416/378 499/397/360
f 500/416/378 519/434/395 518/417/379
f 518/417/379 519/434/395 538/418/380
f 537/399/362 538/418/380 557/419/381
f 556/400/363 557/419/381 576/420/382
f 576/420/382 595/421/383 594/402/365
f 595/421/383 310/439/366 309/422/351
f 311/423/384 330/425/386 329/424/385
f 330/425/386 349/426/387 348/405/367
f 349/426/387 368/427/388 367/407/369
f 368/427/388 387/444/403 386/408/370
f 386/408/370 387/444/403 406/428/389
f 406/428/389 425/429/390 424/411/373
f 425/429/390 444/430/391 443/413/375
f 444/430/391 463/431/392 462/414/376
f 463/431/392 482/432/393 481/415/377
f 482/432/393 501/433/394 500/416/378
f 501/433/394 520/450/409 519/434/395
f 519/434/395 520/450/409 539/435/396
f 539/435/396 558/436/397 557/419/381
f 558/436/397 577/437/398 576/420/382
f 577/437/398 596/454/413 595/421/383
f 595/421/383 596/454/413 311/438/384
f 312/440/399 331/441/400 330/425/386
f 331/441/400 350/442/401 349/426/387
f 350/442/401 369/443/402 368/427/388
f 369/443/402 388/445/404 387/444/403
f 388/445/404 407/460/418 406/428/389
f 406/428/389 407/460/418 426/446/405
f 426/446/405 445/447/406 444/430/391
f 445/447/406 464/464/422 463/431/392
f 463/431/392 464/464/422 483/448/407
f 483/448/407 502/449/408 501/433/394
f 502/449/408 521/467/425 520/450/409
f 520/450/409 521/467/425 540/451/410
f 540/451/410 559/452/411 558/436/397
f 559/452/411 578/453/412 577/437/398
f 578/453/412 597/471/429 596/454/413
f 596/454/413 597/471/429 312/455/399
f 313/456/414 332/457/415 331/441/400
f 332/457/415 351/475/432 350/442/401
f 350/442/401 351/475/432 370/458/416
f 370/458/416 389/459/417 388/445/404
f 389/459/417 408/461/419 407/460/418
f 408/461/419 427/462/420 426/446/405
f 427/462/420 446/463/421 445/447/406
f 446/463/421 465/481/438 464/464/422
f 464/464/422 465/481/438 484/465/423
f 484/465/423 503/483/440 502/449/408
f 502/449/408 503/483/440 522/466/424
f 521/467/425 522/466/424 541/468/426
f 541/468/426 560/469/427 559/452/411
f 560/469/427 579/470/428 578/453/412
f 579/470/428 598/488/445 597/471/429
f 597/471/429 598/488/445 313/472/414
f 314/473/430 333/474/431 332/457/415
f 333/474/431 352/492/449 351/475/432
f 351/475/432 352/492/449 371/476/433
f 371/476/433 390/477/434 389/459/417
f 390/477/434 409/478/435 408/461/419
f 409/478/435 428/479/436 427/462/420
f 428/479/436 447/497/454 446/463/421
f 446/463/421 447/497/454 466/480/437
f 466/480/437 485/482/439 484/465/423
f 485/482/439 504/484/441 503/483/440
f 504/484/441 523/485/442 522/466/424
f 523/485/442 542/502/459 541/468/426
f 541/468/426 542/502/459 561/486/443
f 561/486/443 580/487/444 579/470/428
f 580/487/444 599/489/446 598/488/445
f 599/489/446 314/505/430 313/472/414
f 315/490/447 334/491/448 333/474/431
f 334/491/448 353/508/464 352/492/449
f 352/492/449 353/508/464 372/493/450
f 372/493/450 391/494/451 390/477/434
f 391/494/451 410/495/452 409/478/435
f 410/495/452 429/496/453 428/479/436
f 429/496/453 448/498/455 447/497/454
f 448/498/455 467/499/456 466/480/437
f 467/499/456 486/514/470 485/482/439
f 485/482/439 486/514/470 505/500/457
f 505/500/457 524/517/473 523/485/442
f 523/485/442 524/517/473 543/501/458
f 542/502/459 543/501/458 562/503/460
f 562/503/460 581/520/476 580/487/444
f 580/487/444 581/520/476 600/504/461
f 600/504/461 315/522/447 314/505/430
f 316/506/462 335/524/478 334/491/448
f 334/491/448 335/524/478 354/507/463
f 353/508/464 354/507/463 373/509/465
f 373/509/465 392/510/466 391/494/451
f 392/510/466 411/528/482 410/495/452
f 410/495/452 411/528/482 430/511/467
f 430/511/467 449/512/468 448/498/455
f 449/512/468 468/513/469 467/499/456
f 468/513/469 487/515/471 486/514/470
f 487/515/471 506/516/472 505/500/457
f 506/516/472 525/534/488 524/517/473
f 524/517/473 525/534/488 544/518/474
f 544/518/474 563/537/491 562/503/460
f 562/503/460 563/537/491 582/519/475
f 582/519/475 601/540/494 600/504/461
f 600/504/461 601/540/494 316/521/462
f 316/506/462 317/543/495 336/523/477
f 336/523/477 355/525/479 354/507/463
f 355/525/479 374/526/480 373/509/465
f 374/526/480 393/547/500 392/510/466
f 392/510/466 393/547/500 412/527/481
f 412/527/481 431/529/483 430/511/467
f 431/529/483 450/530/484 449/512/468
f 450/530/484 469/531/485 468/513/469
f 469/531/485 488/532/486 487/515/471
f 488/532/486 507/533/487 506/516/472
f 507/533/487 526/535/489 525/534/488
f 526/535/489 545/536/490 544/518/474
f 545/536/490 564/538/492 563/537/491
f 564/538/492 583/539/493 582/519/475
f 583/539/493 602/557/510 601/540/494
f 601/540/494 602/557/510 317/541/495
f 318/542/496 337/544/497 336/523/477
f 337/544/497 356/545/498 355/525/479
f 356/545/498 375/546/499 374/526/480
f 375/546/499 394/548/501 393/547/500
f 394/548/501 413/549/502 412/527/481
f 413/549/502 432/550/503 431/529/483
f 432/550/503 451/551/504 450/530/484
f 451/551/504 470/566/518 469/531/485
f 469/531/485 470/566/518 489/552/505
f 488/532/486 489/552/505 508/553/506
f 508/553/506 527/570/522 526/535/489
f 526/535/489 527/570/522 546/554/507
f 545/536/490 546/554/507 565/555/508
f 565/555/508 584/556/509 583/539/493
f 584/556/509 603/574/526 602/557/510
f 602/557/510 603/574/526 318/558/496
f 319/559/511 338/560/512 337/544/497
f 338/560/512 357/561/513 356/545/498
f 357/561/513 376/579/530 375/546/499
f 375/546/499 376/579/530 395/562/514
f 395/562/514 414/563/515 413/549/502
f 414/563/515 433/564/516 432/550/503
f 433/564/516 452/565/517 451/551/504
f 452/565/517 471/567/519 470/566/518
f 471/567/519 490/568/520 489/552/505
f 490/568/520 509/569/521 508/553/506
f 509/569/521 528/571/523 527/570/522
f 528/571/523 547/572/524 546/554/507
f 547/572/524 566/590/541 565/555/508
f 565/555/508 566/590/541 585/573/525
f 585/573/525 604/593/544 603/574/526
f 603/574/526 604/593/544 319/575/511
f 320/576/527 339/577/528 338/560/512
f 339/577/528 358/578/529 357/561/513
f 358/578/529 377/580/531 376/579/530
f 377/580/531 396/581/532 395/562/514
f 396/581/532 415/582/533 414/563/515
f 415/582/533 434/583/534 433/564/516
f 434/583/534 453/584/535 452/565/517
f 453/584/535 472/585/536 471/567/519
f 472/585/536 491/586/537 490/568/520
f 491/586/537 510/587/538 509/569/521
f 510/587/538 529/588/539 528/571/523
f 529/588/539 548/589/540 547/572/524
f 548/589/540 567/591/542 566/590/541
f 567/591/542 586/592/543 585/573/525
f 586/592/543 605/594/545 604/593/544
f 605/594/545 320/610/527 319/575/511
f 321/595/546 340/596/547 339/577/528
f 340/596/547 359/597/548 358/578/529
f 359/597/548 378/598/549 377/580/531
f 378/598/549 397/599/550 396/581/532
f 397/599/550 416/600/551 415/582/533
f 416/600/551 435/601/552 434/583/534
f 435/601/552 454/602/553 453/584/535
f 454/602/553 473/603/554 472/585/536
f 473/603/554 492/604/555 491/586/537
f 492/604/555 511/618/568 510/587/538
f 510/587/538 511/618/568 530/605/556
f 529/588/539 530/605/556 549/606/557
f 549/606/557 568/607/558 567/591/542
f 568/607/558 587/608/559 586/592/543
f 587/608/559 606/609/560 605/594/545
f 606/609/560 321/624/546 320/610/527
f 322/611/561 341/626/575 340/596/547
f 340/596/547 341/626/575 360/612/562
f 360/612/562 379/629/578 378/598/549
f 378/598/549 379/629/578 398/613/563
f 398/613/563 417/614/564 416/600/551
f 417/614/564 436/615/565 435/601/552
f 436/615/565 455/634/583 454/602/553
f 454/602/553 455/634/583 474/616/566
f 474/616/566 493/617/567 492/604/555
f 493/617/567 512/619/569 511/618/568
f 512/619/569 531/620/570 530/605/556
f 531/620/570 550/621/571 549/606/557
f 550/621/571 569/622/572 568/607/558
f 569/622/572 588/642/588 587/608/559
f 587/608/559 588/642/588 607/623/573
f 607/623/573 322/645/561 321/624/546
f 322/611/561 323/646/576 342/625/574
f 341/626/575 342/625/574 361/627/576
f 360/612/562 361/627/576 380/628/577
f 379/629/578 380/628/577 399/630/579
f 398/613/563 399/630/579 418/631/580
f 417/614/564 418/631/580 437/632/581
f 436/615/565 437/632/581 456/633/582
f 455/634/583 456/633/582 475/635/584
f 474/616/566 475/635/584 494/636/574
f 493/617/567 494/636/574 513/637/585
f 512/619/569 513/637/585 532/638/586
f 531/620/570 532/638/586 551/639/585
f 550/621/571 551/639/585 570/640/587
f 569/622/572 570/640/587 589/641/581
f 588/642/588 589/641/581 608/643/589
f 607/623/573 608/643/589 323/644/576
o PenCap.002
v -0.000000 0.055243 -0.000000
v -0.000244 0.055171 -0.000000
v -0.000561 0.055096 -0.000000
v -0.000942 0.055019 -0.000000
v -0.001377 0.054939 -0.000000
v -0.001853 0.054858 -0.000000
v -0.002362 0.054775 -0.000000
v -0.002891 0.054691 -0.000000
v -0.003431 0.054607 -0.000000
v -0.003972 0.054524 -0.000000
v -0.004501 0.054440 -0.000000
v -0.005010 0.054357 -0.000000
v -0.005486 0.054276 -0.000000
v -0.009104 0.050396 -0.000000
v -0.013665 0.026063 -0.000000
v -0.014294 -0.009147 -0.000000
v -0.012565 -0.013320 -0.000000
v 0.000001 -0.013320 0.000000
v -0.000000 0.055243 -0.000000
v -0.000225 0.055171 0.000093
v -0.000518 0.055096 0.000215
v -0.000871 0.055019 0.000361
v -0.001272 0.054939 0.000527
v -0.001712 0.054858 0.000709
v -0.002182 0.054775 0.000904
v -0.002671 0.054691 0.001106
v -0.003170 0.054607 0.001313
v -0.003669 0.054524 0.001520
v -0.004159 0.054440 0.001723
v -0.004628 0.054357 0.001917
v -0.005069 0.054276 0.002099
v -0.008411 0.050396 0.003484
v -0.012624 0.026063 0.005229
v -0.013206 -0.009147 0.005470
v -0.011608 -0.013320 0.004808
v 0.000001 -0.013320 -0.000000
v -0.000000 0.055243 -0.000000
v -0.000172 0.055171 0.000172
v -0.000397 0.055096 0.000397
v -0.000666 0.055019 0.000666
v -0.000973 0.054939 0.000973
v -0.001310 0.054858 0.001310
v -0.001670 0.054775 0.001670
v -0.002044 0.054691 0.002044
v -0.002426 0.054607 0.002426
v -0.002808 0.054524 0.002808
v -0.003183 0.054440 0.003183
v -0.003542 0.054357 0.003542
v -0.003879 0.054276 0.003879
v -0.006437 0.050396 0.006437
v -0.009662 0.026063 0.009662
v -0.010107 -0.009147 0.010107
v -0.008885 -0.013320 0.008885
v 0.000001 -0.013320 -0.000001
v -0.000000 0.055243 0.000000
v -0.000093 0.055171 0.000225
v -0.000215 0.055096 0.000518
v -0.000361 0.055019 0.000871
v -0.000527 0.054939 0.001272
v -0.000709 0.054858 0.001712
v -0.000904 0.054775 0.002182
v -0.001106 0.054691 0.002671
v -0.001313 0.054607 0.003170
v -0.001520 0.054524 0.003669
v -0.001723 0.054440 0.004159
v -0.001917 0.054357 0.004628
v -0.002100 0.054276 0.005069
v -0.003484 0.050396 0.008411
v -0.005229 0.026063 0.012624
v -0.005470 -0.009147 0.013206
v -0.004808 -0.013320 0.011608
v 0.000000 -0.013320 -0.000001
v -0.000000 0.055243 0.000000
v -0.000000 0.055171 0.000244
v -0.000000 0.055096 0.000561
v -0.000000 0.055019 0.000942
v -0.000000 0.054939 0.001377
v -0.000000 0.054858 0.001853
v -0.000000 0.054775 0.002362
v -0.000000 0.054691 0.002891
v -0.000000 0.054607 0.003431
v -0.000000 0.054524 0.003972
v -0.000000 0.054440 0.004501
v -0.000000 0.054357 0.005010
v -0.000000 0.054276 0.005486
v -0.000000 0.050396 0.009104
v -0.000000 0.026063 0.013665
v -0.000000 -0.009147 0.014294
v 0.000000 -0.013320 0.012565
v 0.000000 -0.013320 -0.000001
v -0.000000 0.055243 0.000000
v 0.000093 0.055171 0.000225
v 0.000215 0.055096 0.000518
v 0.000361 0.055019 0.000871
v 0.000527 0.054939 0.001272
v 0.000709 0.054858 0.001712
v 0.000904 0.054775 0.002182
v 0.001106 0.054691 0.002671
v 0.001313 0.054607 0.003170
v 0.001520 0.054524 0.003669
v 0.001723 0.054440 0.004159
v 0.001917 0.054357 0.004628
v 0.002099 0.054276 0.005069
v 0.003484 0.050396 0.008411
v 0.005229 0.026063 0.012624
v 0.005470 -0.009147 0.013206
v 0.004808 -0.013320 0.011608
v -0.000000 -0.013320 -0.000001
v -0.000000 0.055243 0.000000
v 0.000172 0.055171 0.000172
v 0.000397 0.055096 0.000397
v 0.000666 0.055019 0.000666
v 0.000973 0.054939 0.000973
v 0.001310 0.054858 0.001310
v 0.001670 0.054775 0.001670
v 0.002044 0.054691 0.002044
v 0.002426 0.054607 0.002426
v 0.002808 0.054524 0.002808
v 0.003183 0.054440 0.003183
v 0.003542 0.054357 0.003542
v 0.003879 0.054276 0.003879
v 0.006437 0.050396 0.006437
v 0.009662 0.026063 0.009662
v 0.010107 -0.009147 0.010107
v 0.008885 -0.013320 0.008885
v -0.000001 -0.013320 -0.000001
v 0.000000 0.055243 0.000000
v 0.000225 0.055171 0.000093
v 0.000518 0.055096 0.000215
v 0.000871 0.055019 0.000361
v 0.001272 0.054939 0.000527
v 0.001712 0.054858 0.000709
v 0.002182 0.054775 0.000904
v 0.002671 0.054691 0.001106
v 0.003170 0.054607 0.001313
v 0.003669 0.054524 0.001520
v 0.004159 0.054440 0.001723
v 0.004628 0.054357 0.001917
v 0.005069 0.054276 0.002100
v 0.008411 0.050396 0.003484
v 0.012624 0.026063 0.005229
v 0.013206 -0.009147 0.005470
v 0.011608 -0.013320 0.004808
v -0.000001 -0.013320 -0.000000
v 0.000000 0.055243 0.000000
v 0.000244 0.055171 0.000000
v 0.000561 0.055096 0.000000
v 0.000942 0.055019 0.000000
v 0.001377 0.054939 0.000000
v 0.001853 0.054858 0.000000
v 0.002362 0.054775 0.000000
v 0.002891 0.054691 0.000000
v 0.003431 0.054607 0.000000
v 0.003972 0.054524 0.000000
v 0.004501 0.054440 0.000000
v 0.005010 0.054357 0.000000
v 0.005486 0.054276 0.000000
v 0.009104 0.050396 0.000000
v 0.013665 0.026063 0.000000
v 0.014294 -0.009147 -0.000000
v 0.012565 -0.013320 -0.000000
v -0.000001 -0.013320 -0.000000
v 0.000000 0.055243 0.000000
v 0.000225 0.055171 -0.000093
v 0.000518 0.055096 -0.000215
v 0.000871 0.055019 -0.000361
v 0.001272 0.054939 -0.000527
v 0.001712 0.054858 -0.000709
v 0.002182 0.054775 -0.000904
v 0.002671 0.054691 -0.001106
v 0.003170 0.054607 -0.001313
v 0.003669 0.054524 -0.001520
v 0.004159 0.054440 -0.001723
v 0.004628 0.054357 -0.001917
v 0.005069 0.054276 -0.002099
v 0.008411 0.050396 -0.003484
v 0.012624 0.026063 -0.005229
v 0.013206 -0.009147 -0.005470
v 0.011608 -0.013320 -0.004808
v -0.000001 -0.013320 0.000000
v 0.000000 0.055243 0.000000
v 0.000172 0.055171 -0.000172
v 0.000397 0.055096 -0.000397
v 0.000666 0.055019 -0.000666
v 0.000973 0.054939 -0.000973
v 0.001310 0.054858 -0.001310
v 0.001670 0.054775 -0.001670
v 0.002044 0.054691 -0.002044
v 0.002426 0.054607 -0.002426
v 0.002808 0.054524 -0.002808
v 0.003183 0.054440 -0.003183
v 0.003542 0.054357 -0.003542
v 0.003879 0.054276 -0.003879
v 0.006437 0.050396 -0.006437
v 0.009662 0.026063 -0.009662
v 0.010107 -0.009147 -0.010107
v 0.008885 -0.013320 -0.008885
v -0.000001 -0.013320 0.000001
v 0.000000 0.055243 -0.000000
v 0.000093 0.055171 -0.000225
v 0.000215 0.055096 -0.000518
v 0.000361 0.055019 -0.000871
v 0.000527 0.054939 -0.001272
v 0.000709 0.054858 -0.001712
v 0.000904 0.054775 -0.002182
v 0.001106 0.054691 -0.002671
v 0.001313 0.054607 -0.003170
v 0.001520 0.054524 -0.003669
v 0.001723 0.054440 -0.004159
v 0.001917 0.054357 -0.004628
v 0.002099 0.054276 -0.005069
v 0.003484 0.050396 -0.008411
v 0.005229 0.026063 -0.012624
v 0.005470 -0.009147 -0.013206
v 0.004808 -0.013320 -0.011608
v -0.000000 -0.013320 0.000001
v 0.000000 0.055243 -0.000000
v 0.000000 0.055171 -0.000244
v 0.000000 0.055096 -0.000561
v 0.000000 0.055019 -0.000942
v 0.000000 0.054939 -0.001377
v 0.000000 0.054858 -0.001853
v 0.000000 0.054775 -0.002362
v 0.000000 0.054691 -0.002891
v 0.000000 0.054607 -0.003431
v 0.000000 0.054524 -0.003972
v 0.000000 0.054440 -0.004501
v 0.000000 0.054357 -0.005010
v 0.000000 0.054276 -0.005486
v 0.000000 0.050396 -0.009104
v 0.000000 0.026063 -0.013665
v 0.000000 -0.009147 -0.014294
v -0.000000 -0.013320 -0.012565
v -0.000000 -0.013320 0.000001
v 0.000000 0.055243 -0.000000
v -0.000093 0.055171 -0.000225
v -0.000215 0.055096 -0.000518
v -0.000361 0.055019 -0.000871
v -0.000527 0.054939 -0.001272
v -0.000709 0.054858 -0.001712
v -0.000904 0.054775 -0.002182
v -0.001106 0.054691 -0.002671
v -0.001313 0.054607 -0.003170
v -0.001520 0.054524 -0.003669
v -0.001723 0.054440 -0.004159
v -0.001917 0.054357 -0.004628
v -0.002099 0.054276 -0.005069
v -0.003484 0.050396 -0.008411
v -0.005229 0.026063 -0.012624
v -0.005470 -0.009147 -0.013206
v -0.004808 -0.013320 -0.011608
v 0.000000 -0.013320 0.000001
v 0.000000 0.055243 -0.000000
v -0.000172 0.055171 -0.000172
v -0.000397 0.055096 -0.000397
v -0.000666 0.055019 -0.000666
v -0.000973 0.054939 -0.000973
v -0.001310 0.054858 -0.001310
v -0.001670 0.054775 -0.001670
v -0.002044 0.054691 -0.002044
v -0.002426 0.054607 -0.002426
v -0.002808 0.054524 -0.002808
v -0.003183 0.054440 -0.003183
v -0.003542 0.054357 -0.003542
v -0.003879 0.054276 -0.003879
v -0.006437 0.050396 -0.006437
v -0.009662 0.026063 -0.009662
v -0.010107 -0.009147 -0.010107
v -0.008885 -0.013320 -0.008885
v 0.000001 -0.013320 0.000001
v -0.000000 0.055243 -0.000000
v -0.000225 0.055171 -0.000093
v -0.000518 0.055096 -0.000215
v -0.000871 0.055019 -0.000361
v -0.001272 0.054939 -0.000527
v -0.001712 0.054858 -0.000709
v -0.002182 0.054775 -0.000904
v -0.002671 0.054691 -0.001106
v -0.003170 0.054607 -0.001313
v -0.003669 0.054524 -0.001520
v -0.004159 0.054440 -0.001723
v -0.004628 0.054357 -0.001917
v -0.005069 0.054276 -0.002100
v -0.008411 0.050396 -0.003484
v -0.012624 0.026063 -0.005229
v -0.013206 -0.009147 -0.005470
v -0.011608 -0.013320 -0.004808
v 0.000001 -0.013320 0.000000
vn -0.2827 0.9586 -0.0334
vn -0.2529 0.9675 -0.0000
vn -0.2336 0.9675 0.0968
vn -0.2739 0.9586 0.0773
vn -0.1788 0.9675 0.1788
vn -0.2234 0.9587 0.1762
vn -0.0968 0.9675 0.2336
vn -0.1390 0.9587 0.2483
vn -0.0000 0.9675 0.2529
vn -0.0334 0.9587 0.2826
vn 0.0968 0.9675 0.2336
vn 0.0773 0.9587 0.2739
vn 0.1788 0.9675 0.1788
vn 0.1763 0.9587 0.2234
vn 0.2336 0.9675 0.0968
vn 0.2483 0.9587 0.1390
vn 0.2529 0.9675 -0.0000
vn 0.2826 0.9587 0.0334
vn 0.2336 0.9675 -0.0968
vn 0.2739 0.9587 -0.0773
vn 0.1788 0.9675 -0.1788
vn 0.2234 0.9587 -0.1762
vn 0.0968 0.9675 -0.2336
vn 0.1390 0.9587 -0.2483
vn -0.0000 0.9675 -0.2529
vn 0.0333 0.9587 -0.2826
vn -0.0968 0.9675 -0.2336
vn -0.0773 0.9587 -0.2739
vn -0.1788 0.9675 -0.1788
vn -0.1762 0.9587 -0.2234
vn -0.2336 0.9675 -0.0968
vn -0.2483 0.9587 -0.1390
vn -0.2123 0.9772 -0.0000
vn -0.1962 0.9772 0.0812
vn -0.1501 0.9772 0.1501
vn -0.0813 0.9772 0.1962
vn -0.0000 0.9772 0.2123
vn 0.0813 0.9772 0.1962
vn 0.1501 0.9772 0.1501
vn 0.1962 0.9772 0.0813
vn 0.2123 0.9772 -0.0000
vn 0.1962 0.9772 -0.0812
vn 0.1501 0.9772 -0.1501
vn 0.0813 0.9772 -0.1962
vn -0.0000 0.9772 -0.2123
vn -0.0812 0.9772 -0.1962
vn -0.1501 0.9772 -0.1501
vn -0.1962 0.9772 -0.0813
vn -0.1885 0.9821 -0.0000
vn -0.1742 0.9821 0.0721
vn -0.1333 0.9821 0.1333
vn -0.0721 0.9821 0.1742
vn -0.0000 0.9821 0.1885
vn 0.0722 0.9821 0.1742
vn 0.1333 0.9821 0.1333
vn 0.1742 0.9821 0.0722
vn 0.1885 0.9821 -0.0000
vn 0.1742 0.9821 -0.0721
vn 0.1333 0.9821 -0.1333
vn 0.0722 0.9821 -0.1742
vn -0.0000 0.9821 -0.1885
vn -0.0721 0.9821 -0.1742
vn -0.1333 0.9821 -0.1333
vn -0.1742 0.9821 -0.0722
vn -0.1735 0.9848 -0.0000
vn -0.1603 0.9848 0.0664
vn -0.1227 0.9848 0.1227
vn -0.0664 0.9848 0.1603
vn -0.0000 0.9848 0.1735
vn 0.0664 0.9848 0.1603
vn 0.1227 0.9848 0.1227
vn 0.1603 0.9848 0.0664
vn 0.1735 0.9848 -0.0000
vn 0.1603 0.9848 -0.0664
vn 0.1227 0.9848 -0.1227
vn 0.0664 0.9848 -0.1603
vn -0.0000 0.9848 -0.1735
vn -0.0664 0.9848 -0.1603
vn -0.1227 0.9848 -0.1227
vn -0.1603 0.9848 -0.0664
vn -0.1639 0.9865 -0.0000
vn -0.1514 0.9865 0.0627
vn -0.1159 0.9865 0.1159
vn -0.0627 0.9865 0.1514
vn -0.0000 0.9865 0.1639
vn 0.0627 0.9865 0.1514
vn 0.1159 0.9865 0.1159
vn 0.1514 0.9865 0.0627
vn 0.1639 0.9865 -0.0000
vn 0.1514 0.9865 -0.0627
vn 0.1159 0.9865 -0.1159
vn 0.0627 0.9865 -0.1514
vn -0.0000 0.9865 -0.1639
vn -0.0627 0.9865 -0.1514
vn -0.1159 0.9865 -0.1159
vn -0.1514 0.9865 -0.0627
vn -0.1578 0.9875 -0.0000
vn -0.1458 0.9875 0.0604
vn -0.1116 0.9875 0.1116
vn -0.0604 0.9875 0.1458
vn -0.0000 0.9875 0.1578
vn 0.0604 0.9875 0.1458
vn 0.1116 0.9875 0.1116
vn 0.1458 0.9875 0.0604
vn 0.1578 0.9875 -0.0000
vn 0.1458 0.9875 -0.0604
vn 0.1116 0.9875 -0.1116
vn 0.0604 0.9875 -0.1458
vn -0.0000 0.9875 -0.1578
vn -0.0604 0.9875 -0.1458
vn -0.1116 0.9875 -0.1116
vn -0.1458 0.9875 -0.0604
vn -0.1545 0.9880 -0.0000
vn -0.1428 0.9880 0.0591
vn -0.1093 0.9880 0.1093
vn -0.0591 0.9880 0.1428
vn -0.0000 0.9880 0.1545
vn 0.0591 0.9880 0.1428
vn 0.1093 0.9880 0.1093
vn 0.1428 0.9880 0.0591
vn 0.1545 0.9880 -0.0000
vn 0.1428 0.9880 -0.0591
vn 0.1093 0.9880 -0.1093
vn 0.0591 0.9880 -0.1428
vn -0.0000 0.9880 -0.1545
vn -0.0591 0.9880 -0.1428
vn -0.1093 0.9880 -0.1093
vn -0.1428 0.9880 -0.0591
vn -0.1536 0.9881 -0.0000
vn -0.1419 0.9881 0.0588
vn -0.1086 0.9881 0.1086
vn -0.0588 0.9881 0.1419
vn -0.0000 0.9881 0.1536
vn 0.0588 0.9881 0.1419
vn 0.1086 0.9881 0.1086
vn 0.1419 0.9881 0.0588
vn 0.1536 0.9881 -0.0000
vn 0.1419 0.9881 -0.0588
vn 0.1086 0.9881 -0.1086
vn 0.0588 0.9881 -0.1419
vn -0.0000 0.9881 -0.1536
vn -0.0588 0.9881 -0.1419
vn -0.1086 0.9881 -0.1086
vn -0.1419 0.9881 -0.0588
vn -0.1548 0.9879 -0.0000
vn -0.1430 0.9879 0.0592
vn -0.1095 0.9879 0.1095
vn -0.0592 0.9879 0.1430
vn -0.0000 0.9879 0.1548
vn 0.0592 0.9879 0.1430
vn 0.1095 0.9879 0.1095
vn 0.1430 0.9879 0.0592
vn 0.1548 0.9879 -0.0000
vn 0.1430 0.9879 -0.0592
vn 0.1095 0.9879 -0.1095
vn 0.0592 0.9879 -0.1430
vn -0.0000 0.9879 -0.1548
vn -0.0592 0.9879 -0.1430
vn -0.1095 0.9879 -0.1095
vn -0.1430 0.9879 -0.0592
vn -0.1584 0.9874 -0.0000
vn -0.1463 0.9874 0.0606
vn -0.1120 0.9874 0.1120
vn -0.0606 0.9874 0.1463
vn -0.0000 0.9874 0.1584
vn 0.0606 0.9874 0.1463
vn 0.1120 0.9874 0.1120
vn 0.1463 0.9874 0.0606
vn 0.1584 0.9874 -0.0000
vn 0.1463 0.9874 -0.0606
vn 0.1120 0.9874 -0.1120
vn 0.0606 0.9874 -0.1463
vn -0.0000 0.9874 -0.1584
vn -0.0606 0.9874 -0.1463
vn -0.1120 0.9874 -0.1120
vn -0.1463 0.9874 -0.0606
vn -0.1648 0.9863 -0.0000
vn -0.1523 0.9863 0.0631
vn -0.1165 0.9863 0.1165
vn -0.0631 0.9863 0.1523
vn -0.0000 0.9863 0.1648
vn 0.0631 0.9863 0.1523
vn 0.1165 0.9863 0.1165
vn 0.1523 0.9863 0.0631
vn 0.1648 0.9863 -0.0000
vn 0.1523 0.9863 -0.0631
vn 0.1165 0.9863 -0.1165
vn 0.0631 0.9863 -0.1523
vn -0.0000 0.9863 -0.1648
vn -0.0631 0.9863 -0.1523
vn -0.1165 0.9863 -0.1165
vn -0.1523 0.9863 -0.0631
vn -0.5046 0.8634 -0.0000
vn -0.4662 0.8634 0.1931
vn -0.3568 0.8634 0.3568
vn -0.1931 0.8634 0.4662
vn -0.0000 0.8634 0.5046
vn 0.1931 0.8634 0.4662
vn 0.3568 0.8634 0.3568
vn 0.4662 0.8634 0.1931
vn 0.5046 0.8634 -0.0000
vn 0.4662 0.8634 -0.1931
vn 0.3568 0.8634 -0.3568
vn 0.1931 0.8634 -0.4662
vn -0.0000 0.8634 -0.5046
vn -0.1931 0.8634 -0.4662
vn -0.3568 0.8634 -0.3568
vn -0.4662 0.8634 -0.1931
vn -0.8992 0.4375 -0.0000
vn -0.8307 0.4375 0.3441
vn -0.6358 0.4375 0.6358
vn -0.3441 0.4375 0.8307
vn -0.0000 0.4375 0.8992
vn 0.3441 0.4375 0.8307
vn 0.6358 0.4375 0.6358
vn 0.8307 0.4375 0.3441
vn 0.8992 0.4375 -0.0000
vn 0.8307 0.4375 -0.3441
vn 0.6358 0.4375 -0.6358
vn 0.3441 0.4375 -0.8307
vn -0.0000 0.4375 -0.8992
vn -0.3441 0.4375 -0.8307
vn -0.6358 0.4375 -0.6358
vn -0.8307 0.4375 -0.3441
vn -0.9949 0.1004 -0.0000
vn -0.9192 0.1004 0.3808
vn -0.7035 0.1004 0.7035
vn -0.3808 0.1004 0.9192
vn -0.0000 0.1004 0.9949
vn 0.3808 0.1004 0.9192
vn 0.7035 0.1004 0.7035
vn 0.9192 0.1004 0.3808
vn 0.9949 0.1004 -0.0000
vn 0.9192 0.1004 -0.3808
vn 0.7035 0.1004 -0.7035
vn 0.3808 0.1004 -0.9192
vn -0.0000 0.1004 -0.9949
vn -0.3808 0.1004 -0.9192
vn -0.7035 0.1004 -0.7035
vn -0.9192 0.1004 -0.3808
vn -0.9833 -0.1819 -0.0000
vn -0.9085 -0.1819 0.3763
vn -0.6953 -0.1819 0.6953
vn -0.3763 -0.1819 0.9085
vn -0.0000 -0.1819 0.9833
vn 0.3763 -0.1819 0.9085
vn 0.6953 -0.1819 0.6953
vn 0.9085 -0.1819 0.3763
vn 0.9833 -0.1819 -0.0000
vn 0.9085 -0.1819 -0.3763
vn 0.6953 -0.1819 -0.6953
vn 0.3763 -0.1819 -0.9085
vn -0.0000 -0.1819 -0.9833
vn -0.3763 -0.1819 -0.9085
vn -0.6953 -0.1819 -0.6953
vn -0.9085 -0.1819 -0.3763
vn -0.6000 -0.8000 -0.0000
vn -0.5543 -0.8000 0.2296
vn -0.4242 -0.8000 0.4242
vn -0.2296 -0.8000 0.5543
vn -0.0000 -0.8000 0.6000
vn 0.2296 -0.8000 0.5543
vn 0.4242 -0.8000 0.4242
vn 0.5543 -0.8000 0.2296
vn 0.6000 -0.8000 -0.0000
vn 0.5543 -0.8000 -0.2296
vn 0.4242 -0.8000 -0.4242
vn 0.2296 -0.8000 -0.5543
vn -0.0000 -0.8000 -0.6000
vn -0.2296 -0.8000 -0.5543
vn -0.4242 -0.8000 -0.4242
vn -0.5543 -0.8000 -0.2296
vn -0.0000 -1.0000 -0.0000
vt 0.000000 0.055243
vt 0.000000 0.055171
vt 0.062500 0.055171
vt 0.062500 0.055243
vt 0.125000 0.055171
vt 0.125000 0.055243
vt 0.187500 0.055171
vt 0.187500 0.055243
vt 0.250000 0.055171
vt 0.250000 0.055243
vt 0.312500 0.055171
vt 0.312500 0.055243
vt 0.375000 0.055171
vt 0.375000 0.055243
vt 0.437500 0.055171
vt 0.437500 0.055243
vt 0.500000 0.055171
vt 0.500000 0.055243
vt 0.562500 0.055171
vt 0.562500 0.055243
vt 0.625000 0.055171
vt 0.625000 0.055243
vt 0.687500 0.055171
vt 0.687500 0.055243
vt 0.750000 0.055171
vt 0.750000 0.055243
vt 0.812500 0.055171
vt 0.812500 0.055243
vt 0.875000 0.055171
vt 0.875000 0.055243
vt 0.937500 0.055171
vt 0.937500 0.055243
vt 1.000000 0.055171
vt 1.000000 0.055243
vt 0.000000 0.055096
vt 0.062500 0.055096
vt 0.125000 0.055096
vt 0.187500 0.055096
vt 0.250000 0.055096
vt 0.312500 0.055096
vt 0.375000 0.055096
vt 0.437500 0.055096
vt 0.500000 0.055096
vt 0.562500 0.055096
vt 0.625000 0.055096
vt 0.687500 0.055096
vt 0.750000 0.055096
vt 0.812500 0.055096
vt 0.875000 0.055096
vt 0.937500 0.055096
vt 1.000000 0.055096
vt 0.000000 0.055019
vt 0.062500 0.055019
vt 0.125000 0.055019
vt 0.187500 0.055019
vt 0.250000 0.055019
vt 0.312500 0.055019
vt 0.375000 0.055019
vt 0.437500 0.055019
vt 0.500000 0.055019
vt 0.562500 0.055019
vt 0.625000 0.055019
vt 0.687500 0.055019
vt 0.750000 0.055019
vt 0.812500 0.055019
vt 0.875000 0.055019
vt 0.937500 0.055019
vt 1.000000 0.055019
vt 0.000000 0.054939
vt 0.062500 0.054939
vt 0.125000 0.054939
vt 0.187500 0.054939
vt 0.250000 0.054939
vt 0.312500 0.054939
vt 0.375000 0.054939
vt 0.437500 0.054939
vt 0.500000 0.054939
vt 0.562500 0.054939
vt 0.625000 0.054939
vt 0.687500 0.054939
vt 0.750000 0.054939
vt 0.812500 0.054939
vt 0.875000 0.054939
vt 0.937500 0.054939
vt 1.000000 0.054939
vt 0.000000 0.054858
vt 0.062500 0.054858
vt 0.125000 0.054858
vt 0.187500 0.054858
vt 0.250000 0.054858
vt 0.312500 0.054858
vt 0.375000 0.054858
vt 0.437500 0.054858
vt 0.500000 0.054858
vt 0.562500 0.054858
vt 0.625000 0.054858
vt 0.687500 0.054858
vt 0.750000 0.054858
vt 0.812500 0.054858
vt 0.875000 0.054858
vt 0.937500 0.054858
vt 1.000000 0.054858
vt 0.000000 0.054775
vt 0.062500 0.054775
vt 0.125000 0.054775
vt 0.187500 0.054775
vt 0.250000 0.054775
vt 0.312500 0.054775
vt 0.375000 0.054775
vt 0.437500 0.054775
vt 0.500000 0.054775
vt 0.562500 0.054775
vt 0.625000 0.054775
vt 0.687500 0.054775
vt 0.750000 0.054775
vt 0.812500 0.054775
vt 0.875000 0.054775
vt 0.937500 0.054775
vt 1.000000 0.054775
vt 0.000000 0.054691
vt 0.062500 0.054691
vt 0.125000 0.054691
vt 0.187500 0.054691
vt 0.250000 0.054691
vt 0.312500 0.054691
vt 0.375000 0.054691
vt 0.437500 0.054691
vt 0.500000 0.054691
vt 0.562500 0.054691
vt 0.625000 0.054691
vt 0.687500 0.054691
vt 0.750000 0.054691
vt 0.812500 0.054691
vt 0.875000 0.054691
vt 0.937500 0.054691
vt 1.000000 0.054691
vt 0.000000 0.054607
vt 0.062500 0.054607
vt 0.125000 0.054607
vt 0.187500 0.054607
vt 0.250000 0.054607
vt 0.312500 0.054607
vt 0.375000 0.054607
vt 0.437500 0.054607
vt 0.500000 0.054607
vt 0.562500 0.054607
vt 0.625000 0.054607
vt 0.687500 0.054607
vt 0.750000 0.054607
vt 0.812500 0.054607
vt 0.875000 0.054607
vt 0.937500 0.054607
vt 1.000000 0.054607
vt 0.000000 0.054524
vt 0.062500 0.054524
vt 0.125000 0.054524
vt 0.187500 0.054524
vt 0.250000 0.054524
vt 0.312500 0.054524
vt 0.375000 0.054524
vt 0.437500 0.054524
vt 0.500000 0.054524
vt 0.562500 0.054524
vt 0.625000 0.054524
vt 0.687500 0.054524
vt 0.750000 0.054524
vt 0.812500 0.054524
vt 0.875000 0.054524
vt 0.937500 0.054524
vt 1.000000 0.054524
vt 0.000000 0.054440
vt 0.062500 0.054440
vt 0.125000 0.054440
vt 0.187500 0.054440
vt 0.250000 0.054440
vt 0.312500 0.054440
vt 0.375000 0.054440
vt 0.437500 0.054440
vt 0.500000 0.054440
vt 0.562500 0.054440
vt 0.625000 0.054440
vt 0.687500 0.054440
vt 0.750000 0.054440
vt 0.812500 0.054440
vt 0.875000 0.054440
vt 0.937500 0.054440
vt 1.000000 0.054440
vt 0.000000 0.054357
vt 0.062500 0.054357
vt 0.125000 0.054357
vt 0.187500 0.054357
vt 0.250000 0.054357
vt 0.312500 0.054357
vt 0.375000 0.054357
vt 0.437500 0.054357
vt 0.500000 0.054357
vt 0.562500 0.054357
vt 0.625000 0.054357
vt 0.687500 0.054357
vt 0.750000 0.054357
vt 0.812500 0.054357
vt 0.875000 0.054357
vt 0.937500 0.054357
vt 1.000000 0.054357
vt 0.000000 0.054276
vt 0.062500 0.054276
vt 0.125000 0.054276
vt 0.187500 0.054276
vt 0.250000 0.054276
vt 0.312500 0.054276
vt 0.375000 0.054276
vt 0.437500 0.054276
vt 0.500000 0.054276
vt 0.562500 0.054276
vt 0.625000 0.054276
vt 0.687500 0.054276
vt 0.750000 0.054276
vt 0.812500 0.054276
vt 0.875000 0.054276
vt 0.937500 0.054276
vt 1.000000 0.054276
vt 0.000000 0.050396
vt 0.062500 0.050396
vt 0.125000 0.050396
vt 0.187500 0.050396
vt 0.250000 0.050396
vt 0.312500 0.050396
vt 0.375000 0.050396
vt 0.437500 0.050396
vt 0.500000 0.050396
vt 0.562500 0.050396
vt 0.625000 0.050396
vt 0.687500 0.050396
vt 0.750000 0.050396
vt 0.812500 0.050396
vt 0.875000 0.050396
vt 0.937500 0.050396
vt 1.000000 0.050396
vt 0.000000 0.026063
vt 0.062500 0.026063
vt 0.125000 0.026063
vt 0.187500 0.026063
vt 0.250000 0.026063
vt 0.312500 0.026063
vt 0.375000 0.026063
vt 0.437500 0.026063
vt 0.500000 0.026063
vt 0.562500 0.026063
vt 0.625000 0.026063
vt 0.687500 0.026063
vt 0.750000 0.026063
vt 0.812500 0.026063
vt 0.875000 0.026063
vt 0.937500 0.026063
vt 1.000000 0.026063
vt 0.000000 -0.009147
vt 0.062500 -0.009147
vt 0.125000 -0.009147
vt 0.187500 -0.009147
vt 0.250000 -0.009147
vt 0.312500 -0.009147
vt 0.375000 -0.009147
vt 0.437500 -0.009147
vt 0.500000 -0.009147
vt 0.562500 -0.009147
vt 0.625000 -0.009147
vt 0.687500 -0.009147
vt 0.750000 -0.009147
vt 0.812500 -0.009147
vt 0.875000 -0.009147
vt 0.937500 -0.009147
vt 1.000000 -0.009147
vt 0.000000 -0.013320
vt 0.062500 -0.013320
vt 0.125000 -0.013320
vt 0.187500 -0.013320
vt 0.250000 -0.013320
vt 0.312500 -0.013320
vt 0.375000 -0.013320
vt 0.437500 -0.013320
vt 0.500000 -0.013320
vt 0.562500 -0.013320
vt 0.625000 -0.013320
vt 0.687500 -0.013320
vt 0.750000 -0.013320
vt 0.812500 -0.013320
vt 0.875000 -0.013320
vt 0.937500 -0.013320
vt 1.000000 -0.013320
vt 0.000000 -0.013320
vt 0.062500 -0.013320
vt 0.125000 -0.013320
vt 0.187500 -0.013320
vt 0.250000 -0.013320
vt 0.312500 -0.013320
vt 0.375000 -0.013320
vt 0.437500 -0.013320
vt 0.500000 -0.013320
vt 0.562500 -0.013320
vt 0.625000 -0.013320
vt 0.687500 -0.013320
vt 0.750000 -0.013320
vt 0.812500 -0.013320
vt 0.875000 -0.013320
vt 0.937500 -0.013320
vt 1.000000 -0.013320
s 1
f 609/647/590 610/648/591 628/649/592 627/650/593
f 627/650/593 628/649/592 646/651/594 645/652/595
f 645/652/595 646/651/594 664/653/596 663/654/597
f 663/654/597 664/653/596 682/655/598 681/656/599
f 681/656/599 682/655/598 700/657/600 699/658/601
f 699/658/601 700/657/600 718/659/602 717/660/603
f 717/660/603 718/659/602 736/661/604 735/662/605
f 735/662/605 736/661/604 754/663/606 753/664/607
f 753/664/607 754/663/606 772/665/608 771/666/609
f 771/666/609 772/665/608 790/667/610 789/668/611
f 789/668/611 790/667/610 808/669/612 807/670/613
f 807/670/613 808/669/612 826/671/614 825/672/615
f 825/672/615 826/671/614 844/673/616 843/674/617
f 843/674/617 844/673/616 862/675/618 861/676/619
f 861/676/619 862/675/618 880/677/620 879/678/621
f 879/678/621 880/677/620 610/679/591 609/680/590
f 610/648/591 611/681/622 629/682/623 628/649/592
f 628/649/592 629/682/623 647/683/624 646/651/594
f 646/651/594 647/683/624 665/684/625 664/653/596
f 664/653/596 665/684/625 683/685/626 682/655/598
f 682/655/598 683/685/626 701/686/627 700/657/600
f 700/657/600 701/686/627 719/687/628 718/659/602
f 718/659/602 719/687/628 737/688/629 736/661/604
f 736/661/604 737/688/629 755/689/630 754/663/606
f 754/663/606 755/689/630 773/690/631 772/665/608
f 772/665/608 773/690/631 791/691/632 790/667/610
f 790/667/610 791/691/632 809/692/633 808/669/612
f 808/669/612 809/692/633 827/693/634 826/671/614
f 826/671/614 827/693/634 845/694/635 844/673/616
f 844/673/616 845/694/635 863/695/636 862/675/618
f 862/675/618 863/695/636 881/696/637 880/677/620
f 880/677/620 881/696/637 611/697/622 610/679/591
f 611/681/622 612/698/638 630/699/639 629/682/623
f 629/682/623 630/699/639 648/700/640 647/683/624
f 647/683/624 648/700/640 666/701/641 665/684/625
f 665/684/625 666/701/641 684/702/642 683/685/626
f 683/685/626 684/702/642 702/703/643 701/686/627
f 701/686/627 702/703/643 720/704/644 719/687/628
f 719/687/628 720/704/644 738/705/645 737/688/629
f 737/688/629 738/705/645 756/706/646 755/689/630
f 755/689/630 756/706/646 774/707/647 773/690/631
f 773/690/631 774/707/647 792/708/648 791/691/632
f 791/691/632 792/708/648 810/709/649 809/692/633
f 809/692/633 810/709/649 828/710/650 827/693/634
f 827/693/634 828/710/650 846/711/651 845/694/635
f 845/694/635 846/711/651 864/712/652 863/695/636
f 863/695/636 864/712/652 882/713/653 881/696/637
f 881/696/637 882/713/653 612/714/638 611/697/622
f 612/698/638 613/715/654 631/716/655 630/699/639
f 630/699/639 631/716/655 649/717/656 648/700/640
f 648/700/640 649/717/656 667/718/657 666/701/641
f 666/701/641 667/718/657 685/719/658 684/702/642
f 684/702/642 685/719/658 703/720/659 702/703/643
f 702/703/643 703/720/659 721/721/660 720/704/644
f 720/704/644 721/721/660 739/722/661 738/705/645
f 738/705/645 739/722/661 757/723/662 756/706/646
f 756/706/646 757/723/662 775/724/663 774/707/647
f 774/707/647 775/724/663 793/725/664 792/708/648
f 792/708/648 793/725/664 811/726/665 810/709/649
f 810/709/649 811/726/665 829/727/666 828/710/650
f 828/710/650 829/727/666 847/728/667 846/711/651
f 846/711/651 847/728/667 865/729/668 864/712/652
f 864/712/652 865/729/668 883/730/669 882/713/653
f 882/713/653 883/730/669 613/731/654 612/714/638
f 613/715/654 614/732/670 632/733/671 631/716/655
f 631/716/655 632/733/671 650/734/672 649/717/656
f 649/717/656 650/734/672 668/735/673 667/718/657
f 667/718/657 668/735/673 686/736/674 685/719/658
f 685/719/658 686/736/674 704/737/675 703/720/659
f 703/720/659 704/737/675 722/738/676 721/721/660
f 721/721/660 722/738/676 740/739/677 739/722/661
f 739/722/661 740/739/677 758/740/678 757/723/662
f 757/723/662 758/740/678 776/741/679 775/724/663
f 775/724/663 776/741/679 794/742/680 793/725/664
f 793/725/664 794/742/680 812/743/681 811/726/665
f 811/726/665 812/743/681 830/744/682 829/727/666
f 829/727/666 830/744/682 848/745/683 847/728/667
f 847/728/667 848/745/683 866/746/684 865/729/668
f 865/729/668 866/746/684 884/747/685 883/730/669
f 883/730/669 884/747/685 614/748/670 613/731/654
f 614/732/670 615/749/686 633/750/687 632/733/671
f 632/733/671 633/750/687 651/751/688 650/734/672
f 650/734/672 651/751/688 669/752/689 668/735/673
f 668/735/673 669/752/689 687/753/690 686/736/674
f 686/736/674 687/753/690 705/754/691 704/737/675
f 704/737/675 705/754/691 723/755/692 722/738/676
f 722/738/676 723/755/692 741/756/693 740/739/677
f 740/739/677 741/756/693 759/757/694 758/740/678
f 758/740/678 759/757/694 777/758/695 776/741/679
f 776/741/679 777/758/695 795/759/696 794/742/680
f 794/742/680 795/759/696 813/760/697 812/743/681
f 812/743/681 813/760/697 831/761/698 830/744/682
f 830/744/682 831/761/698 849/762/699 848/745/683
f 848/745/683 849/762/699 867/763/700 866/746/684
f 866/746/684 867/763/700 885/764/701 884/747/685
f 884/747/685 885/764/701 615/765/686 614/748/670
f 615/749/686 616/766/702 634/767/703 633/750/687
f 633/750/687 634/767/703 652/768/704 651/751/688
f 651/751/688 652/768/704 670/769/705 669/752/689
f 669/752/689 670/769/705 688/770/706 687/753/690
f 687/753/690 688/770/706 706/771/707 705/754/691
f 705/754/691 706/771/707 724/772/708 723/755/692
f 723/755/692 724/772/708 742/773/709 741/756/693
f 741/756/693 742/773/709 760/774/710 759/757/694
f 759/757/694 760/774/710 778/775/711 777/758/695
f 777/758/695 778/775/711 796/776/712 795/759/696
f 795/759/696 796/776/712 814/777/713 813/760/697
f 813/760/697 814/777/713 832/778/714 831/761/698
f 831/761/698 832/778/714 850/779/715 849/762/699
f 849/762/699 850/779/715 868/780/716 867/763/700
f 867/763/700 868/780/716 886/781/717 885/764/701
f 885/764/701 886/781/717 616/782/702 615/765/686
f 616/766/702 617/783/718 635/784/719 634/767/703
f 634/767/703 635/784/719 653/785/720 652/768/704
f 652/768/704 653/785/720 671/786/721 670/769/705
f 670/769/705 671/786/721 689/787/722 688/770/706
f 688/770/706 689/787/722 707/788/723 706/771/707
f 706/771/707 707/788/723 725/789/724 724/772/708
f 724/772/708 725/789/724 743/790/725 742/773/709
f 742/773/709 743/790/725 761/791/726 760/774/710
f 760/774/710 761/791/726 779/792/727 778/775/711
f 778/775/711 779/792/727 797/793/728 796/776/712
f 796/776/712 797/793/728 815/794/729 814/777/713
f 814/777/713 815/794/729 833/795/730 832/778/714
f 832/778/714 833/795/730 851/796/731 850/779/715
f 850/779/715 851/796/731 869/797/732 868/780/716
f 868/780/716 869/797/732 887/798/733 886/781/717
f 886/781/717 887/798/733 617/799/718 616/782/702
f 617/783/718 618/800/734 636/801/735 635/784/719
f 635/784/719 636/801/735 654/802/736 653/785/720
f 653/785/720 654/802/736 672/803/737 671/786/721
f 671/786/721 672/803/737 690/804/738 689/787/722
f 689/787/722 690/804/738 708/805/739 707/788/723
f 707/788/723 708/805/739 726/806/740 725/789/724
f 725/789/724 726/806/740 744/807/741 743/790/725
f 743/790/725 744/807/741 762/808/742 761/791/726
f 761/791/726 762/808/742 780/809/743 779/792/727
f 779/792/727 780/809/743 798/810/744 797/793/728
f 797/793/728 798/810/744 816/811/745 815/794/729
f 815/794/729 816/811/745 834/812/746 833/795/730
f 833/795/730 834/812/746 852/813/747 851/796/731
f 851/796/731 852/813/747 870/814/748 869/797/732
f 869/797/732 870/814/748 888/815/749 887/798/733
f 887/798/733 888/815/749 618/816/734 617/799/718
f 618/800/734 619/817/750 637/818/751 636/801/735
f 636/801/735 637/818/751 655/819/752 654/802/736
f 654/802/736 655/819/752 673/820/753 672/803/737
f 672/803/737 673/820/753 691/821/754 690/804/738
f 690/804/738 691/821/754 709/822/755 708/805/739
f 708/805/739 709/822/755 727/823/756 726/806/740
f 726/806/740 727/823/756 745/824/757 744/807/741
f 744/807/741 745/824/757 763/825/758 762/808/742
f 762/808/742 763/825/758 781/826/759 780/809/743
f 780/809/743 781/826/759 799/827/760 798/810/744
f 798/810/744 799/827/760 817/828/761 816/811/745
f 816/811/745 817/828/761 835/829/762 834/812/746
f 834/812/746 835/829/762 853/830/763 852/813/747
f 852/813/747 853/830/763 871/831/764 870/814/748
f 870/814/748 871/831/764 889/832/765 888/815/749
f 888/815/749 889/832/765 619/833/750 618/816/734
f 619/817/750 620/834/766 638/835/767 637/818/751
f 637/818/751 638/835/767 656/836/768 655/819/752
f 655/819/752 656/836/768 674/837/769 673/820/753
f 673/820/753 674/837/769 692/838/770 691/821/754
f 691/821/754 692/838/770 710/839/771 709/822/755
f 709/822/755 710/839/771 728/840/772 727/823/756
f 727/823/756 728/840/772 746/841/773 745/824/757
f 745/824/757 746/841/773 764/842/774 763/825/758
f 763/825/758 764/842/774 782/843/775 781/826/759
f 781/826/759 782/843/775 800/844/776 799/827/760
f 799/827/760 800/844/776 818/845/777 817/828/761
f 817/828/761 818/845/777 836/846/778 835/829/762
f 835/829/762 836/846/778 854/847/779 853/830/763
f 853/830/763 854/847/779 872/848/780 871/831/764
f 871/831/764 872/848/780 890/849/781 889/832/765
f 889/832/765 890/849/781 620/850/766 619/833/750
f 620/834/766 621/851/782 639/852/783 638/835/767
f 638/835/767 639/852/783 657/853/784 656/836/768
f 656/836/768 657/853/784 675/854/785 674/837/769
f 674/837/769 675/854/785 693/855/786 692/838/770
f 692/838/770 693/855/786 711/856/787 710/839/771
f 710/839/771 711/856/787 729/857/788 728/840/772
f 728/840/772 729/857/788 747/858/789 746/841/773
f 746/841/773 747/858/789 765/859/790 764/842/774
f 764/842/774 765/859/790 783/860/791 782/843/775
f 782/843/775 783/860/791 801/861/792 800/844/776
f 800/844/776 801/861/792 819/862/793 818/845/777
f 818/845/777 819/862/793 837/863/794 836/846/778
f 836/846/778 837/863/794 855/864/795 854/847/779
f 854/847/779 855/864/795 873/865/796 872/848/780
f 872/848/780 873/865/796 891/866/797 890/849/781
f 890/849/781 891/866/797 621/867/782 620/850/766
f 621/851/782 622/868/798 640/869/799 639/852/783
f 639/852/783 640/869/799 658/870/800 657/853/784
f 657/853/784 658/870/800 676/871/801 675/854/785
f 675/854/785 676/871/801 694/872/802 693/855/786
f 693/855/786 694/872/802 712/873/803 711/856/787
f 711/856/787 712/873/803 730/874/804 729/857/788
f 729/857/788 730/874/804 748/875/805 747/858/789
f 747/858/789 748/875/805 766/876/806 765/859/790
f 765/859/790 766/876/806 784/877/807 783/860/791
f 783/860/791 784/877/807 802/878/808 801/861/792
f 801/861/792 802/878/808 820/879/809 819/862/793
f 819/862/793 820/879/809 838/880/810 837/863/794
f 837/863/794 838/880/810 856/881/811 855/864/795
f 855/864/795 856/881/811 874/882/812 873/865/796
f 873/865/796 874/882/812 892/883/813 891/866/797
f 891/866/797 892/883/813 622/884/798 621/867/782
f 622/868/798 623/885/814 641/886/815 640/869/799
f 640/869/799 641/886/815 659/887/816 658/870/800
f 658/870/800 659/887/816 677/888/817 676/871/801
f 676/871/801 677/888/817 695/889/818 694/872/802
f 694/872/802 695/889/818 713/890/819 712/873/803
f 712/873/803 713/890/819 731/891/820 730/874/804
f 730/874/804 731/891/820 749/892/821 748/875/805
f 748/875/805 749/892/821 767/893/822 766/876/806
f 766/876/806 767/893/822 785/894/823 784/877/807
f 784/877/807 785/894/823 803/895/824 802/878/808
f 802/878/808 803/895/824 821/896/825 820/879/809
f 820/879/809 821/896/825 839/897/826 838/880/810
f 838/880/810 839/897/826 857/898/827 856/881/811
f 856/881/811 857/898/827 875/899/828 874/882/812
f 874/882/812 875/899/828 893/900/829 892/883/813
f 892/883/813 893/900/829 623/901/814 622/884/798
f 623/885/814 624/902/830 642/903/831 641/886/815
f 641/886/815 642/903/831 660/904/832 659/887/816
f 659/887/816 660/904/832 678/905/833 677/888/817
f 677/888/817 678/905/833 696/906/834 695/889/818
f 695/889/818 696/906/834 714/907/835 713/890/819
f 713/890/819 714/907/835 732/908/836 731/891/820
f 731/891/820 732/908/836 750/909/837 749/892/821
f 749/892/821 750/909/837 768/910/838 767/893/822
f 767/893/822 768/910/838 786/911/839 785/894/823
f 785/894/823 786/911/839 804/912/840 803/895/824
f 803/895/824 804/912/840 822/913/841 821/896/825
f 821/896/825 822/913/841 840/914/842 839/897/826
f 839/897/826 840/914/842 858/915/843 857/898/827
f 857/898/827 858/915/843 876/916/844 875/899/828
f 875/899/828 876/916/844 894/917/845 893/900/829
f 893/900/829 894/917/845 624/918/830 623/901/814
f 624/902/830 625/919/846 643/920/847 642/903/831
f 642/903/831 643/920/847 661/921/848 660/904/832
f 660/904/832 661/921/848 679/922/849 678/905/833
f 678/905/833 679/922/849 697/923/850 696/906/834
f 696/906/834 697/923/850 715/924/851 714/907/835
f 714/907/835 715/924/851 733/925/852 732/908/836
f 732/908/836 733/925/852 751/926/853 750/909/837
f 750/909/837 751/926/853 769/927/854 768/910/838
f 768/910/838 769/927/854 787/928/855 786/911/839
f 786/911/839 787/928/855 805/929/856 804/912/840
f 804/912/840 805/929/856 823/930/857 822/913/841
f 822/913/841 823/930/857 841/931/858 840/914/842
f 840/914/842 841/931/858 859/932/859 858/915/843
f 858/915/843 859/932/859 877/933/860 876/916/844
f 876/916/844 877/933/860 895/934/861 894/917/845
f 894/917/845 895/934/861 625/935/846 624/918/830
f 625/919/846 626/936/862 644/937/862 643/920/847
f 643/920/847 644/937/862 662/938/862 661/921/848
f 661/921/848 662/938/862 680/939/862 679/922/849
f 679/922/849 680/939/862 698/940/862 697/923/850
f 697/923/850 698/940/862 716/941/862 715/924/851
f 715/924/851 716/941/862 734/942/862 733/925/852
f 733/925/852 734/942/862 752/943/862 751/926/853
f 751/926/853 752/943/862 770/944/862 769/927/854
f 769/927/854 770/944/862 788/945/862 787/928/855
f 787/928/855 788/945/862 806/946/862 805/929/856
f 805/929/856 806/946/862 824/947/862 823/930/857
f 823/930/857 824/947/862 842/948/862 841/931/858
f 841/931/858 842/948/862 860/949/862 859/932/859
f 859/932/859 860/949/862 878/950/862 877/933/860
f 877/933/860 878/950/862 896/951/862 895/934/861
f 895/934/861 896/951/862 626/952/862 625/935/846
o PenCap.002
v -0.000000 0.055243 -0.000000
v -0.000244 0.055171 -0.000000
v -0.000561 0.055096 -0.000000
v -0.000942 0.055019 -0.000000
v -0.001377 0.054939 -0.000000
v -0.001853 0.054858 -0.000000
v -0.002362 0.054775 -0.000000
v -0.002891 0.054691 -0.000000
v -0.003431 0.054607 -0.000000
v -0.003972 0.054524 -0.000000
v -0.004501 0.054440 -0.000000
v -0.005010 0.054357 -0.000000
v -0.005486 0.054276 -0.000000
v -0.009104 0.050396 -0.000000
v -0.013665 0.026063 -0.000000
v -0.014294 -0.009147 -0.000000
v -0.012565 -0.013320 -0.000000
v 0.000001 -0.013320 0.000000
v -0.000000 0.055243 -0.000000
v -0.000225 0.055171 0.000093
v -0.000518 0.055096 0.000215
v -0.000871 0.055019 0.000361
v -0.001272 0.054939 0.000527
v -0.001712 0.054858 0.000709
v -0.002182 0.054775 0.000904
v -0.002671 0.054691 0.001106
v -0.003170 0.054607 0.001313
v -0.003669 0.054524 0.001520
v -0.004159 0.054440 0.001723
v -0.004628 0.054357 0.001917
v -0.005069 0.054276 0.002099
v -0.008411 0.050396 0.003484
v -0.012624 0.026063 0.005229
v -0.013206 -0.009147 0.005470
v -0.011608 -0.013320 0.004808
v 0.000001 -0.013320 -0.000000
v -0.000000 0.055243 -0.000000
v -0.000172 0.055171 0.000172
v -0.000397 0.055096 0.000397
v -0.000666 0.055019 0.000666
v -0.000973 0.054939 0.000973
v -0.001310 0.054858 0.001310
v -0.001670 0.054775 0.001670
v -0.002044 0.054691 0.002044
v -0.002426 0.054607 0.002426
v -0.002808 0.054524 0.002808
v -0.003183 0.054440 0.003183
v -0.003542 0.054357 0.003542
v -0.003879 0.054276 0.003879
v -0.006437 0.050396 0.006437
v -0.009662 0.026063 0.009662
v -0.010107 -0.009147 0.010107
v -0.008885 -0.013320 0.008885
v 0.000001 -0.013320 -0.000001
v -0.000000 0.055243 0.000000
v -0.000093 0.055171 0.000225
v -0.000215 0.055096 0.000518
v -0.000361 0.055019 0.000871
v -0.000527 0.054939 0.001272
v -0.000709 0.054858 0.001712
v -0.000904 0.054775 0.002182
v -0.001106 0.054691 0.002671
v -0.001313 0.054607 0.003170
v -0.001520 0.054524 0.003669
v -0.001723 0.054440 0.004159
v -0.001917 0.054357 0.004628
v -0.002100 0.054276 0.005069
v -0.003484 0.050396 0.008411
v -0.005229 0.026063 0.012624
v -0.005470 -0.009147 0.013206
v -0.004808 -0.013320 0.011608
v 0.000000 -0.013320 -0.000001
v -0.000000 0.055243 0.000000
v -0.000000 0.055171 0.000244
v -0.000000 0.055096 0.000561
v -0.000000 0.055019 0.000942
v -0.000000 0.054939 0.001377
v -0.000000 0.054858 0.001853
v -0.000000 0.054775 0.002362
v -0.000000 0.054691 0.002891
v -0.000000 0.054607 0.003431
v -0.000000 0.054524 0.003972
v -0.000000 0.054440 0.004501
v -0.000000 0.054357 0.005010
v -0.000000 0.054276 0.005486
v -0.000000 0.050396 0.009104
v -0.000000 0.026063 0.013665
v -0.000000 -0.009147 0.014294
v 0.000000 -0.013320 0.012565
v 0.000000 -0.013320 -0.000001
v -0.000000 0.055243 0.000000
v 0.000093 0.055171 0.000225
v 0.000215 0.055096 0.000518
v 0.000361 0.055019 0.000871
v 0.000527 0.054939 0.001272
v 0.000709 0.054858 0.001712
v 0.000904 0.054775 0.002182
v 0.001106 0.054691 0.002671
v 0.001313 0.054607 0.003170
v 0.001520 0.054524 0.003669
v 0.001723 0.054440 0.004159
v 0.001917 0.054357 0.004628
v 0.002099 0.054276 0.005069
v 0.003484 0.050396 0.008411
v 0.005229 0.026063 0.012624
v 0.005470 -0.009147 0.013206
v 0.004808 -0.013320 0.011608
v -0.000000 -0.013320 -0.000001
v -0.000000 0.055243 0.000000
v 0.000172 0.055171 0.000172
v 0.000397 0.055096 0.000397
v 0.000666 0.055019 0.000666
v 0.000973 0.054939 0.000973
v 0.001310 0.054858 0.001310
v 0.001670 0.054775 0.001670
v 0.002044 0.054691 0.002044
v 0.002426 0.054607 0.002426
v 0.002808 0.054524 0.002808
v 0.003183 0.054440 0.003183
v 0.003542 0.054357 0.003542
v 0.003879 0.054276 0.003879
v 0.006437 0.050396 0.006437
v 0.009662 0.026063 0.009662
v 0.010107 -0.009147 0.010107
v 0.008885 -0.013320 0.008885
v -0.000001 -0.013320 -0.000001
v 0.000000 0.055243 0.000000
v 0.000225 0.055171 0.000093
v 0.000518 0.055096 0.000215
v 0.000871 0.055019 0.000361
v 0.001272 0.054939 0.000527
v 0.001712 0.054858 0.000709
v 0.002182 0.054775 0.000904
v 0.002671 0.054691 0.001106
v 0.003170 0.054607 0.001313
v 0.003669 0.054524 0.001520
v 0.004159 0.054440 0.001723
v 0.004628 0.054357 0.001917
v 0.005069 0.054276 0.002100
v 0.008411 0.050396 0.003484
v 0.012624 0.026063 0.005229
v 0.013206 -0.009147 0.005470
v 0.011608 -0.013320 0.004808
v -0.000001 -0.013320 -0.000000
v 0.000000 0.055243 0.000000
v 0.000244 0.055171 0.000000
v 0.000561 0.055096 0.000000
v 0.000942 0.055019 0.000000
v 0.001377 0.054939 0.000000
v 0.001853 0.054858 0.000000
v 0.002362 0.054775 0.000000
v 0.002891 0.054691 0.000000
v 0.003431 0.054607 0.000000
v 0.003972 0.054524 0.000000
v 0.004501 0.054440 0.000000
v 0.005010 0.054357 0.000000
v 0.005486 0.054276 0.000000
v 0.009104 0.050396 0.000000
v 0.013665 0.026063 0.000000
v 0.014294 -0.009147 -0.000000
v 0.012565 -0.013320 -0.000000
v -0.000001 -0.013320 -0.000000
v 0.000000 0.055243 0.000000
v 0.000225 0.055171 -0.000093
v 0.000518 0.055096 -0.000215
v 0.000871 0.055019 -0.000361
v 0.001272 0.054939 -0.000527
v 0.001712 0.054858 -0.000709
v 0.002182 0.054775 -0.000904
v 0.002671 0.054691 -0.001106
v 0.003170 0.054607 -0.001313
v 0.003669 0.054524 -0.001520
v 0.004159 0.054440 -0.001723
v 0.004628 0.054357 -0.001917
v 0.005069 0.054276 -0.002099
v 0.008411 0.050396 -0.003484
v 0.012624 0.026063 -0.005229
v 0.013206 -0.009147 -0.005470
v 0.011608 -0.013320 -0.004808
v -0.000001 -0.013320 0.000000
v 0.000000 0.055243 0.000000
v 0.000172 0.055171 -0.000172
v 0.000397 0.055096 -0.000397
v 0.000666 0.055019 -0.000666
v 0.000973 0.054939 -0.000973
v 0.001310 0.054858 -0.001310
v 0.001670 0.054775 -0.001670
v 0.002044 0.054691 -0.002044
v 0.002426 0.054607 -0.002426
v 0.002808 0.054524 -0.002808
v 0.003183 0.054440 -0.003183
v 0.003542 0.054357 -0.003542
v 0.003879 0.054276 -0.003879
v 0.006437 0.050396 -0.006437
v 0.009662 0.026063 -0.009662
v 0.010107 -0.009147 -0.010107
v 0.008885 -0.013320 -0.008885
v -0.000001 -0.013320 0.000001
v 0.000000 0.055243 -0.000000
v 0.000093 0.055171 -0.000225
v 0.000215 0.055096 -0.000518
v 0.000361 0.055019 -0.000871
v 0.000527 0.054939 -0.001272
v 0.000709 0.054858 -0.001712
v 0.000904 0.054775 -0.002182
v 0.001106 0.054691 -0.002671
v 0.001313 0.054607 -0.003170
v 0.001520 0.054524 -0.003669
v 0.001723 0.054440 -0.004159
v 0.001917 0.054357 -0.004628
v 0.002099 0.054276 -0.005069
v 0.003484 0.050396 -0.008411
v 0.005229 0.026063 -0.012624
v 0.005470 -0.009147 -0.013206
v 0.004808 -0.013320 -0.011608
v -0.000000 -0.013320 0.000001
v 0.000000 0.055243 -0.000000
v 0.000000 0.055171 -0.000244
v 0.000000 0.055096 -0.000561
v 0.000000 0.055019 -0.000942
v 0.000000 0.054939 -0.001377
v 0.000000 0.054858 -0.001853
v 0.000000 0.054775 -0.002362
v 0.000000 0.054691 -0.002891
v 0.000000 0.054607 -0.003431
v 0.000000 0.054524 -0.003972
v 0.000000 0.054440 -0.004501
v 0.000000 0.054357 -0.005010
v 0.000000 0.054276 -0.005486
v 0.000000 0.050396 -0.009104
v 0.000000 0.026063 -0.013665
v 0.000000 -0.009147 -0.014294
v -0.000000 -0.013320 -0.012565
v -0.000000 -0.013320 0.000001
v 0.000000 0.055243 -0.000000
v -0.000093 0.055171 -0.000225
v -0.000215 0.055096 -0.000518
v -0.000361 0.055019 -0.000871
v -0.000527 0.054939 -0.001272
v -0.000709 0.054858 -0.001712
v -0.000904 0.054775 -0.002182
v -0.001106 0.054691 -0.002671
v -0.001313 0.054607 -0.003170
v -0.001520 0.054524 -0.003669
v -0.001723 0.054440 -0.004159
v -0.001917 0.054357 -0.004628
v -0.002099 0.054276 -0.005069
v -0.003484 0.050396 -0.008411
v -0.005229 0.026063 -0.012624
v -0.005470 -0.009147 -0.013206
v -0.004808 -0.013320 -0.011608
v 0.000000 -0.013320 0.000001
v 0.000000 0.055243 -0.000000
v -0.000172 0.055171 -0.000172
v -0.000397 0.055096 -0.000397
v -0.000666 0.055019 -0.000666
v -0.000973 0.054939 -0.000973
v -0.001310 0.054858 -0.001310
v -0.001670 0.054775 -0.001670
v -0.002044 0.054691 -0.002044
v -0.002426 0.054607 -0.002426
v -0.002808 0.054524 -0.002808
v -0.003183 0.054440 -0.003183
v -0.003542 0.054357 -0.003542
v -0.003879 0.054276 -0.003879
v -0.006437 0.050396 -0.006437
v -0.009662 0.026063 -0.009662
v -0.010107 -0.009147 -0.010107
v -0.008885 -0.013320 -0.008885
v 0.000001 -0.013320 0.000001
v -0.000000 0.055243 -0.000000
v -0.000225 0.055171 -0.000093
v -0.000518 0.055096 -0.000215
v -0.000871 0.055019 -0.000361
v -0.001272 0.054939 -0.000527
v -0.001712 0.054858 -0.000709
v -0.002182 0.054775 -0.000904
v -0.002671 0.054691 -0.001106
v -0.003170 0.054607 -0.001313
v -0.003669 0.054524 -0.001520
v -0.004159 0.054440 -0.001723
v -0.004628 0.054357 -0.001917
v -0.005069 0.054276 -0.002100
v -0.008411 0.050396 -0.003484
v -0.012624 0.026063 -0.005229
v -0.013206 -0.009147 -0.005470
v -0.011608 -0.013320 -0.004808
v 0.000001 -0.013320 0.000000
vn -0.2529 0.9675 -0.0000
vn -0.2707 0.9203 -0.2823
vn -0.4795 0.8153 -0.3246
vn -0.2336 0.9675 0.0968
vn -0.3980 0.9041 -0.1555
vn -0.1788 0.9675 0.1788
vn -0.6903 0.7231 0.0258
vn -0.0968 0.9675 0.2336
vn -0.3191 0.9336 0.1629
vn -0.0001 0.9675 0.2529
vn -0.4577 0.8476 0.2683
vn 0.0968 0.9675 0.2336
vn -0.4048 0.8456 0.3480
vn 0.1788 0.9675 0.1788
vn 0.2876 0.8762 0.3867
vn 0.2336 0.9675 0.0968
vn 0.4791 0.8156 0.3243
vn 0.2529 0.9675 -0.0000
vn 0.3766 0.8846 0.2751
vn 0.2336 0.9675 -0.0968
vn 0.5494 0.8274 0.1165
vn 0.1788 0.9675 -0.1788
vn -0.1056 0.9944 -0.0070
vn 0.0968 0.9675 -0.2336
vn 0.3187 0.9338 -0.1629
vn -0.0000 0.9675 -0.2529
vn 0.4579 0.8476 -0.2683
vn -0.0967 0.9675 -0.2336
vn 0.6012 0.7408 -0.2997
vn -0.1788 0.9675 -0.1788
vn 0.5250 0.7829 -0.3339
vn -0.2337 0.9675 -0.0968
vn -0.2123 0.9772 -0.0000
vn -0.1962 0.9772 0.0812
vn -0.1501 0.9772 0.1501
vn -0.0813 0.9772 0.1962
vn -0.0000 0.9772 0.2123
vn 0.0813 0.9772 0.1962
vn 0.1501 0.9772 0.1501
vn 0.1962 0.9772 0.0813
vn 0.2123 0.9772 -0.0000
vn 0.1962 0.9772 -0.0812
vn 0.1501 0.9772 -0.1501
vn 0.0813 0.9772 -0.1962
vn -0.0000 0.9772 -0.2123
vn -0.0813 0.9772 -0.1962
vn -0.1501 0.9772 -0.1501
vn -0.1961 0.9772 -0.0813
vn -0.1885 0.9821 -0.0000
vn -0.1742 0.9821 0.0721
vn -0.1333 0.9821 0.1333
vn -0.0722 0.9821 0.1742
vn -0.0000 0.9821 0.1885
vn 0.0721 0.9821 0.1742
vn 0.1333 0.9821 0.1333
vn 0.1742 0.9821 0.0722
vn 0.1885 0.9821 -0.0000
vn 0.1742 0.9821 -0.0721
vn 0.1333 0.9821 -0.1333
vn 0.0722 0.9821 -0.1742
vn -0.0000 0.9821 -0.1885
vn -0.0722 0.9821 -0.1742
vn -0.1333 0.9821 -0.1333
vn -0.1742 0.9821 -0.0722
vn -0.1735 0.9848 -0.0000
vn -0.1603 0.9848 0.0664
vn -0.1227 0.9848 0.1227
vn -0.0664 0.9848 0.1603
vn -0.0000 0.9848 0.1735
vn 0.0664 0.9848 0.1603
vn 0.1227 0.9848 0.1227
vn 0.1603 0.9848 0.0664
vn 0.1735 0.9848 -0.0000
vn 0.1603 0.9848 -0.0664
vn 0.1227 0.9848 -0.1227
vn 0.0664 0.9848 -0.1603
vn -0.0000 0.9848 -0.1735
vn -0.0664 0.9848 -0.1603
vn -0.1227 0.9848 -0.1227
vn -0.1603 0.9848 -0.0664
vn -0.1639 0.9865 -0.0000
vn -0.1514 0.9865 0.0627
vn -0.1159 0.9865 0.1159
vn -0.0627 0.9865 0.1514
vn -0.0000 0.9865 0.1639
vn 0.0627 0.9865 0.1514
vn 0.1159 0.9865 0.1159
vn 0.1514 0.9865 0.0627
vn 0.1639 0.9865 -0.0000
vn 0.1514 0.9865 -0.0627
vn 0.1159 0.9865 -0.1159
vn 0.0627 0.9865 -0.1514
vn -0.0000 0.9865 -0.1639
vn -0.0627 0.9865 -0.1514
vn -0.1159 0.9865 -0.1159
vn -0.1514 0.9865 -0.0627
vn -0.1578 0.9875 -0.0000
vn -0.1458 0.9875 0.0604
vn -0.1116 0.9875 0.1116
vn -0.0604 0.9875 0.1458
vn -0.0000 0.9875 0.1578
vn 0.0604 0.9875 0.1458
vn 0.1116 0.9875 0.1116
vn 0.1458 0.9875 0.0604
vn 0.1578 0.9875 -0.0000
vn 0.1458 0.9875 -0.0604
vn 0.1116 0.9875 -0.1116
vn 0.0604 0.9875 -0.1458
vn -0.0000 0.9875 -0.1578
vn -0.0604 0.9875 -0.1458
vn -0.1116 0.9875 -0.1116
vn -0.1458 0.9875 -0.0604
vn -0.1545 0.9880 -0.0000
vn -0.1428 0.9880 0.0591
vn -0.1093 0.9880 0.1093
vn -0.0591 0.9880 0.1428
vn -0.0000 0.9880 0.1545
vn 0.0591 0.9880 0.1428
vn 0.1093 0.9880 0.1093
vn 0.1428 0.9880 0.0591
vn 0.1545 0.9880 -0.0000
vn 0.1428 0.9880 -0.0591
vn 0.1093 0.9880 -0.1093
vn 0.0591 0.9880 -0.1428
vn -0.0000 0.9880 -0.1545
vn -0.0591 0.9880 -0.1428
vn -0.1093 0.9880 -0.1093
vn -0.1428 0.9880 -0.0591
vn -0.1536 0.9881 -0.0000
vn -0.1419 0.9881 0.0588
vn -0.1086 0.9881 0.1086
vn -0.0588 0.9881 0.1419
vn -0.0000 0.9881 0.1536
vn 0.0588 0.9881 0.1419
vn 0.1086 0.9881 0.1086
vn 0.1419 0.9881 0.0588
vn 0.1536 0.9881 -0.0000
vn 0.1419 0.9881 -0.0588
vn 0.1086 0.9881 -0.1086
vn 0.0588 0.9881 -0.1419
vn -0.0000 0.9881 -0.1536
vn -0.0588 0.9881 -0.1419
vn -0.1086 0.9881 -0.1086
vn -0.1419 0.9881 -0.0588
vn -0.1548 0.9879 -0.0000
vn -0.1430 0.9879 0.0592
vn -0.1095 0.9879 0.1095
vn -0.0592 0.9879 0.1430
vn -0.0000 0.9879 0.1548
vn 0.0592 0.9879 0.1430
vn 0.1095 0.9879 0.1095
vn 0.1430 0.9879 0.0592
vn 0.1548 0.9879 -0.0000
vn 0.1430 0.9879 -0.0592
vn 0.1095 0.9879 -0.1095
vn 0.0592 0.9879 -0.1430
vn -0.0000 0.9879 -0.1548
vn -0.0592 0.9879 -0.1430
vn -0.1095 0.9879 -0.1095
vn -0.1430 0.9879 -0.0592
vn -0.1584 0.9874 -0.0000
vn -0.1463 0.9874 0.0606
vn -0.1120 0.9874 0.1120
vn -0.0606 0.9874 0.1463
vn -0.0000 0.9874 0.1584
vn 0.0606 0.9874 0.1463
vn 0.1120 0.9874 0.1120
vn 0.1463 0.9874 0.0606
vn 0.1584 0.9874 -0.0000
vn 0.1464 0.9874 -0.0606
vn 0.1120 0.9874 -0.1120
vn 0.0606 0.9874 -0.1463
vn -0.0000 0.9874 -0.1584
vn -0.0606 0.9874 -0.1463
vn -0.1120 0.9874 -0.1120
vn -0.1463 0.9874 -0.0606
vn -0.1648 0.9863 -0.0000
vn -0.1523 0.9863 0.0631
vn -0.1165 0.9863 0.1165
vn -0.0631 0.9863 0.1523
vn -0.0000 0.9863 0.1648
vn 0.0631 0.9863 0.1523
vn 0.1165 0.9863 0.1165
vn 0.1523 0.9863 0.0631
vn 0.1648 0.9863 -0.0000
vn 0.1523 0.9863 -0.0631
vn 0.1165 0.9863 -0.1165
vn 0.0631 0.9863 -0.1523
vn -0.0000 0.9863 -0.1648
vn -0.0631 0.9863 -0.1523
vn -0.1165 0.9863 -0.1165
vn -0.1523 0.9863 -0.0631
vn -0.5046 0.8634 -0.0000
vn -0.4662 0.8634 0.1931
vn -0.3568 0.8634 0.3568
vn -0.1931 0.8634 0.4662
vn -0.0000 0.8634 0.5046
vn 0.1931 0.8634 0.4662
vn 0.3568 0.8634 0.3568
vn 0.4662 0.8634 0.1931
vn 0.5046 0.8634 -0.0000
vn 0.4662 0.8634 -0.1931
vn 0.3568 0.8634 -0.3568
vn 0.1931 0.8634 -0.4662
vn -0.0000 0.8634 -0.5046
vn -0.1931 0.8634 -0.4662
vn -0.3568 0.8634 -0.3568
vn -0.4662 0.8634 -0.1931
vn -0.8992 0.4375 -0.0000
vn -0.8307 0.4375 0.3441
vn -0.6358 0.4375 0.6358
vn -0.3441 0.4375 0.8307
vn -0.0000 0.4375 0.8992
vn 0.3441 0.4375 0.8307
vn 0.6358 0.4375 0.6358
vn 0.8307 0.4375 0.3441
vn 0.8992 0.4375 -0.0000
vn 0.8307 0.4375 -0.3441
vn 0.6358 0.4375 -0.6358
vn 0.3441 0.4375 -0.8307
vn -0.0000 0.4375 -0.8992
vn -0.3441 0.4375 -0.8307
vn -0.6358 0.4375 -0.6358
vn -0.8307 0.4375 -0.3441
vn -0.9949 0.1004 -0.0000
vn -0.9192 0.1004 0.3808
vn -0.7035 0.1004 0.7035
vn -0.3808 0.1004 0.9192
vn -0.0000 0.1004 0.9949
vn 0.3808 0.1004 0.9192
vn 0.7035 0.1004 0.7035
vn 0.9192 0.1004 0.3808
vn 0.9949 0.1004 -0.0000
vn 0.9192 0.1004 -0.3808
vn 0.7035 0.1004 -0.7035
vn 0.3808 0.1004 -0.9192
vn -0.0000 0.1004 -0.9949
vn -0.3808 0.1004 -0.9192
vn -0.7035 0.1004 -0.7035
vn -0.9192 0.1004 -0.3808
vn -0.9833 -0.1819 -0.0000
vn -0.9085 -0.1819 0.3763
vn -0.6953 -0.1819 0.6953
vn -0.3763 -0.1819 0.9085
vn -0.0000 -0.1819 0.9833
vn 0.3763 -0.1819 0.9085
vn 0.6953 -0.1819 0.6953
vn 0.9085 -0.1819 0.3763
vn 0.9833 -0.1819 -0.0000
vn 0.9085 -0.1819 -0.3763
vn 0.6953 -0.1819 -0.6953
vn 0.3763 -0.1819 -0.9085
vn -0.0000 -0.1819 -0.9833
vn -0.3763 -0.1819 -0.9085
vn -0.6953 -0.1819 -0.6953
vn -0.6000 -0.8000 -0.0000
vn -0.4242 -0.8000 0.4242
vn -0.2296 -0.8000 0.5543
vn 0.2296 -0.8000 0.5543
vn 0.4242 -0.8000 0.4242
vn 0.5543 -0.8000 0.2296
vn 0.6000 -0.8000 -0.0000
vn 0.5543 -0.8000 -0.2296
vn 0.2296 -0.8000 -0.5543
vn -0.0000 -0.8000 -0.6000
vn -0.2296 -0.8000 -0.5543
vn -0.5543 -0.8000 -0.2296
vn -0.9085 -0.1819 -0.3763
vn -0.0003 1.0000 -0.0000
vn -0.5543 -0.8000 0.2296
vn 0.0004 1.0000 -0.0000
vn -0.0009 1.0000 -0.0000
vn -0.0005 1.0000 -0.0000
vn -0.0000 -0.8000 0.6000
vn 0.0005 1.0000 -0.0000
vn -0.0022 1.0000 -0.0000
vn 0.0006 1.0000 -0.0000
vn 0.0003 1.0000 -0.0000
vn 0.0007 1.0000 -0.0000
vn 0.4242 -0.8000 -0.4242
vn -0.0000 1.0000 -0.0000
vn -0.0025 1.0000 -0.0000
vn 0.0022 1.0000 -0.0000
vn -0.4242 -0.8000 -0.4242
vn -0.0006 1.0000 -0.0000
vt 0.000000 0.055171
vt 0.062500 0.055243
vt 0.000000 0.055243
vt 0.062500 0.055171
vt 0.125000 0.055243
vt 0.125000 0.055171
vt 0.187500 0.055243
vt 0.187500 0.055171
vt 0.250000 0.055243
vt 0.250000 0.055171
vt 0.312500 0.055243
vt 0.312500 0.055171
vt 0.375000 0.055243
vt 0.375000 0.055171
vt 0.437500 0.055243
vt 0.437500 0.055171
vt 0.500000 0.055243
vt 0.500000 0.055171
vt 0.562500 0.055243
vt 0.562500 0.055171
vt 0.625000 0.055243
vt 0.625000 0.055171
vt 0.687500 0.055243
vt 0.687500 0.055171
vt 0.750000 0.055243
vt 0.750000 0.055171
vt 0.812500 0.055243
vt 0.812500 0.055171
vt 0.875000 0.055243
vt 0.875000 0.055171
vt 0.937500 0.055243
vt 0.937500 0.055171
vt 1.000000 0.055243
vt 0.000000 0.055096
vt 0.062500 0.055096
vt 0.125000 0.055096
vt 0.187500 0.055096
vt 0.250000 0.055096
vt 0.312500 0.055096
vt 0.375000 0.055096
vt 0.437500 0.055096
vt 0.500000 0.055096
vt 0.562500 0.055096
vt 0.625000 0.055096
vt 0.687500 0.055096
vt 0.750000 0.055096
vt 0.812500 0.055096
vt 0.875000 0.055096
vt 0.937500 0.055096
vt 1.000000 0.055171
vt 0.000000 0.055019
vt 0.062500 0.055019
vt 0.125000 0.055019
vt 0.187500 0.055019
vt 0.250000 0.055019
vt 0.312500 0.055019
vt 0.375000 0.055019
vt 0.437500 0.055019
vt 0.500000 0.055019
vt 0.562500 0.055019
vt 0.625000 0.055019
vt 0.687500 0.055019
vt 0.750000 0.055019
vt 0.812500 0.055019
vt 0.875000 0.055019
vt 0.937500 0.055019
vt 1.000000 0.055096
vt 0.000000 0.054939
vt 0.062500 0.054939
vt 0.125000 0.054939
vt 0.187500 0.054939
vt 0.250000 0.054939
vt 0.312500 0.054939
vt 0.375000 0.054939
vt 0.437500 0.054939
vt 0.500000 0.054939
vt 0.562500 0.054939
vt 0.625000 0.054939
vt 0.687500 0.054939
vt 0.750000 0.054939
vt 0.812500 0.054939
vt 0.875000 0.054939
vt 0.937500 0.054939
vt 1.000000 0.055019
vt 0.000000 0.054858
vt 0.062500 0.054858
vt 0.125000 0.054858
vt 0.187500 0.054858
vt 0.250000 0.054858
vt 0.312500 0.054858
vt 0.375000 0.054858
vt 0.437500 0.054858
vt 0.500000 0.054858
vt 0.562500 0.054858
vt 0.625000 0.054858
vt 0.687500 0.054858
vt 0.750000 0.054858
vt 0.812500 0.054858
vt 0.875000 0.054858
vt 0.937500 0.054858
vt 1.000000 0.054939
vt 0.000000 0.054775
vt 0.062500 0.054775
vt 0.125000 0.054775
vt 0.187500 0.054775
vt 0.250000 0.054775
vt 0.312500 0.054775
vt 0.375000 0.054775
vt 0.437500 0.054775
vt 0.500000 0.054775
vt 0.562500 0.054775
vt 0.625000 0.054775
vt 0.687500 0.054775
vt 0.750000 0.054775
vt 0.812500 0.054775
vt 0.875000 0.054775
vt 0.937500 0.054775
vt 1.000000 0.054858
vt 0.000000 0.054691
vt 0.062500 0.054691
vt 0.125000 0.054691
vt 0.187500 0.054691
vt 0.250000 0.054691
vt 0.312500 0.054691
vt 0.375000 0.054691
vt 0.437500 0.054691
vt 0.500000 0.054691
vt 0.562500 0.054691
vt 0.625000 0.054691
vt 0.687500 0.054691
vt 0.750000 0.054691
vt 0.812500 0.054691
vt 0.875000 0.054691
vt 0.937500 0.054691
vt 1.000000 0.054775
vt 0.000000 0.054607
vt 0.062500 0.054607
vt 0.125000 0.054607
vt 0.187500 0.054607
vt 0.250000 0.054607
vt 0.312500 0.054607
vt 0.375000 0.054607
vt 0.437500 0.054607
vt 0.500000 0.054607
vt 0.562500 0.054607
vt 0.625000 0.054607
vt 0.687500 0.054607
vt 0.750000 0.054607
vt 0.812500 0.054607
vt 0.875000 0.054607
vt 0.937500 0.054607
vt 1.000000 0.054691
vt 0.000000 0.054524
vt 0.062500 0.054524
vt 0.125000 0.054524
vt 0.187500 0.054524
vt 0.250000 0.054524
vt 0.312500 0.054524
vt 0.375000 0.054524
vt 0.437500 0.054524
vt 0.500000 0.054524
vt 0.562500 0.054524
vt 0.625000 0.054524
vt 0.687500 0.054524
vt 0.750000 0.054524
vt 0.812500 0.054524
vt 0.875000 0.054524
vt 0.937500 0.054524
vt 1.000000 0.054607
vt 0.000000 0.054440
vt 0.062500 0.054440
vt 0.125000 0.054440
vt 0.187500 0.054440
vt 0.250000 0.054440
vt 0.312500 0.054440
vt 0.375000 0.054440
vt 0.437500 0.054440
vt 0.500000 0.054440
vt 0.562500 0.054440
vt 0.625000 0.054440
vt 0.687500 0.054440
vt 0.750000 0.054440
vt 0.812500 0.054440
vt 0.875000 0.054440
vt 0.937500 0.054440
vt 1.000000 0.054524
vt 0.000000 0.054357
vt 0.062500 0.054357
vt 0.125000 0.054357
vt 0.187500 0.054357
vt 0.250000 0.054357
vt 0.312500 0.054357
vt 0.375000 0.054357
vt 0.437500 0.054357
vt 0.500000 0.054357
vt 0.562500 0.054357
vt 0.625000 0.054357
vt 0.687500 0.054357
vt 0.750000 0.054357
vt 0.812500 0.054357
vt 0.875000 0.054357
vt 0.937500 0.054357
vt 1.000000 0.054440
vt 0.000000 0.054276
vt 0.062500 0.054276
vt 0.125000 0.054276
vt 0.187500 0.054276
vt 0.250000 0.054276
vt 0.312500 0.054276
vt 0.375000 0.054276
vt 0.437500 0.054276
vt 0.500000 0.054276
vt 0.562500 0.054276
vt 0.625000 0.054276
vt 0.687500 0.054276
vt 0.750000 0.054276
vt 0.812500 0.054276
vt 0.875000 0.054276
vt 0.937500 0.054276
vt 1.000000 0.054357
vt 0.000000 0.050396
vt 0.062500 0.050396
vt 0.125000 0.050396
vt 0.187500 0.050396
vt 0.250000 0.050396
vt 0.312500 0.050396
vt 0.375000 0.050396
vt 0.437500 0.050396
vt 0.500000 0.050396
vt 0.562500 0.050396
vt 0.625000 0.050396
vt 0.687500 0.050396
vt 0.750000 0.050396
vt 0.812500 0.050396
vt 0.875000 0.050396
vt 0.937500 0.050396
vt 1.000000 0.054276
vt 0.000000 0.026063
vt 0.062500 0.026063
vt 0.125000 0.026063
vt 0.187500 0.026063
vt 0.250000 0.026063
vt 0.312500 0.026063
vt 0.375000 0.026063
vt 0.437500 0.026063
vt 0.500000 0.026063
vt 0.562500 0.026063
vt 0.625000 0.026063
vt 0.687500 0.026063
vt 0.750000 0.026063
vt 0.812500 0.026063
vt 0.875000 0.026063
vt 0.937500 0.026063
vt 1.000000 0.050396
vt 0.000000 -0.009147
vt 0.062500 -0.009147
vt 0.125000 -0.009147
vt 0.187500 -0.009147
vt 0.250000 -0.009147
vt 0.312500 -0.009147
vt 0.375000 -0.009147
vt 0.437500 -0.009147
vt 0.500000 -0.009147
vt 0.562500 -0.009147
vt 0.625000 -0.009147
vt 0.687500 -0.009147
vt 0.750000 -0.009147
vt 0.812500 -0.009147
vt 0.875000 -0.009147
vt 1.000000 -0.009147
vt 1.000000 0.026063
vt 0.000000 -0.013320
vt 0.125000 -0.013320
vt 0.187500 -0.013320
vt 0.312500 -0.013320
vt 0.375000 -0.013320
vt 0.437500 -0.013320
vt 0.500000 -0.013320
vt 0.562500 -0.013320
vt 0.687500 -0.013320
vt 0.750000 -0.013320
vt 0.812500 -0.013320
vt 0.937500 -0.013320
vt 0.937500 -0.009147
vt 0.062500 -0.013320
vt 0.062500 -0.013320
vt 0.125000 -0.013320
vt 0.187500 -0.013320
vt 0.250000 -0.013320
vt 0.250000 -0.013320
vt 0.312500 -0.013320
vt 0.375000 -0.013320
vt 0.437500 -0.013320
vt 0.500000 -0.013320
vt 0.562500 -0.013320
vt 0.625000 -0.013320
vt 0.625000 -0.013320
vt 0.687500 -0.013320
vt 0.750000 -0.013320
vt 0.812500 -0.013320
vt 0.875000 -0.013320
vt 0.875000 -0.013320
vt 0.937500 -0.013320
vt 1.000000 -0.013320
vt 1.000000 -0.013320
vt 0.000000 -0.013320
s 1
f 898/953/863 915/954/864 897/955/865
f 916/956/866 933/957/867 915/954/864
f 934/958/868 951/959/869 933/957/867
f 952/960/870 969/961/871 951/959/869
f 970/962/872 987/963/873 969/961/871
f 988/964/874 1005/965/875 987/963/873
f 1006/966/876 1023/967/877 1005/965/875
f 1024/968/878 1041/969/879 1023/967/877
f 1042/970/880 1059/971/881 1041/969/879
f 1060/972/882 1077/973/883 1059/971/881
f 1078/974/884 1095/975/885 1077/973/883
f 1096/976/886 1113/977/887 1095/975/885
f 1114/978/888 1131/979/889 1113/977/887
f 1132/980/890 1149/981/891 1131/979/889
f 1150/982/892 1167/983/893 1149/981/891
f 1168/984/894 897/985/865 1167/983/893
f 899/986/895 916/956/866 898/953/863
f 917/987/896 934/958/868 916/956/866
f 935/988/897 952/960/870 934/958/868
f 953/989/898 970/962/872 952/960/870
f 971/990/899 988/964/874 970/962/872
f 989/991/900 1006/966/876 988/964/874
f 1007/992/901 1024/968/878 1006/966/876
f 1025/993/902 1042/970/880 1024/968/878
f 1043/994/903 1060/972/882 1042/970/880
f 1061/995/904 1078/974/884 1060/972/882
f 1079/996/905 1096/976/886 1078/974/884
f 1097/997/906 1114/978/888 1096/976/886
f 1115/998/907 1132/980/890 1114/978/888
f 1133/999/908 1150/982/892 1132/980/890
f 1151/1000/909 1168/984/894 1150/982/892
f 1169/1001/910 898/1002/863 1168/984/894
f 900/1003/911 917/987/896 899/986/895
f 918/1004/912 935/988/897 917/987/896
f 936/1005/913 953/989/898 935/988/897
f 954/1006/914 971/990/899 953/989/898
f 972/1007/915 989/991/900 971/990/899
f 990/1008/916 1007/992/901 989/991/900
f 1008/1009/917 1025/993/902 1007/992/901
f 1026/1010/918 1043/994/903 1025/993/902
f 1044/1011/919 1061/995/904 1043/994/903
f 1062/1012/920 1079/996/905 1061/995/904
f 1080/1013/921 1097/997/906 1079/996/905
f 1098/1014/922 1115/998/907 1097/997/906
f 1116/1015/923 1133/999/908 1115/998/907
f 1134/1016/924 1151/1000/909 1133/999/908
f 1152/1017/925 1169/1001/910 1151/1000/909
f 1170/1018/926 899/1019/895 1169/1001/910
f 901/1020/927 918/1004/912 900/1003/911
f 919/1021/928 936/1005/913 918/1004/912
f 937/1022/929 954/1006/914 936/1005/913
f 955/1023/930 972/1007/915 954/1006/914
f 973/1024/931 990/1008/916 972/1007/915
f 991/1025/932 1008/1009/917 990/1008/916
f 1009/1026/933 1026/1010/918 1008/1009/917
f 1027/1027/934 1044/1011/919 1026/1010/918
f 1045/1028/935 1062/1012/920 1044/1011/919
f 1063/1029/936 1080/1013/921 1062/1012/920
f 1081/1030/937 1098/1014/922 1080/1013/921
f 1099/1031/938 1116/1015/923 1098/1014/922
f 1117/1032/939 1134/1016/924 1116/1015/923
f 1135/1033/940 1152/1017/925 1134/1016/924
f 1153/1034/941 1170/1018/926 1152/1017/925
f 1171/1035/942 900/1036/911 1170/1018/926
f 902/1037/943 919/1021/928 901/1020/927
f 920/1038/944 937/1022/929 919/1021/928
f 938/1039/945 955/1023/930 937/1022/929
f 956/1040/946 973/1024/931 955/1023/930
f 974/1041/947 991/1025/932 973/1024/931
f 992/1042/948 1009/1026/933 991/1025/932
f 1010/1043/949 1027/1027/934 1009/1026/933
f 1028/1044/950 1045/1028/935 1027/1027/934
f 1046/1045/951 1063/1029/936 1045/1028/935
f 1064/1046/952 1081/1030/937 1063/1029/936
f 1082/1047/953 1099/1031/938 1081/1030/937
f 1100/1048/954 1117/1032/939 1099/1031/938
f 1118/1049/955 1135/1033/940 1117/1032/939
f 1136/1050/956 1153/1034/941 1135/1033/940
f 1154/1051/957 1171/1035/942 1153/1034/941
f 1172/1052/958 901/1053/927 1171/1035/942
f 903/1054/959 920/1038/944 902/1037/943
f 921/1055/960 938/1039/945 920/1038/944
f 939/1056/961 956/1040/946 938/1039/945
f 957/1057/962 974/1041/947 956/1040/946
f 975/1058/963 992/1042/948 974/1041/947
f 993/1059/964 1010/1043/949 992/1042/948
f 1011/1060/965 1028/1044/950 1010/1043/949
f 1029/1061/966 1046/1045/951 1028/1044/950
f 1047/1062/967 1064/1046/952 1046/1045/951
f 1065/1063/968 1082/1047/953 1064/1046/952
f 1083/1064/969 1100/1048/954 1082/1047/953
f 1101/1065/970 1118/1049/955 1100/1048/954
f 1119/1066/971 1136/1050/956 1118/1049/955
f 1137/1067/972 1154/1051/957 1136/1050/956
f 1155/1068/973 1172/1052/958 1154/1051/957
f 1173/1069/974 902/1070/943 1172/1052/958
f 904/1071/975 921/1055/960 903/1054/959
f 922/1072/976 939/1056/961 921/1055/960
f 940/1073/977 957/1057/962 939/1056/961
f 958/1074/978 975/1058/963 957/1057/962
f 976/1075/979 993/1059/964 975/1058/963
f 994/1076/980 1011/1060/965 993/1059/964
f 1012/1077/981 1029/1061/966 1011/1060/965
f 1030/1078/982 1047/1062/967 1029/1061/966
f 1048/1079/983 1065/1063/968 1047/1062/967
f 1066/1080/984 1083/1064/969 1065/1063/968
f 1084/1081/985 1101/1065/970 1083/1064/969
f 1102/1082/986 1119/1066/971 1101/1065/970
f 1120/1083/987 1137/1067/972 1119/1066/971
f 1138/1084/988 1155/1068/973 1137/1067/972
f 1156/1085/989 1173/1069/974 1155/1068/973
f 1174/1086/990 903/1087/959 1173/1069/974
f 905/1088/991 922/1072/976 904/1071/975
f 923/1089/992 940/1073/977 922/1072/976
f 941/1090/993 958/1074/978 940/1073/977
f 959/1091/994 976/1075/979 958/1074/978
f 977/1092/995 994/1076/980 976/1075/979
f 995/1093/996 1012/1077/981 994/1076/980
f 1013/1094/997 1030/1078/982 1012/1077/981
f 1031/1095/998 1048/1079/983 1030/1078/982
f 1049/1096/999 1066/1080/984 1048/1079/983
f 1067/1097/1000 1084/1081/985 1066/1080/984
f 1085/1098/1001 1102/1082/986 1084/1081/985
f 1103/1099/1002 1120/1083/987 1102/1082/986
f 1121/1100/1003 1138/1084/988 1120/1083/987
f 1139/1101/1004 1156/1085/989 1138/1084/988
f 1157/1102/1005 1174/1086/990 1156/1085/989
f 1175/1103/1006 904/1104/975 1174/1086/990
f 906/1105/1007 923/1089/992 905/1088/991
f 924/1106/1008 941/1090/993 923/1089/992
f 942/1107/1009 959/1091/994 941/1090/993
f 960/1108/1010 977/1092/995 959/1091/994
f 978/1109/1011 995/1093/996 977/1092/995
f 996/1110/1012 1013/1094/997 995/1093/996
f 1014/1111/1013 1031/1095/998 1013/1094/997
f 1032/1112/1014 1049/1096/999 1031/1095/998
f 1050/1113/1015 1067/1097/1000 1049/1096/999
f 1068/1114/1016 1085/1098/1001 1067/1097/1000
f 1086/1115/1017 1103/1099/1002 1085/1098/1001
f 1104/1116/1018 1121/1100/1003 1103/1099/1002
f 1122/1117/1019 1139/1101/1004 1121/1100/1003
f 1140/1118/1020 1157/1102/1005 1139/1101/1004
f 1158/1119/1021 1175/1103/1006 1157/1102/1005
f 1176/1120/1022 905/1121/991 1175/1103/1006
f 907/1122/1023 924/1106/1008 906/1105/1007
f 925/1123/1024 942/1107/1009 924/1106/1008
f 943/1124/1025 960/1108/1010 942/1107/1009
f 961/1125/1026 978/1109/1011 960/1108/1010
f 979/1126/1027 996/1110/1012 978/1109/1011
f 997/1127/1028 1014/1111/1013 996/1110/1012
f 1015/1128/1029 1032/1112/1014 1014/1111/1013
f 1033/1129/1030 1050/1113/1015 1032/1112/1014
f 1051/1130/1031 1068/1114/1016 1050/1113/1015
f 1069/1131/1032 1086/1115/1017 1068/1114/1016
f 1087/1132/1033 1104/1116/1018 1086/1115/1017
f 1105/1133/1034 1122/1117/1019 1104/1116/1018
f 1123/1134/1035 1140/1118/1020 1122/1117/1019
f 1141/1135/1036 1158/1119/1021 1140/1118/1020
f 1159/1136/1037 1176/1120/1022 1158/1119/1021
f 1177/1137/1038 906/1138/1007 1176/1120/1022
f 908/1139/1039 925/1123/1024 907/1122/1023
f 926/1140/1040 943/1124/1025 925/1123/1024
f 944/1141/1041 961/1125/1026 943/1124/1025
f 962/1142/1042 979/1126/1027 961/1125/1026
f 980/1143/1043 997/1127/1028 979/1126/1027
f 998/1144/1044 1015/1128/1029 997/1127/1028
f 1016/1145/1045 1033/1129/1030 1015/1128/1029
f 1034/1146/1046 1051/1130/1031 1033/1129/1030
f 1052/1147/1047 1069/1131/1032 1051/1130/1031
f 1070/1148/1048 1087/1132/1033 1069/1131/1032
f 1088/1149/1049 1105/1133/1034 1087/1132/1033
f 1106/1150/1050 1123/1134/1035 1105/1133/1034
f 1124/1151/1051 1141/1135/1036 1123/1134/1035
f 1142/1152/1052 1159/1136/1037 1141/1135/1036
f 1160/1153/1053 1177/1137/1038 1159/1136/1037
f 1178/1154/1054 907/1155/1023 1177/1137/1038
f 909/1156/1055 926/1140/1040 908/1139/1039
f 927/1157/1056 944/1141/1041 926/1140/1040
f 945/1158/1057 962/1142/1042 944/1141/1041
f 963/1159/1058 980/1143/1043 962/1142/1042
f 981/1160/1059 998/1144/1044 980/1143/1043
f 999/1161/1060 1016/1145/1045 998/1144/1044
f 1017/1162/1061 1034/1146/1046 1016/1145/1045
f 1035/1163/1062 1052/1147/1047 1034/1146/1046
f 1053/1164/1063 1070/1148/1048 1052/1147/1047
f 1071/1165/1064 1088/1149/1049 1070/1148/1048
f 1089/1166/1065 1106/1150/1050 1088/1149/1049
f 1107/1167/1066 1124/1151/1051 1106/1150/1050
f 1125/1168/1067 1142/1152/1052 1124/1151/1051
f 1143/1169/1068 1160/1153/1053 1142/1152/1052
f 1161/1170/1069 1178/1154/1054 1160/1153/1053
f 1179/1171/1070 908/1172/1039 1178/1154/1054
f 910/1173/1071 927/1157/1056 909/1156/1055
f 928/1174/1072 945/1158/1057 927/1157/1056
f 946/1175/1073 963/1159/1058 945/1158/1057
f 964/1176/1074 981/1160/1059 963/1159/1058
f 982/1177/1075 999/1161/1060 981/1160/1059
f 1000/1178/1076 1017/1162/1061 999/1161/1060
f 1018/1179/1077 1035/1163/1062 1017/1162/1061
f 1036/1180/1078 1053/1164/1063 1035/1163/1062
f 1054/1181/1079 1071/1165/1064 1053/1164/1063
f 1072/1182/1080 1089/1166/1065 1071/1165/1064
f 1090/1183/1081 1107/1167/1066 1089/1166/1065
f 1108/1184/1082 1125/1168/1067 1107/1167/1066
f 1126/1185/1083 1143/1169/1068 1125/1168/1067
f 1144/1186/1084 1161/1170/1069 1143/1169/1068
f 1162/1187/1085 1179/1171/1070 1161/1170/1069
f 1180/1188/1086 909/1189/1055 1179/1171/1070
f 911/1190/1087 928/1174/1072 910/1173/1071
f 929/1191/1088 946/1175/1073 928/1174/1072
f 947/1192/1089 964/1176/1074 946/1175/1073
f 965/1193/1090 982/1177/1075 964/1176/1074
f 983/1194/1091 1000/1178/1076 982/1177/1075
f 1001/1195/1092 1018/1179/1077 1000/1178/1076
f 1019/1196/1093 1036/1180/1078 1018/1179/1077
f 1037/1197/1094 1054/1181/1079 1036/1180/1078
f 1055/1198/1095 1072/1182/1080 1054/1181/1079
f 1073/1199/1096 1090/1183/1081 1072/1182/1080
f 1091/1200/1097 1108/1184/1082 1090/1183/1081
f 1109/1201/1098 1126/1185/1083 1108/1184/1082
f 1127/1202/1099 1144/1186/1084 1126/1185/1083
f 1145/1203/1100 1162/1187/1085 1144/1186/1084
f 1163/1204/1101 1180/1188/1086 1162/1187/1085
f 1181/1205/1102 910/1206/1071 1180/1188/1086
f 912/1207/1103 929/1191/1088 911/1190/1087
f 930/1208/1104 947/1192/1089 929/1191/1088
f 948/1209/1105 965/1193/1090 947/1192/1089
f 966/1210/1106 983/1194/1091 965/1193/1090
f 984/1211/1107 1001/1195/1092 983/1194/1091
f 1002/1212/1108 1019/1196/1093 1001/1195/1092
f 1020/1213/1109 1037/1197/1094 1019/1196/1093
f 1038/1214/1110 1055/1198/1095 1037/1197/1094
f 1056/1215/1111 1073/1199/1096 1055/1198/1095
f 1074/1216/1112 1091/1200/1097 1073/1199/1096
f 1092/1217/1113 1109/1201/1098 1091/1200/1097
f 1110/1218/1114 1127/1202/1099 1109/1201/1098
f 1128/1219/1115 1145/1203/1100 1127/1202/1099
f 1146/1220/1116 1163/1204/1101 1145/1203/1100
f 1164/1221/1117 1181/1205/1102 1163/1204/1101
f 1181/1205/1102 912/1222/1103 911/1223/1087
f 913/1224/1118 930/1208/1104 912/1207/1103
f 930/1208/1104 949/1225/1119 948/1209/1105
f 949/1225/1119 966/1210/1106 948/1209/1105
f 967/1226/1120 984/1211/1107 966/1210/1106
f 984/1211/1107 1003/1227/1121 1002/1212/1108
f 1003/1227/1121 1020/1213/1109 1002/1212/1108
f 1021/1228/1122 1038/1214/1110 1020/1213/1109
f 1039/1229/1123 1056/1215/1111 1038/1214/1110
f 1057/1230/1124 1074/1216/1112 1056/1215/1111
f 1075/1231/1125 1092/1217/1113 1074/1216/1112
f 1092/1217/1113 1111/1232/1126 1110/1218/1114
f 1111/1232/1126 1128/1219/1115 1110/1218/1114
f 1129/1233/1127 1146/1220/1116 1128/1219/1115
f 1147/1234/1128 1164/1221/1117 1146/1220/1116
f 1164/1221/1117 1183/1235/1129 1182/1236/1130
f 1183/1235/1129 912/1222/1103 1182/1236/1130
f 913/1224/1118 932/1237/1131 931/1238/1132
f 931/1238/1132 950/1239/1133 949/1225/1119
f 949/1225/1119 968/1240/1134 967/1226/1120
f 967/1226/1120 986/1241/1135 985/1242/1136
f 985/1242/1136 1004/1243/1137 1003/1227/1121
f 1003/1227/1121 1022/1244/1138 1021/1228/1122
f 1021/1228/1122 1040/1245/1139 1039/1229/1123
f 1039/1229/1123 1058/1246/1140 1057/1230/1124
f 1057/1230/1124 1076/1247/1140 1075/1231/1125
f 1075/1231/1125 1094/1248/1141 1093/1249/1142
f 1093/1249/1142 1112/1250/1143 1111/1232/1126
f 1111/1232/1126 1130/1251/1144 1129/1233/1127
f 1129/1233/1127 1148/1252/1135 1147/1234/1128
f 1147/1234/1128 1166/1253/1145 1165/1254/1146
f 1165/1254/1146 1184/1255/1147 1183/1235/1129
f 1183/1235/1129 914/1256/1131 913/1257/1118
f 898/953/863 916/956/866 915/954/864
f 916/956/866 934/958/868 933/957/867
f 934/958/868 952/960/870 951/959/869
f 952/960/870 970/962/872 969/961/871
f 970/962/872 988/964/874 987/963/873
f 988/964/874 1006/966/876 1005/965/875
f 1006/966/876 1024/968/878 1023/967/877
f 1024/968/878 1042/970/880 1041/969/879
f 1042/970/880 1060/972/882 1059/971/881
f 1060/972/882 1078/974/884 1077/973/883
f 1078/974/884 1096/976/886 1095/975/885
f 1096/976/886 1114/978/888 1113/977/887
f 1114/978/888 1132/980/890 1131/979/889
f 1132/980/890 1150/982/892 1149/981/891
f 1150/982/892 1168/984/894 1167/983/893
f 1168/984/894 898/1002/863 897/985/865
f 899/986/895 917/987/896 916/956/866
f 917/987/896 935/988/897 934/958/868
f 935/988/897 953/989/898 952/960/870
f 953/989/898 971/990/899 970/962/872
f 971/990/899 989/991/900 988/964/874
f 989/991/900 1007/992/901 1006/966/876
f 1007/992/901 1025/993/902 1024/968/878
f 1025/993/902 1043/994/903 1042/970/880
f 1043/994/903 1061/995/904 1060/972/882
f 1061/995/904 1079/996/905 1078/974/884
f 1079/996/905 1097/997/906 1096/976/886
f 1097/997/906 1115/998/907 1114/978/888
f 1115/998/907 1133/999/908 1132/980/890
f 1133/999/908 1151/1000/909 1150/982/892
f 1151/1000/909 1169/1001/910 1168/984/894
f 1169/1001/910 899/1019/895 898/1002/863
f 900/1003/911 918/1004/912 917/987/896
f 918/1004/912 936/1005/913 935/988/897
f 936/1005/913 954/1006/914 953/989/898
f 954/1006/914 972/1007/915 971/990/899
f 972/1007/915 990/1008/916 989/991/900
f 990/1008/916 1008/1009/917 1007/992/901
f 1008/1009/917 1026/1010/918 1025/993/902
f 1026/1010/918 1044/1011/919 1043/994/903
f 1044/1011/919 1062/1012/920 1061/995/904
f 1062/1012/920 1080/1013/921 1079/996/905
f 1080/1013/921 1098/1014/922 1097/997/906
f 1098/1014/922 1116/1015/923 1115/998/907
f 1116/1015/923 1134/1016/924 1133/999/908
f 1134/1016/924 1152/1017/925 1151/1000/909
f 1152/1017/925 1170/1018/926 1169/1001/910
f 1170/1018/926 900/1036/911 899/1019/895
f 901/1020/927 919/1021/928 918/1004/912
f 919/1021/928 937/1022/929 936/1005/913
f 937/1022/929 955/1023/930 954/1006/914
f 955/1023/930 973/1024/931 972/1007/915
f 973/1024/931 991/1025/932 990/1008/916
f 991/1025/932 1009/1026/933 1008/1009/917
f 1009/1026/933 1027/1027/934 1026/1010/918
f 1027/1027/934 1045/1028/935 1044/1011/919
f 1045/1028/935 1063/1029/936 1062/1012/920
f 1063/1029/936 1081/1030/937 1080/1013/921
f 1081/1030/937 1099/1031/938 1098/1014/922
f 1099/1031/938 1117/1032/939 1116/1015/923
f 1117/1032/939 1135/1033/940 1134/1016/924
f 1135/1033/940 1153/1034/941 1152/1017/925
f 1153/1034/941 1171/1035/942 1170/1018/926
f 1171/1035/942 901/1053/927 900/1036/911
f 902/1037/943 920/1038/944 919/1021/928
f 920/1038/944 938/1039/945 937/1022/929
f 938/1039/945 956/1040/946 955/1023/930
f 956/1040/946 974/1041/947 973/1024/931
f 974/1041/947 992/1042/948 991/1025/932
f 992/1042/948 1010/1043/949 1009/1026/933
f 1010/1043/949 1028/1044/950 1027/1027/934
f 1028/1044/950 1046/1045/951 1045/1028/935
f 1046/1045/951 1064/1046/952 1063/1029/936
f 1064/1046/952 1082/1047/953 1081/1030/937
f 1082/1047/953 1100/1048/954 1099/1031/938
f 1100/1048/954 1118/1049/955 1117/1032/939
f 1118/1049/955 1136/1050/956 1135/1033/940
f 1136/1050/956 1154/1051/957 1153/1034/941
f 1154/1051/957 1172/1052/958 1171/1035/942
f 1172/1052/958 902/1070/943 901/1053/927
f 903/1054/959 921/1055/960 920/1038/944
f 921/1055/960 939/1056/961 938/1039/945
f 939/1056/961 957/1057/962 956/1040/946
f 957/1057/962 975/1058/963 974/1041/947
f 975/1058/963 993/1059/964 992/1042/948
f 993/1059/964 1011/1060/965 1010/1043/949
f 1011/1060/965 1029/1061/966 1028/1044/950
f 1029/1061/966 1047/1062/967 1046/1045/951
f 1047/1062/967 1065/1063/968 1064/1046/952
f 1065/1063/968 1083/1064/969 1082/1047/953
f 1083/1064/969 1101/1065/970 1100/1048/954
f 1101/1065/970 1119/1066/971 1118/1049/955
f 1119/1066/971 1137/1067/972 1136/1050/956
f 1137/1067/972 1155/1068/973 1154/1051/957
f 1155/1068/973 1173/1069/974 1172/1052/958
f 1173/1069/974 903/1087/959 902/1070/943
f 904/1071/975 922/1072/976 921/1055/960
f 922/1072/976 940/1073/977 939/1056/961
f 940/1073/977 958/1074/978 957/1057/962
f 958/1074/978 976/1075/979 975/1058/963
f 976/1075/979 994/1076/980 993/1059/964
f 994/1076/980 1012/1077/981 1011/1060/965
f 1012/1077/981 1030/1078/982 1029/1061/966
f 1030/1078/982 1048/1079/983 1047/1062/967
f 1048/1079/983 1066/1080/984 1065/1063/968
f 1066/1080/984 1084/1081/985 1083/1064/969
f 1084/1081/985 1102/1082/986 1101/1065/970
f 1102/1082/986 1120/1083/987 1119/1066/971
f 1120/1083/987 1138/1084/988 1137/1067/972
f 1138/1084/988 1156/1085/989 1155/1068/973
f 1156/1085/989 1174/1086/990 1173/1069/974
f 1174/1086/990 904/1104/975 903/1087/959
f 905/1088/991 923/1089/992 922/1072/976
f 923/1089/992 941/1090/993 940/1073/977
f 941/1090/993 959/1091/994 958/1074/978
f 959/1091/994 977/1092/995 976/1075/979
f 977/1092/995 995/1093/996 994/1076/980
f 995/1093/996 1013/1094/997 1012/1077/981
f 1013/1094/997 1031/1095/998 1030/1078/982
f 1031/1095/998 1049/1096/999 1048/1079/983
f 1049/1096/999 1067/1097/1000 1066/1080/984
f 1067/1097/1000 1085/1098/1001 1084/1081/985
f 1085/1098/1001 1103/1099/1002 1102/1082/986
f 1103/1099/1002 1121/1100/1003 1120/1083/987
f 1121/1100/1003 1139/1101/1004 1138/1084/988
f 1139/1101/1004 1157/1102/1005 1156/1085/989
f 1157/1102/1005 1175/1103/1006 1174/1086/990
f 1175/1103/1006 905/1121/991 904/1104/975
f 906/1105/1007 924/1106/1008 923/1089/992
f 924/1106/1008 942/1107/1009 941/1090/993
f 942/1107/1009 960/1108/1010 959/1091/994
f 960/1108/1010 978/1109/1011 977/1092/995
f 978/1109/1011 996/1110/1012 995/1093/996
f 996/1110/1012 1014/1111/1013 1013/1094/997
f 1014/1111/1013 1032/1112/1014 1031/1095/998
f 1032/1112/1014 1050/1113/1015 1049/1096/999
f 1050/1113/1015 1068/1114/1016 1067/1097/1000
f 1068/1114/1016 1086/1115/1017 1085/1098/1001
f 1086/1115/1017 1104/1116/1018 1103/1099/1002
f 1104/1116/1018 1122/1117/1019 1121/1100/1003
f 1122/1117/1019 1140/1118/1020 1139/1101/1004
f 1140/1118/1020 1158/1119/1021 1157/1102/1005
f 1158/1119/1021 1176/1120/1022 1175/1103/1006
f 1176/1120/1022 906/1138/1007 905/1121/991
f 907/1122/1023 925/1123/1024 924/1106/1008
f 925/1123/1024 943/1124/1025 942/1107/1009
f 943/1124/1025 961/1125/1026 960/1108/1010
f 961/1125/1026 979/1126/1027 978/1109/1011
f 979/1126/1027 997/1127/1028 996/1110/1012
f 997/1127/1028 1015/1128/1029 1014/1111/1013
f 1015/1128/1029 1033/1129/1030 1032/1112/1014
f 1033/1129/1030 1051/1130/1031 1050/1113/1015
f 1051/1130/1031 1069/1131/1032 1068/1114/1016
f 1069/1131/1032 1087/1132/1033 1086/1115/1017
f 1087/1132/1033 1105/1133/1034 1104/1116/1018
f 1105/1133/1034 1123/1134/1035 1122/1117/1019
f 1123/1134/1035 1141/1135/1036 1140/1118/1020
f 1141/1135/1036 1159/1136/1037 1158/1119/1021
f 1159/1136/1037 1177/1137/1038 1176/1120/1022
f 1177/1137/1038 907/1155/1023 906/1138/1007
f 908/1139/1039 926/1140/1040 925/1123/1024
f 926/1140/1040 944/1141/1041 943/1124/1025
f 944/1141/1041 962/1142/1042 961/1125/1026
f 962/1142/1042 980/1143/1043 979/1126/1027
f 980/1143/1043 998/1144/1044 997/1127/1028
f 998/1144/1044 1016/1145/1045 1015/1128/1029
f 1016/1145/1045 1034/1146/1046 1033/1129/1030
f 1034/1146/1046 1052/1147/1047 1051/1130/1031
f 1052/1147/1047 1070/1148/1048 1069/1131/1032
f 1070/1148/1048 1088/1149/1049 1087/1132/1033
f 1088/1149/1049 1106/1150/1050 1105/1133/1034
f 1106/1150/1050 1124/1151/1051 1123/1134/1035
f 1124/1151/1051 1142/1152/1052 1141/1135/1036
f 1142/1152/1052 1160/1153/1053 1159/1136/1037
f 1160/1153/1053 1178/1154/1054 1177/1137/1038
f 1178/1154/1054 908/1172/1039 907/1155/1023
f 909/1156/1055 927/1157/1056 926/1140/1040
f 927/1157/1056 945/1158/1057 944/1141/1041
f 945/1158/1057 963/1159/1058 962/1142/1042
f 963/1159/1058 981/1160/1059 980/1143/1043
f 981/1160/1059 999/1161/1060 998/1144/1044
f 999/1161/1060 1017/1162/1061 1016/1145/1045
f 1017/1162/1061 1035/1163/1062 1034/1146/1046
f 1035/1163/1062 1053/1164/1063 1052/1147/1047
f 1053/1164/1063 1071/1165/1064 1070/1148/1048
f 1071/1165/1064 1089/1166/1065 1088/1149/1049
f 1089/1166/1065 1107/1167/1066 1106/1150/1050
f 1107/1167/1066 1125/1168/1067 1124/1151/1051
f 1125/1168/1067 1143/1169/1068 1142/1152/1052
f 1143/1169/1068 1161/1170/1069 1160/1153/1053
f 1161/1170/1069 1179/1171/1070 1178/1154/1054
f 1179/1171/1070 909/1189/1055 908/1172/1039
f 910/1173/1071 928/1174/1072 927/1157/1056
f 928/1174/1072 946/1175/1073 945/1158/1057
f 946/1175/1073 964/1176/1074 963/1159/1058
f 964/1176/1074 982/1177/1075 981/1160/1059
f 982/1177/1075 1000/1178/1076 999/1161/1060
f 1000/1178/1076 1018/1179/1077 1017/1162/1061
f 1018/1179/1077 1036/1180/1078 1035/1163/1062
f 1036/1180/1078 1054/1181/1079 1053/1164/1063
f 1054/1181/1079 1072/1182/1080 1071/1165/1064
f 1072/1182/1080 1090/1183/1081 1089/1166/1065
f 1090/1183/1081 1108/1184/1082 1107/1167/1066
f 1108/1184/1082 1126/1185/1083 1125/1168/1067
f 1126/1185/1083 1144/1186/1084 1143/1169/1068
f 1144/1186/1084 1162/1187/1085 1161/1170/1069
f 1162/1187/1085 1180/1188/1086 1179/1171/1070
f 1180/1188/1086 910/1206/1071 909/1189/1055
f 911/1190/1087 929/1191/1088 928/1174/1072
f 929/1191/1088 947/1192/1089 946/1175/1073
f 947/1192/1089 965/1193/1090 964/1176/1074
f 965/1193/1090 983/1194/1091 982/1177/1075
f 983/1194/1091 1001/1195/1092 1000/1178/1076
f 1001/1195/1092 1019/1196/1093 1018/1179/1077
f 1019/1196/1093 1037/1197/1094 1036/1180/1078
f 1037/1197/1094 1055/1198/1095 1054/1181/1079
f 1055/1198/1095 1073/1199/1096 1072/1182/1080
f 1073/1199/1096 1091/1200/1097 1090/1183/1081
f 1091/1200/1097 1109/1201/1098 1108/1184/1082
f 1109/1201/1098 1127/1202/1099 1126/1185/1083
f 1127/1202/1099 1145/1203/1100 1144/1186/1084
f 1145/1203/1100 1163/1204/1101 1162/1187/1085
f 1163/1204/1101 1181/1205/1102 1180/1188/1086
f 1181/1205/1102 911/1223/1087 910/1206/1071
f 912/1207/1103 930/1208/1104 929/1191/1088
f 930/1208/1104 948/1209/1105 947/1192/1089
f 948/1209/1105 966/1210/1106 965/1193/1090
f 966/1210/1106 984/1211/1107 983/1194/1091
f 984/1211/1107 1002/1212/1108 1001/1195/1092
f 1002/1212/1108 1020/1213/1109 1019/1196/1093
f 1020/1213/1109 1038/1214/1110 1037/1197/1094
f 1038/1214/1110 1056/1215/1111 1055/1198/1095
f 1056/1215/1111 1074/1216/1112 1073/1199/1096
f 1074/1216/1112 1092/1217/1113 1091/1200/1097
f 1092/1217/1113 1110/1218/1114 1109/1201/1098
f 1110/1218/1114 1128/1219/1115 1127/1202/1099
f 1128/1219/1115 1146/1220/1116 1145/1203/1100
f 1146/1220/1116 1164/1221/1117 1163/1204/1101
f 1164/1221/1117 1182/1236/1130 1181/1205/1102
f 1181/1205/1102 1182/1236/1130 912/1222/1103
f 913/1224/1118 931/1238/1132 930/1208/1104
f 930/1208/1104 931/1238/1132 949/1225/1119
f 949/1225/1119 967/1226/1120 966/1210/1106
f 967/1226/1120 985/1242/1136 984/1211/1107
f 984/1211/1107 985/1242/1136 1003/1227/1121
f 1003/1227/1121 1021/1228/1122 1020/1213/1109
f 1021/1228/1122 1039/1229/1123 1038/1214/1110
f 1039/1229/1123 1057/1230/1124 1056/1215/1111
f 1057/1230/1124 1075/1231/1125 1074/1216/1112
f 1075/1231/1125 1093/1249/1142 1092/1217/1113
f 1092/1217/1113 1093/1249/1142 1111/1232/1126
f 1111/1232/1126 1129/1233/1127 1128/1219/1115
f 1129/1233/1127 1147/1234/1128 1146/1220/1116
f 1147/1234/1128 1165/1254/1146 1164/1221/1117
f 1164/1221/1117 1165/1254/1146 1183/1235/1129
f 1183/1235/1129 913/1257/1118 912/1222/1103
f 913/1224/1118 914/1258/1131 932/1237/1131
f 931/1238/1132 932/1237/1131 950/1239/1133
f 949/1225/1119 950/1239/1133 968/1240/1134
f 967/1226/1120 968/1240/1134 986/1241/1135
f 985/1242/1136 986/1241/1135 1004/1243/1137
f 1003/1227/1121 1004/1243/1137 1022/1244/1138
f 1021/1228/1122 1022/1244/1138 1040/1245/1139
f 1039/1229/1123 1040/1245/1139 1058/1246/1140
f 1057/1230/1124 1058/1246/1140 1076/1247/1140
f 1075/1231/1125 1076/1247/1140 1094/1248/1141
f 1093/1249/1142 1094/1248/1141 1112/1250/1143
f 1111/1232/1126 1112/1250/1143 1130/1251/1144
f 1129/1233/1127 1130/1251/1144 1148/1252/1135
f 1147/1234/1128 1148/1252/1135 1166/1253/1145
f 1165/1254/1146 1166/1253/1145 1184/1255/1147
f 1183/1235/1129 1184/1255/1147 914/1256/1131
o PenCap.003
v 0.002739 0.048003 0.016868
v 0.002739 -0.010645 0.021324
v 0.002739 0.048003 0.011815
v 0.002739 -0.010645 0.016271
v -0.002739 0.048003 0.016868
v -0.002739 -0.010645 0.021324
v -0.002739 0.048003 0.011815
v -0.002739 -0.010645 0.016271
v 0.002739 0.026376 0.021324
v 0.002739 0.026376 0.016271
v -0.002739 0.026376 0.016271
v -0.002739 0.026376 0.021324
v 0.002739 0.042661 0.012916
v -0.002739 0.042661 0.012916
v -0.002739 0.042661 0.017968
v 0.002739 0.042661 0.017968
v 0.002739 0.042700 0.006932
v 0.002739 0.048041 0.005831
v -0.002739 0.048041 0.005831
v -0.002739 0.042700 0.006932
vn 1.0000 -0.0000 -0.0000
vn -0.0000 -0.0000 -1.0000
vn -1.0000 -0.0000 -0.0000
vn -0.0000 -0.0000 1.0000
vn -0.0000 1.0000 -0.0000
vn -0.0000 -1.0000 -0.0000
vn -0.0000 0.2018 0.9794
vn -0.0000 -0.2018 -0.9794
vn -0.0000 1.0000 0.0064
vn -0.0000 -1.0000 -0.0064
vt 0.625000 0.000000
vt 0.500000 0.250000
vt 0.500000 0.000000
vt 0.625000 0.500000
vt 0.500000 0.500000
vt 0.500000 0.750000
vt 0.625000 0.750000
vt 0.500000 1.000000
vt 0.375000 0.500000
vt 0.125000 0.750000
vt 0.125000 0.500000
vt 0.875000 0.500000
vt 0.437500 1.000000
vt 0.437500 0.750000
vt 0.437500 0.500000
vt 0.437500 0.250000
vt 0.437500 0.000000
vt 0.375000 0.000000
vt 0.375000 0.250000
vt 0.375000 0.750000
vt 0.375000 1.000000
vt 0.625000 0.250000
vt 0.625000 1.000000
vt 0.875000 0.750000
s 0
f 1186/1259/1148 1194/1260/1148 1193/1261/1148
f 1194/1260/1149 1192/1262/1149 1195/1263/1149
f 1192/1262/1150 1196/1264/1150 1195/1263/1150
f 1190/1265/1151 1193/1266/1151 1196/1264/1151
f 1191/1267/1152 1185/1268/1152 1187/1269/1152
f 1188/1270/1153 1190/1265/1153 1192/1262/1153
f 1196/1264/1154 1200/1271/1154 1199/1272/1154
f 1195/1263/1150 1199/1272/1150 1198/1273/1150
f 1194/1260/1155 1198/1273/1155 1197/1274/1155
f 1200/1275/1148 1194/1260/1148 1197/1274/1148
f 1185/1276/1148 1197/1274/1148 1187/1277/1148
f 1191/1267/1150 1204/1273/1150 1198/1273/1150
f 1198/1273/1150 1189/1278/1150 1191/1267/1150
f 1199/1272/1154 1185/1279/1154 1189/1278/1154
f 1187/1269/1156 1203/1267/1156 1191/1267/1156
f 1187/1277/1148 1201/1274/1148 1202/1277/1148
f 1198/1273/1157 1201/1274/1157 1197/1274/1157
f 1186/1259/1148 1188/1280/1148 1194/1260/1148
f 1194/1260/1149 1188/1280/1149 1192/1262/1149
f 1192/1262/1150 1190/1265/1150 1196/1264/1150
f 1190/1265/1151 1186/1281/1151 1193/1266/1151
f 1191/1267/1152 1189/1278/1152 1185/1268/1152
f 1188/1270/1153 1186/1282/1153 1190/1265/1153
f 1196/1264/1154 1193/1266/1154 1200/1271/1154
f 1195/1263/1150 1196/1264/1150 1199/1272/1150
f 1194/1260/1155 1195/1263/1155 1198/1273/1155
f 1200/1275/1148 1193/1261/1148 1194/1260/1148
f 1185/1276/1148 1200/1275/1148 1197/1274/1148
f 1191/1267/1150 1203/1267/1150 1204/1273/1150
f 1198/1273/1150 1199/1272/1150 1189/1278/1150
f 1199/1272/1154 1200/1271/1154 1185/1279/1154
f 1187/1269/1156 1202/1269/1156 1203/1267/1156
f 1187/1277/1148 1197/1274/1148 1201/1274/1148
f 1198/1273/1157 1204/1273/1157 1201/1274/1157
