# Blender 4.1.0
# www.blender.org
mtllib Door.002.mtl
o Door.002
v 0.361129 0.970919 0.169208
v 0.361129 1.065920 0.169208
v 0.455821 0.970919 0.169208
v 0.455821 1.065920 0.169208
v 0.382893 1.044086 0.032535
v 0.382893 0.992754 0.032535
v 0.434057 0.992754 0.032535
v 0.434057 1.044086 0.032535
v 0.361129 0.970919 -0.282027
v 0.361129 1.065920 -0.282027
v 0.455821 0.970919 -0.282027
v 0.455821 1.065920 -0.282027
v 0.382893 1.044086 -0.145354
v 0.382893 0.992754 -0.145354
v 0.434057 0.992754 -0.145354
v 0.434057 1.044086 -0.145354
v 0.348325 0.958073 0.125440
v 0.348832 0.958583 0.142072
v 0.353982 0.963750 0.158275
v 0.354223 0.990238 0.173113
v 0.350753 1.018420 0.175074
v 0.354223 1.046602 0.173113
v 0.353982 1.073090 0.158275
v 0.348832 1.078257 0.142072
v 0.348325 1.078766 0.125440
v 0.462968 0.963750 0.158275
v 0.468118 0.958583 0.142072
v 0.468626 0.958073 0.125440
v 0.468626 1.078766 0.125440
v 0.468118 1.078257 0.142072
v 0.462968 1.073090 0.158275
v 0.462728 1.046602 0.173113
v 0.466197 1.018420 0.175074
v 0.462728 0.990238 0.173113
v 0.380385 0.963991 0.173113
v 0.408475 0.960510 0.175074
v 0.436566 0.963991 0.173113
v 0.436566 1.072849 0.173113
v 0.408475 1.076329 0.175074
v 0.380385 1.072849 0.173113
v 0.364120 1.062920 0.108115
v 0.370964 1.056053 0.108407
v 0.370964 0.980787 0.108407
v 0.364120 0.973920 0.108115
v 0.445986 0.980787 0.108407
v 0.452830 0.973920 0.108115
v 0.452830 1.062920 0.108115
v 0.445986 1.056053 0.108407
v 0.375698 1.032456 0.032535
v 0.373299 1.018420 0.032535
v 0.375698 1.004384 0.032535
v 0.422465 0.985536 0.032535
v 0.408475 0.983129 0.032535
v 0.394485 0.985536 0.032535
v 0.394485 1.051304 0.032535
v 0.408475 1.053710 0.032535
v 0.422465 1.051304 0.032535
v 0.441253 1.032456 0.032535
v 0.443651 1.018420 0.032535
v 0.441253 1.004384 0.032535
v 0.436697 1.046734 0.093938
v 0.434840 1.044870 0.076912
v 0.434155 1.044184 0.055756
v 0.382795 1.044184 0.055756
v 0.382111 1.044870 0.076912
v 0.380253 1.046734 0.093938
v 0.382795 0.992656 0.055756
v 0.382111 0.991969 0.076912
v 0.380253 0.990106 0.093938
v 0.436697 0.990106 0.093938
v 0.434840 0.991969 0.076912
v 0.434155 0.992656 0.055756
v 0.348325 0.958073 -0.238259
v 0.348832 0.958583 -0.254891
v 0.353982 0.963750 -0.271094
v 0.354223 0.990238 -0.285931
v 0.350753 1.018420 -0.287893
v 0.354223 1.046602 -0.285931
v 0.353982 1.073090 -0.271094
v 0.348832 1.078257 -0.254891
v 0.348325 1.078766 -0.238259
v 0.462968 0.963750 -0.271094
v 0.468118 0.958583 -0.254891
v 0.468626 0.958073 -0.238259
v 0.468626 1.078766 -0.238259
v 0.468118 1.078257 -0.254891
v 0.462968 1.073090 -0.271094
v 0.462728 1.046602 -0.285931
v 0.466197 1.018420 -0.287893
v 0.462728 0.990238 -0.285931
v 0.380385 0.963991 -0.285931
v 0.408475 0.960510 -0.287893
v 0.436566 0.963991 -0.285931
v 0.436566 1.072849 -0.285931
v 0.408475 1.076329 -0.287893
v 0.380385 1.072849 -0.285931
v 0.364120 1.062920 -0.220934
v 0.370964 1.056053 -0.221226
v 0.370964 0.980787 -0.221226
v 0.364120 0.973920 -0.220934
v 0.445986 0.980787 -0.221226
v 0.452830 0.973920 -0.220934
v 0.452830 1.062920 -0.220934
v 0.445986 1.056053 -0.221226
v 0.375698 1.032456 -0.145354
v 0.373299 1.018420 -0.145354
v 0.375698 1.004384 -0.145354
v 0.422465 0.985536 -0.145354
v 0.408475 0.983129 -0.145354
v 0.394485 0.985536 -0.145354
v 0.394485 1.051304 -0.145354
v 0.408475 1.053710 -0.145354
v 0.422465 1.051304 -0.145354
v 0.441253 1.032456 -0.145354
v 0.443651 1.018420 -0.145354
v 0.441253 1.004384 -0.145354
v 0.436697 1.046734 -0.206756
v 0.434840 1.044870 -0.189730
v 0.434155 1.044184 -0.168574
v 0.382795 1.044184 -0.168574
v 0.382111 1.044870 -0.189730
v 0.380253 1.046734 -0.206756
v 0.382795 0.992656 -0.168574
v 0.382111 0.991969 -0.189730
v 0.380253 0.990106 -0.206756
v 0.436697 0.990106 -0.206756
v 0.434840 0.991969 -0.189730
v 0.434155 0.992656 -0.168574
v 0.339142 0.988251 0.159356
v 0.334119 1.018420 0.160301
v 0.339142 1.048588 0.159356
v 0.332019 0.985707 0.142361
v 0.326402 1.018420 0.142650
v 0.332019 1.051133 0.142361
v 0.331402 0.985419 0.125477
v 0.325760 1.018420 0.125513
v 0.331402 1.051420 0.125477
v 0.393041 1.054697 0.093938
v 0.408475 1.057352 0.093938
v 0.423909 1.054697 0.093938
v 0.394057 1.052309 0.076912
v 0.408475 1.054789 0.076912
v 0.422893 1.052309 0.076912
v 0.394431 1.051430 0.055756
v 0.408475 1.053845 0.055756
v 0.422519 1.051430 0.055756
v 0.485548 0.985419 0.125477
v 0.491190 1.018420 0.125513
v 0.485548 1.051420 0.125477
v 0.484931 0.985707 0.142361
v 0.490548 1.018420 0.142650
v 0.484931 1.051133 0.142361
v 0.477808 0.988251 0.159356
v 0.482831 1.018420 0.160301
v 0.477808 1.048588 0.159356
v 0.438413 0.988384 0.181467
v 0.440021 1.018420 0.184296
v 0.438413 1.048455 0.181467
v 0.408475 0.986771 0.184296
v 0.408475 1.018420 0.187384
v 0.408475 1.050068 0.184296
v 0.378537 0.988384 0.181467
v 0.376929 1.018420 0.184296
v 0.378537 1.048455 0.181467
v 0.375582 0.941096 0.125477
v 0.408475 0.935435 0.125513
v 0.441369 0.941096 0.125477
v 0.375868 0.941715 0.142361
v 0.408475 0.936080 0.142651
v 0.441082 0.941715 0.142361
v 0.378405 0.948861 0.159356
v 0.408475 0.943822 0.160301
v 0.438545 0.948861 0.159356
v 0.441369 1.095744 0.125477
v 0.408475 1.101404 0.125513
v 0.375582 1.095744 0.125477
v 0.441082 1.095125 0.142361
v 0.408475 1.100760 0.142651
v 0.375868 1.095125 0.142361
v 0.438545 1.087978 0.159356
v 0.408475 1.093018 0.160301
v 0.378405 1.087978 0.159356
v 0.360414 1.039001 0.108407
v 0.356897 1.018420 0.108407
v 0.360414 0.997839 0.108407
v 0.351645 1.042756 0.108115
v 0.347486 1.018420 0.108115
v 0.351645 0.994084 0.108115
v 0.387961 0.970202 0.108407
v 0.408475 0.966674 0.108407
v 0.428989 0.970202 0.108407
v 0.384218 0.961404 0.108115
v 0.408475 0.957232 0.108115
v 0.432732 0.961404 0.108115
v 0.428989 1.066637 0.108407
v 0.408475 1.070166 0.108407
v 0.387961 1.066637 0.108407
v 0.432732 1.075435 0.108115
v 0.408475 1.079607 0.108115
v 0.384218 1.075435 0.108115
v 0.456536 0.997839 0.108407
v 0.460053 1.018420 0.108407
v 0.456536 1.039001 0.108407
v 0.465305 0.994084 0.108115
v 0.469464 1.018420 0.108115
v 0.465305 1.042756 0.108115
v 0.372315 1.002935 0.093938
v 0.369669 1.018420 0.093938
v 0.372315 1.033904 0.093938
v 0.374695 1.003955 0.076912
v 0.372224 1.018420 0.076912
v 0.374695 1.032885 0.076912
v 0.375572 1.004330 0.055756
v 0.373165 1.018420 0.055756
v 0.375572 1.032509 0.055756
v 0.444635 1.033904 0.093938
v 0.447281 1.018420 0.093938
v 0.444635 1.002935 0.093938
v 0.442255 1.032885 0.076912
v 0.444726 1.018420 0.076912
v 0.442255 1.003955 0.076912
v 0.441378 1.032509 0.055756
v 0.443785 1.018420 0.055756
v 0.441378 1.004330 0.055756
v 0.423909 0.982142 0.093938
v 0.408475 0.979488 0.093938
v 0.393041 0.982142 0.093938
v 0.422893 0.984530 0.076912
v 0.408475 0.982050 0.076912
v 0.394057 0.984530 0.076912
v 0.422519 0.985410 0.055756
v 0.408475 0.982994 0.055756
v 0.394431 0.985410 0.055756
v 0.339142 0.988251 -0.272175
v 0.332019 0.985707 -0.255180
v 0.331402 0.985419 -0.238295
v 0.334119 1.018420 -0.273120
v 0.326402 1.018420 -0.255469
v 0.325760 1.018420 -0.238331
v 0.339142 1.048588 -0.272174
v 0.332019 1.051133 -0.255180
v 0.331402 1.051420 -0.238295
v 0.393041 1.054697 -0.206756
v 0.394057 1.052309 -0.189730
v 0.394431 1.051430 -0.168574
v 0.408475 1.057352 -0.206756
v 0.408475 1.054789 -0.189730
v 0.408475 1.053845 -0.168574
v 0.423909 1.054697 -0.206756
v 0.422893 1.052309 -0.189730
v 0.422519 1.051430 -0.168574
v 0.485548 0.985419 -0.238295
v 0.484931 0.985707 -0.255180
v 0.477808 0.988251 -0.272175
v 0.491190 1.018420 -0.238331
v 0.490548 1.018420 -0.255469
v 0.482831 1.018420 -0.273120
v 0.485548 1.051420 -0.238295
v 0.484931 1.051133 -0.255180
v 0.477808 1.048588 -0.272174
v 0.438413 0.988384 -0.294286
v 0.408475 0.986771 -0.297115
v 0.378537 0.988384 -0.294286
v 0.440021 1.018420 -0.297115
v 0.408475 1.018420 -0.300203
v 0.376929 1.018420 -0.297115
v 0.438413 1.048455 -0.294286
v 0.408475 1.050068 -0.297115
v 0.378537 1.048455 -0.294286
v 0.375582 0.941096 -0.238295
v 0.375868 0.941715 -0.255180
v 0.378405 0.948861 -0.272174
v 0.408475 0.935435 -0.238331
v 0.408475 0.936080 -0.255469
v 0.408475 0.943822 -0.273120
v 0.441369 0.941096 -0.238295
v 0.441082 0.941715 -0.255180
v 0.438545 0.948861 -0.272174
v 0.441369 1.095744 -0.238295
v 0.441082 1.095125 -0.255180
v 0.438545 1.087978 -0.272174
v 0.408475 1.101404 -0.238331
v 0.408475 1.100760 -0.255469
v 0.408475 1.093018 -0.273120
v 0.375582 1.095744 -0.238295
v 0.375868 1.095125 -0.255180
v 0.378405 1.087978 -0.272174
v 0.360414 1.039001 -0.221226
v 0.351645 1.042756 -0.220934
v 0.356897 1.018420 -0.221226
v 0.347486 1.018420 -0.220934
v 0.360414 0.997839 -0.221226
v 0.351645 0.994084 -0.220934
v 0.387961 0.970202 -0.221226
v 0.384218 0.961404 -0.220934
v 0.408475 0.966674 -0.221226
v 0.408475 0.957232 -0.220934
v 0.428989 0.970202 -0.221226
v 0.432732 0.961404 -0.220934
v 0.428989 1.066637 -0.221226
v 0.432732 1.075435 -0.220934
v 0.408475 1.070166 -0.221226
v 0.408475 1.079607 -0.220934
v 0.387961 1.066637 -0.221226
v 0.384218 1.075435 -0.220934
v 0.456536 0.997839 -0.221226
v 0.465305 0.994084 -0.220934
v 0.460053 1.018420 -0.221226
v 0.469464 1.018420 -0.220934
v 0.456536 1.039001 -0.221226
v 0.465305 1.042756 -0.220934
v 0.372315 1.002935 -0.206756
v 0.374695 1.003955 -0.189730
v 0.375572 1.004330 -0.168574
v 0.369669 1.018420 -0.206756
v 0.372224 1.018420 -0.189730
v 0.373165 1.018420 -0.168574
v 0.372315 1.033904 -0.206756
v 0.374695 1.032885 -0.189730
v 0.375572 1.032509 -0.168574
v 0.444635 1.033904 -0.206756
v 0.442255 1.032885 -0.189730
v 0.441378 1.032509 -0.168574
v 0.447281 1.018420 -0.206756
v 0.444726 1.018420 -0.189730
v 0.443785 1.018420 -0.168574
v 0.444635 1.002935 -0.206756
v 0.442255 1.003955 -0.189730
v 0.441378 1.004330 -0.168574
v 0.423909 0.982142 -0.206756
v 0.422893 0.984530 -0.189730
v 0.422519 0.985410 -0.168574
v 0.408475 0.979488 -0.206756
v 0.408475 0.982050 -0.189730
v 0.408475 0.982995 -0.168574
v 0.393041 0.982142 -0.206756
v 0.394057 0.984530 -0.189730
v 0.394431 0.985410 -0.168574
v 0.286184 0.804019 0.043958
v 0.286184 0.808560 0.048499
v 0.281643 0.808560 0.043958
v 0.286184 1.139009 0.048499
v 0.286184 1.143550 0.043958
v 0.281643 1.139009 0.043958
v 0.286184 0.804019 -0.169628
v 0.281643 0.808560 -0.169628
v 0.286184 0.808560 -0.174169
v 0.286184 1.143550 -0.169628
v 0.286184 1.139009 -0.174169
v 0.281643 1.139009 -0.169628
v 0.533461 0.804019 0.043958
v 0.538002 0.808560 0.043958
v 0.533461 0.808560 0.048499
v 0.533461 1.143550 0.043958
v 0.533461 1.139009 0.048499
v 0.538002 1.139009 0.043958
v 0.533461 0.804019 -0.169628
v 0.533461 0.808560 -0.174169
v 0.538002 0.808560 -0.169628
v 0.533461 1.143550 -0.169628
v 0.538002 1.139009 -0.169628
v 0.533461 1.139009 -0.174169
v -0.457243 -0.000000 -0.114664
v -0.448852 -0.000000 -0.114664
v -0.448852 2.123727 -0.114664
v -0.457243 2.123727 -0.114664
v -0.422427 -0.000000 -0.103718
v -0.416493 -0.000000 -0.097785
v -0.416493 2.123727 -0.097785
v -0.422427 2.123727 -0.103718
v -0.405547 -0.000000 -0.071359
v -0.405547 -0.000000 -0.062968
v -0.405547 2.123727 -0.062968
v -0.405547 2.123727 -0.071359
v -0.416493 -0.000000 -0.036542
v -0.422427 -0.000000 -0.030609
v -0.422427 2.123727 -0.030609
v -0.416493 2.123727 -0.036542
v -0.448852 -0.000000 -0.019663
v -0.457243 -0.000000 -0.019663
v -0.457243 2.123727 -0.019663
v -0.448852 2.123727 -0.019663
v -0.483669 -0.000000 -0.030609
v -0.489602 -0.000000 -0.036542
v -0.489602 2.123727 -0.036542
v -0.483669 2.123727 -0.030609
v -0.500548 -0.000000 -0.062968
v -0.500548 -0.000000 -0.071359
v -0.500548 2.123727 -0.071359
v -0.500548 2.123727 -0.062968
v -0.489602 -0.000000 -0.097785
v -0.483669 -0.000000 -0.103718
v -0.483669 2.123727 -0.103718
v -0.489602 2.123727 -0.097785
v -0.171661 -0.000000 -0.114664
v -0.163269 -0.000000 -0.114664
v -0.163269 2.123727 -0.114664
v -0.171661 2.123727 -0.114664
v -0.136844 -0.000000 -0.103718
v -0.130910 -0.000000 -0.097785
v -0.130910 2.123727 -0.097785
v -0.136844 2.123727 -0.103718
v -0.119965 -0.000000 -0.071359
v -0.119965 -0.000000 -0.062968
v -0.119965 2.123727 -0.062968
v -0.119965 2.123727 -0.071359
v -0.130910 -0.000000 -0.036542
v -0.136844 -0.000000 -0.030609
v -0.136844 2.123727 -0.030609
v -0.130910 2.123727 -0.036542
v -0.163269 -0.000000 -0.019663
v -0.171661 -0.000000 -0.019663
v -0.171661 2.123727 -0.019663
v -0.163269 2.123727 -0.019663
v -0.198086 -0.000000 -0.030609
v -0.204020 -0.000000 -0.036542
v -0.204020 2.123727 -0.036542
v -0.198086 2.123727 -0.030609
v -0.214966 -0.000000 -0.062968
v -0.214966 -0.000000 -0.071359
v -0.214966 2.123727 -0.071359
v -0.214966 2.123727 -0.062968
v -0.204020 -0.000000 -0.097785
v -0.198086 -0.000000 -0.103718
v -0.198086 2.123727 -0.103718
v -0.204020 2.123727 -0.097785
v 0.113922 -0.000000 -0.114664
v 0.122313 -0.000000 -0.114664
v 0.122313 2.123727 -0.114664
v 0.113922 2.123727 -0.114664
v 0.148739 -0.000000 -0.103718
v 0.154672 -0.000000 -0.097785
v 0.154672 2.123727 -0.097785
v 0.148739 2.123727 -0.103718
v 0.165618 -0.000000 -0.071359
v 0.165618 -0.000000 -0.062968
v 0.165618 2.123727 -0.062968
v 0.165618 2.123727 -0.071359
v 0.154672 -0.000000 -0.036542
v 0.148739 -0.000000 -0.030609
v 0.148739 2.123727 -0.030609
v 0.154672 2.123727 -0.036542
v 0.122313 -0.000000 -0.019663
v 0.113922 -0.000000 -0.019663
v 0.113922 2.123727 -0.019663
v 0.122313 2.123727 -0.019663
v 0.087496 -0.000000 -0.030609
v 0.081563 -0.000000 -0.036542
v 0.081563 2.123727 -0.036542
v 0.087496 2.123727 -0.030609
v 0.070617 -0.000000 -0.062968
v 0.070617 -0.000000 -0.071359
v 0.070617 2.123727 -0.071359
v 0.070617 2.123727 -0.062968
v 0.081563 -0.000000 -0.097785
v 0.087496 -0.000000 -0.103718
v 0.087496 2.123727 -0.103718
v 0.081563 2.123727 -0.097785
v 0.399505 -0.000000 -0.114664
v 0.407896 -0.000000 -0.114664
v 0.407896 2.123727 -0.114664
v 0.399505 2.123727 -0.114664
v 0.434321 -0.000000 -0.103718
v 0.440255 -0.000000 -0.097785
v 0.440255 2.123727 -0.097785
v 0.434321 2.123727 -0.103718
v 0.451201 -0.000000 -0.071359
v 0.451201 -0.000000 -0.062968
v 0.451201 2.123727 -0.062968
v 0.451201 2.123727 -0.071359
v 0.440255 -0.000000 -0.036542
v 0.434321 -0.000000 -0.030609
v 0.434321 2.123727 -0.030609
v 0.440255 2.123727 -0.036542
v 0.407896 -0.000000 -0.019663
v 0.399505 -0.000000 -0.019663
v 0.399505 2.123727 -0.019663
v 0.407896 2.123727 -0.019663
v 0.373079 -0.000000 -0.030609
v 0.367145 -0.000000 -0.036542
v 0.367145 2.123727 -0.036542
v 0.373079 2.123727 -0.030609
v 0.356200 -0.000000 -0.062968
v 0.356200 -0.000000 -0.071359
v 0.356200 2.123727 -0.071359
v 0.356200 2.123727 -0.062968
v 0.367145 -0.000000 -0.097785
v 0.373079 -0.000000 -0.103718
v 0.373079 2.123727 -0.103718
v 0.367145 2.123727 -0.097785
v -0.517824 -0.000119 0.011152
v -0.517824 0.004422 0.015694
v -0.522365 0.004422 0.011152
v -0.517824 0.178422 0.015694
v -0.517824 0.182964 0.011152
v -0.522365 0.178422 0.011152
v -0.517824 -0.000119 -0.121265
v -0.522365 0.004422 -0.121265
v -0.517824 0.004422 -0.125807
v -0.517824 0.182964 -0.121265
v -0.517824 0.178422 -0.125807
v -0.522365 0.178422 -0.121265
v 0.522911 -0.000119 0.011152
v 0.527452 0.004422 0.011152
v 0.522911 0.004422 0.015694
v 0.522911 0.182964 0.011152
v 0.522911 0.178422 0.015694
v 0.527452 0.178422 0.011152
v 0.522911 -0.000119 -0.121265
v 0.522911 0.004422 -0.125807
v 0.527452 0.004422 -0.121265
v 0.522911 0.182964 -0.121265
v 0.527452 0.178422 -0.121265
v 0.522911 0.178422 -0.125807
v -0.517824 1.938852 0.011152
v -0.517824 1.943393 0.015694
v -0.522365 1.943393 0.011152
v -0.517824 2.117393 0.015694
v -0.517824 2.121935 0.011152
v -0.522365 2.117393 0.011152
v -0.517824 1.938852 -0.121265
v -0.522365 1.943393 -0.121265
v -0.517824 1.943393 -0.125807
v -0.517824 2.121935 -0.121265
v -0.517824 2.117393 -0.125807
v -0.522365 2.117393 -0.121265
v 0.522911 1.938852 0.011152
v 0.527452 1.943393 0.011152
v 0.522911 1.943393 0.015694
v 0.522911 2.121935 0.011152
v 0.522911 2.117393 0.015694
v 0.527452 2.117393 0.011152
v 0.522911 1.938852 -0.121265
v 0.522911 1.943393 -0.125807
v 0.527452 1.943393 -0.121265
v 0.522911 2.121935 -0.121265
v 0.527452 2.117393 -0.121265
v 0.522911 2.117393 -0.125807
v -0.517824 0.886424 0.011152
v -0.517824 0.890966 0.015694
v -0.522365 0.890966 0.011152
v -0.517824 1.064966 0.015694
v -0.517824 1.069507 0.011152
v -0.522365 1.064966 0.011152
v -0.517824 0.886424 -0.121265
v -0.522365 0.890966 -0.121265
v -0.517824 0.890966 -0.125807
v -0.517824 1.069507 -0.121265
v -0.517824 1.064966 -0.125807
v -0.522365 1.064966 -0.121265
v 0.522911 0.886424 0.011152
v 0.527452 0.890966 0.011152
v 0.522911 0.890966 0.015694
v 0.522911 1.069507 0.011152
v 0.522911 1.064966 0.015694
v 0.527452 1.064966 0.011152
v 0.522911 0.886424 -0.121265
v 0.522911 0.890966 -0.125807
v 0.527452 0.890966 -0.121265
v 0.522911 1.069507 -0.121265
v 0.527452 1.064966 -0.121265
v 0.522911 1.064966 -0.125807
v 0.378015 0.987860 0.100639
v 0.373631 0.983462 0.106696
v 0.373631 1.053378 0.106696
v 0.378015 1.048980 0.100639
v 0.438936 0.987860 0.100639
v 0.443319 0.983462 0.106696
v 0.443319 1.053378 0.106696
v 0.438936 1.048980 0.100639
v 0.350473 1.076611 0.117332
v 0.354420 1.072651 0.110661
v 0.354420 0.964188 0.110661
v 0.350473 0.960229 0.117332
v 0.462530 0.964188 0.110661
v 0.466477 0.960229 0.117332
v 0.466477 1.076611 0.117332
v 0.462530 1.072651 0.110661
v 0.373631 0.983462 -0.219515
v 0.378015 0.987860 -0.213458
v 0.378015 1.048980 -0.213458
v 0.373631 1.053378 -0.219515
v 0.443319 0.983462 -0.219515
v 0.438936 0.987860 -0.213458
v 0.438936 1.048980 -0.213458
v 0.443319 1.053378 -0.219515
v 0.354420 1.072651 -0.223480
v 0.350473 1.076611 -0.230151
v 0.350473 0.960229 -0.230151
v 0.354420 0.964188 -0.223480
v 0.466477 0.960229 -0.230151
v 0.462530 0.964188 -0.223480
v 0.462530 1.072651 -0.223480
v 0.466477 1.076611 -0.230151
v 0.339218 1.048077 0.110660
v 0.334162 1.050241 0.117334
v 0.334151 1.018420 0.110660
v 0.328728 1.018420 0.117335
v 0.339218 0.988762 0.110660
v 0.334162 0.986599 0.117334
v 0.440193 0.943865 0.117334
v 0.438036 0.948936 0.110661
v 0.408475 0.938413 0.117335
v 0.408475 0.943853 0.110660
v 0.376757 0.943865 0.117334
v 0.378914 0.948936 0.110661
v 0.376757 1.092975 0.117334
v 0.378914 1.087903 0.110661
v 0.408475 1.098427 0.117335
v 0.408475 1.092987 0.110660
v 0.440193 1.092975 0.117334
v 0.438036 1.087903 0.110661
v 0.482788 1.050241 0.117334
v 0.477732 1.048077 0.110660
v 0.488223 1.018420 0.117335
v 0.482799 1.018420 0.110660
v 0.482788 0.986599 0.117334
v 0.477732 0.988762 0.110660
v 0.369448 1.035132 0.100639
v 0.363830 1.037538 0.106697
v 0.366592 1.018420 0.100639
v 0.360562 1.018420 0.106698
v 0.369448 1.001707 0.100639
v 0.363830 0.999302 0.106697
v 0.427531 0.973630 0.106697
v 0.425133 0.979265 0.100639
v 0.408475 0.970351 0.106697
v 0.408475 0.976400 0.100639
v 0.389419 0.973630 0.106697
v 0.391817 0.979265 0.100639
v 0.389419 1.063210 0.106697
v 0.391817 1.057575 0.100639
v 0.408475 1.066488 0.106697
v 0.408475 1.060439 0.100639
v 0.427531 1.063210 0.106697
v 0.425133 1.057575 0.100639
v 0.453121 1.037538 0.106697
v 0.447503 1.035132 0.100639
v 0.456389 1.018420 0.106698
v 0.450358 1.018420 0.100639
v 0.453121 0.999302 0.106697
v 0.447503 1.001707 0.100639
v 0.354460 1.072611 0.110627
v 0.360593 1.066458 0.108171
v 0.360593 0.970381 0.108171
v 0.354460 0.964229 0.110627
v 0.456357 0.970381 0.108171
v 0.462490 0.964229 0.110627
v 0.462490 1.072611 0.110627
v 0.456357 1.066458 0.108171
v 0.334162 1.050241 -0.230152
v 0.339218 1.048077 -0.223479
v 0.328728 1.018420 -0.230154
v 0.334151 1.018420 -0.223478
v 0.334162 0.986599 -0.230152
v 0.339218 0.988762 -0.223479
v 0.438036 0.948936 -0.223479
v 0.440193 0.943865 -0.230152
v 0.408475 0.943853 -0.223479
v 0.408475 0.938413 -0.230153
v 0.378914 0.948936 -0.223479
v 0.376757 0.943865 -0.230152
v 0.378914 1.087903 -0.223479
v 0.376757 1.092975 -0.230152
v 0.408475 1.092987 -0.223479
v 0.408475 1.098427 -0.230153
v 0.438036 1.087903 -0.223479
v 0.440193 1.092975 -0.230152
v 0.477732 1.048077 -0.223479
v 0.482788 1.050241 -0.230152
v 0.482799 1.018420 -0.223478
v 0.488223 1.018420 -0.230154
v 0.477732 0.988762 -0.223479
v 0.482788 0.986599 -0.230152
v 0.363830 1.037538 -0.219516
v 0.369448 1.035132 -0.213457
v 0.360562 1.018420 -0.219516
v 0.366592 1.018420 -0.213457
v 0.363830 0.999302 -0.219516
v 0.369448 1.001707 -0.213457
v 0.425133 0.979265 -0.213458
v 0.427531 0.973630 -0.219515
v 0.408475 0.976400 -0.213458
v 0.408475 0.970351 -0.219516
v 0.391817 0.979265 -0.213458
v 0.389419 0.973630 -0.219515
v 0.391817 1.057575 -0.213458
v 0.389419 1.063210 -0.219515
v 0.408475 1.060439 -0.213457
v 0.408475 1.066488 -0.219516
v 0.425133 1.057575 -0.213458
v 0.427531 1.063210 -0.219515
v 0.447503 1.035132 -0.213457
v 0.453121 1.037538 -0.219516
v 0.450358 1.018420 -0.213457
v 0.456389 1.018420 -0.219516
v 0.447503 1.001707 -0.213457
v 0.453121 0.999302 -0.219516
v 0.360593 1.066458 -0.220990
v 0.354460 1.072611 -0.223445
v 0.354460 0.964229 -0.223445
v 0.360593 0.970381 -0.220990
v 0.462490 0.964229 -0.223445
v 0.456357 0.970381 -0.220990
v 0.456357 1.066458 -0.220990
v 0.462490 1.072611 -0.223445
v 0.339267 1.048056 0.110627
v 0.347128 1.044690 0.108171
v 0.342641 1.018420 0.108171
v 0.334202 1.018420 0.110628
v 0.347128 0.992150 0.108171
v 0.339267 0.988784 0.110627
v 0.378935 0.948987 0.110627
v 0.382290 0.956871 0.108171
v 0.408475 0.952369 0.108171
v 0.408475 0.943906 0.110627
v 0.434660 0.956871 0.108171
v 0.438015 0.948987 0.110627
v 0.438015 1.087853 0.110627
v 0.434660 1.079968 0.108171
v 0.408475 1.084471 0.108171
v 0.408475 1.092934 0.110627
v 0.382290 1.079968 0.108171
v 0.378935 1.087853 0.110627
v 0.477683 0.988784 0.110627
v 0.469822 0.992150 0.108171
v 0.474310 1.018420 0.108171
v 0.482748 1.018420 0.110628
v 0.469822 1.044690 0.108171
v 0.477683 1.048056 0.110627
v 0.347128 1.044690 -0.220990
v 0.339267 1.048056 -0.223446
v 0.334202 1.018420 -0.223447
v 0.342641 1.018420 -0.220990
v 0.339267 0.988784 -0.223446
v 0.347128 0.992150 -0.220990
v 0.382290 0.956871 -0.220990
v 0.378935 0.948987 -0.223446
v 0.408475 0.943906 -0.223446
v 0.408475 0.952369 -0.220990
v 0.438015 0.948987 -0.223446
v 0.434660 0.956871 -0.220990
v 0.434660 1.079968 -0.220990
v 0.438015 1.087853 -0.223446
v 0.408475 1.092934 -0.223446
v 0.408475 1.084471 -0.220990
v 0.378935 1.087853 -0.223446
v 0.382290 1.079968 -0.220990
v 0.469822 0.992150 -0.220990
v 0.477683 0.988784 -0.223446
v 0.482748 1.018420 -0.223447
v 0.474310 1.018420 -0.220990
v 0.477683 1.048056 -0.223446
v 0.469822 1.044690 -0.220990
vn -0.0000 -0.0000 1.0000
vn 1.0000 -0.0000 -0.0000
vn 0.3827 -0.0000 -0.9239
vn -0.0000 1.0000 -0.0000
vn -1.0000 -0.0000 -0.0000
vn -0.0000 -0.0000 -1.0000
vn -0.3827 -0.0000 -0.9239
vn 0.9239 -0.0000 0.3827
vn 0.3827 -0.0000 0.9239
vn -0.3827 -0.0000 0.9239
vn -0.9239 -0.0000 0.3827
vn -0.9239 -0.0000 -0.3827
vn 0.9239 -0.0000 -0.3827
vn -0.0000 -1.0000 -0.0000
vn -0.7588 -0.2862 -0.5851
vn -0.6757 -0.6737 -0.2993
vn -0.5700 -0.5683 -0.5934
vn -0.7696 -0.2941 0.5668
vn -0.9753 -0.0000 0.2208
vn -0.9111 -0.3470 0.2226
vn -0.7696 0.2941 0.5668
vn -0.8145 -0.0000 0.5801
vn -0.9885 -0.0000 -0.1513
vn -0.9240 -0.3508 -0.1520
vn -0.9111 0.3470 0.2226
vn -0.4455 -0.4440 0.7774
vn -0.5969 -0.5952 0.5380
vn -0.5149 -0.0000 0.8572
vn -0.4975 -0.2221 0.8385
vn -0.4455 0.4440 0.7774
vn -0.4975 0.2221 0.8385
vn -0.5969 0.5952 0.5380
vn -0.6901 0.6882 0.2238
vn -0.9240 0.3508 -0.1520
vn -0.2929 0.2919 -0.9105
vn -0.2366 0.6234 -0.7453
vn -0.1471 0.3891 -0.9094
vn -0.3900 -0.1466 -0.9091
vn -0.6705 -0.0000 -0.7419
vn -0.4189 -0.0000 -0.9080
vn 0.1472 -0.3892 -0.9093
vn -0.0000 -0.6696 -0.7427
vn -0.0000 -0.4182 -0.9083
vn -0.2927 -0.2918 -0.9106
vn -0.6245 -0.2356 -0.7446
vn -0.6901 -0.6882 0.2238
vn -0.6997 -0.6978 -0.1531
vn -0.0000 0.9568 -0.2908
vn -0.3537 0.9301 -0.0986
vn -0.3393 0.8934 -0.2944
vn 0.3537 0.9301 -0.0986
vn -0.0000 0.9952 -0.0974
vn -0.3555 0.9343 -0.0256
vn 0.3555 0.9343 -0.0256
vn -0.0000 0.9997 -0.0253
vn -0.3868 0.3856 -0.8377
vn -0.0617 0.1600 -0.9852
vn -0.1970 0.5183 -0.8322
vn 0.1970 0.5183 -0.8322
vn -0.0000 0.1766 -0.9843
vn 0.0617 0.1600 -0.9852
vn 0.8152 -0.0000 -0.5792
vn 0.8943 0.3375 -0.2937
vn 0.7588 0.2862 -0.5851
vn -0.6158 0.6141 -0.4936
vn -0.3525 0.9233 -0.1524
vn -0.3101 0.8148 -0.4898
vn 0.3393 0.8934 -0.2944
vn 0.7046 0.7025 -0.1002
vn 0.7079 0.7058 -0.0260
vn 0.7081 0.7061 -0.0060
vn 0.3556 0.9346 -0.0059
vn -0.0000 1.0000 -0.0058
vn -0.3556 0.9346 -0.0059
vn -0.7081 0.7061 -0.0060
vn -0.7079 0.7058 -0.0260
vn -0.7046 0.7025 -0.1002
vn -0.6757 0.6737 -0.2993
vn 0.9885 -0.0000 -0.1513
vn 0.9111 -0.3470 0.2226
vn 0.9240 -0.3508 -0.1520
vn 0.9111 0.3470 0.2226
vn 0.9753 -0.0000 0.2208
vn 0.7696 -0.2941 0.5668
vn 0.7696 0.2941 0.5668
vn 0.8145 -0.0000 0.5801
vn 0.6158 -0.6141 -0.4936
vn 0.3525 -0.9233 -0.1524
vn 0.3101 -0.8148 -0.4898
vn -0.8152 -0.0000 -0.5792
vn -0.8943 0.3375 -0.2937
vn -0.9571 -0.0000 -0.2899
vn 0.3905 -0.1466 -0.9088
vn 0.6701 -0.0000 -0.7422
vn 0.6249 -0.2356 -0.7443
vn -0.6757 -0.6737 0.2993
vn -0.7588 -0.2862 0.5851
vn -0.5700 -0.5683 0.5934
vn 0.9240 0.3508 -0.1520
vn 0.6901 0.6882 0.2238
vn 0.5969 0.5952 0.5380
vn 0.4455 0.4440 0.7774
vn 0.4975 0.2221 0.8385
vn 0.5149 -0.0000 0.8572
vn 0.4975 -0.2221 0.8385
vn 0.4455 -0.4440 0.7774
vn 0.5969 -0.5952 0.5380
vn 0.6901 -0.6882 0.2238
vn 0.6997 -0.6978 -0.1531
vn 0.2138 -0.2131 0.9534
vn -0.0000 -0.2181 0.9759
vn 0.2138 0.2131 0.9534
vn 0.2188 -0.0000 0.9758
vn -0.2138 -0.2131 0.9534
vn -0.2138 0.2131 0.9534
vn -0.2188 -0.0000 0.9758
vn 0.2230 -0.4964 0.8390
vn 0.2230 0.4963 0.8390
vn -0.0000 0.2181 0.9759
vn -0.2230 0.4963 0.8390
vn -0.2230 -0.4964 0.8390
vn -0.0000 -0.5139 0.8579
vn -0.0000 -0.9884 -0.1517
vn -0.3487 -0.9103 0.2231
vn -0.3525 -0.9233 -0.1524
vn 0.3487 -0.9103 0.2231
vn -0.0000 -0.9752 0.2214
vn -0.2955 -0.7684 0.5676
vn 0.2955 -0.7684 0.5676
vn -0.0000 -0.8138 0.5812
vn -0.2366 -0.6235 -0.7452
vn -0.4698 -0.4684 -0.7483
vn -0.0000 0.6697 -0.7426
vn -0.0000 0.4183 -0.9083
vn -0.1472 -0.3893 -0.9093
vn 0.2928 -0.2919 -0.9105
vn 0.4698 -0.4685 -0.7482
vn -0.0000 0.9884 -0.1517
vn 0.3487 0.9103 0.2231
vn 0.3525 0.9233 -0.1524
vn -0.3487 0.9103 0.2231
vn -0.0000 0.9752 0.2214
vn 0.2955 0.7684 0.5676
vn -0.2955 0.7684 0.5676
vn -0.0000 0.8138 0.5812
vn 0.2930 0.2920 -0.9104
vn 0.6246 0.2356 -0.7446
vn 0.3902 0.1466 -0.9090
vn 0.4184 -0.0000 -0.9082
vn 0.1471 0.3891 -0.9094
vn 0.2366 0.6234 -0.7453
vn -0.8159 0.3086 -0.4890
vn -0.0000 0.5139 0.8579
vn 0.6997 0.6978 -0.1531
vn -0.1605 0.0617 -0.9851
vn 0.0074 -0.0000 -1.0000
vn 0.0065 -0.0026 -1.0000
vn -0.1605 -0.0617 -0.9851
vn -0.1772 -0.0000 -0.9842
vn 0.0065 0.0026 -1.0000
vn -0.1611 -0.0000 -0.9869
vn 0.0026 0.0065 -1.0000
vn -0.0000 -0.1607 -0.9870
vn -0.0564 -0.1506 -0.9870
vn -0.2876 0.7576 -0.5860
vn -0.5700 0.5683 -0.5934
vn -0.8943 -0.3375 -0.2938
vn -0.0000 -0.8143 -0.5804
vn 0.3393 -0.8934 -0.2944
vn 0.2876 -0.7576 -0.5860
vn -0.2876 -0.7576 -0.5860
vn -0.3393 -0.8934 -0.2944
vn -0.1162 -0.1160 -0.9864
vn -0.0045 0.0045 -1.0000
vn 0.1511 -0.0561 -0.9869
vn 0.1145 -0.1140 -0.9869
vn 0.2367 -0.6234 -0.7452
vn -0.8159 -0.3086 -0.4890
vn -0.8744 -0.0000 -0.4852
vn -0.6158 -0.6141 -0.4936
vn 0.0045 0.0045 -1.0000
vn -0.1145 -0.1140 -0.9869
vn -0.1162 0.1160 -0.9864
vn 0.0045 -0.0045 -1.0000
vn -0.0617 -0.1600 -0.9852
vn -0.0000 0.0074 -1.0000
vn 0.0617 -0.1600 -0.9852
vn -0.0000 -0.1766 -0.9843
vn -0.0026 0.0065 -1.0000
vn -0.0026 -0.0065 -1.0000
vn -0.0000 0.1607 -0.9870
vn 0.0564 0.1507 -0.9870
vn -0.3868 -0.3856 -0.8377
vn -0.5196 -0.1963 -0.8316
vn -0.0000 0.5605 -0.8282
vn -0.0000 -0.9568 -0.2908
vn 0.7588 -0.2862 -0.5851
vn 0.6757 -0.6737 -0.2993
vn 0.8943 -0.3375 -0.2937
vn 0.1162 -0.1160 -0.9864
vn -0.0045 -0.0045 -1.0000
vn 0.1511 0.0561 -0.9869
vn -0.0065 -0.0026 -1.0000
vn -0.0000 -0.8738 -0.4863
vn -0.3101 -0.8148 -0.4898
vn -0.1511 -0.0561 -0.9869
vn -0.0000 -0.0074 -1.0000
vn 0.0026 -0.0065 -1.0000
vn -0.0065 0.0026 -1.0000
vn 0.1611 -0.0000 -0.9869
vn 0.6757 0.6737 -0.2993
vn 0.5700 0.5683 -0.5934
vn -0.0000 0.8143 -0.5804
vn 0.5700 -0.5683 -0.5934
vn -0.1511 0.0561 -0.9869
vn -0.1145 0.1140 -0.9869
vn -0.6248 0.2356 -0.7444
vn -0.4699 0.4685 -0.7481
vn -0.0000 0.8738 -0.4863
vn 0.3101 0.8148 -0.4898
vn 0.6158 0.6141 -0.4936
vn -0.3900 0.1464 0.9091
vn -0.6706 -0.0000 0.7419
vn -0.4191 -0.0000 0.9080
vn 0.1162 0.1160 -0.9864
vn 0.1605 -0.0617 -0.9851
vn -0.0074 -0.0000 -1.0000
vn 0.1605 0.0617 -0.9851
vn 0.1772 -0.0000 -0.9842
vn 0.0065 -0.0026 1.0000
vn -0.1611 -0.0000 0.9869
vn 0.0074 -0.0000 1.0000
vn 0.3868 -0.3856 -0.8377
vn 0.1970 -0.5183 -0.8322
vn -0.0564 0.1506 -0.9870
vn 0.9571 -0.0000 -0.2899
vn 0.2876 0.7576 -0.5860
vn 0.1145 0.1140 -0.9869
vn 0.8159 0.3086 -0.4890
vn 0.8744 -0.0000 -0.4852
vn 0.8159 -0.3086 -0.4890
vn 0.4700 0.4685 -0.7481
vn 0.0564 -0.1506 -0.9870
vn -0.9309 -0.3518 -0.0984
vn -0.9309 0.3518 -0.0984
vn -0.9953 -0.0000 -0.0971
vn -0.9351 -0.3536 -0.0255
vn -0.9351 0.3536 -0.0255
vn -0.9997 -0.0000 -0.0252
vn -0.5618 -0.0000 -0.8273
vn -0.5196 0.1963 -0.8316
vn -0.9353 0.3538 -0.0059
vn -1.0000 -0.0000 -0.0058
vn -0.9353 -0.3538 -0.0059
vn -0.7081 -0.7061 -0.0060
vn -0.7079 -0.7058 -0.0260
vn -0.7046 -0.7025 -0.1002
vn 0.9309 0.3518 -0.0984
vn 0.9309 -0.3518 -0.0984
vn 0.9953 -0.0000 -0.0971
vn 0.9351 0.3536 -0.0255
vn 0.9351 -0.3536 -0.0255
vn 0.9997 -0.0000 -0.0252
vn 0.3868 0.3856 -0.8377
vn 0.5196 0.1963 -0.8316
vn 0.5618 -0.0000 -0.8273
vn 0.5196 -0.1963 -0.8316
vn 0.7046 -0.7025 -0.1002
vn 0.7079 -0.7058 -0.0260
vn 0.7081 -0.7061 -0.0060
vn 0.9353 -0.3538 -0.0059
vn 1.0000 -0.0000 -0.0058
vn 0.9353 0.3538 -0.0059
vn 0.3537 -0.9301 -0.0986
vn -0.3537 -0.9301 -0.0986
vn -0.0000 -0.9952 -0.0974
vn 0.3555 -0.9343 -0.0256
vn -0.3555 -0.9343 -0.0256
vn -0.0000 -0.9997 -0.0253
vn -0.0000 -0.5605 -0.8282
vn -0.1970 -0.5183 -0.8322
vn -0.7588 0.2862 -0.5851
vn -0.3556 -0.9346 -0.0059
vn -0.0000 -1.0000 -0.0058
vn 0.3556 -0.9346 -0.0059
vn -0.7696 -0.2941 -0.5668
vn -0.9753 -0.0000 -0.2208
vn -0.8145 -0.0000 -0.5801
vn -0.9111 -0.3470 -0.2226
vn -0.9885 -0.0000 0.1513
vn -0.7696 0.2941 -0.5668
vn -0.9111 0.3470 -0.2226
vn -0.4455 -0.4440 -0.7774
vn -0.4975 -0.2221 -0.8385
vn -0.5969 -0.5952 -0.5380
vn -0.6901 -0.6882 -0.2238
vn -0.9240 -0.3508 0.1520
vn -0.2932 -0.2922 0.9103
vn -0.2365 -0.6234 0.7453
vn -0.1471 -0.3891 0.9094
vn -0.0000 -0.6697 0.7427
vn 0.1471 -0.3891 0.9094
vn -0.0000 -0.4183 0.9083
vn -0.3895 -0.1462 0.9094
vn -0.2930 0.2920 0.9104
vn -0.6245 0.2355 0.7447
vn -0.9240 0.3508 0.1520
vn -0.6901 0.6882 -0.2238
vn -0.5969 0.5952 -0.5380
vn -0.4455 0.4440 -0.7774
vn -0.4975 0.2221 -0.8385
vn -0.5149 -0.0000 -0.8572
vn -0.3537 0.9301 0.0986
vn -0.0000 0.9568 0.2908
vn -0.3393 0.8934 0.2944
vn -0.3555 0.9343 0.0256
vn -0.0000 0.9952 0.0974
vn 0.3537 0.9301 0.0986
vn 0.3393 0.8934 0.2944
vn 0.3555 0.9343 0.0256
vn 0.6757 -0.6737 0.2993
vn 0.2876 -0.7576 0.5860
vn 0.5700 -0.5683 0.5934
vn -0.7046 0.7025 0.1002
vn -0.6757 0.6737 0.2993
vn -0.7079 0.7058 0.0260
vn -0.7081 0.7061 0.0060
vn -0.3556 0.9346 0.0059
vn -0.0000 0.9997 0.0253
vn 0.3556 0.9346 0.0059
vn 0.7081 0.7061 0.0060
vn 0.7079 0.7058 0.0260
vn 0.7046 0.7025 0.1002
vn 0.6757 0.6737 0.2993
vn 0.1605 0.0617 0.9851
vn 0.3868 0.3856 0.8377
vn 0.5196 0.1963 0.8316
vn 0.8943 0.3375 0.2937
vn 0.8152 -0.0000 0.5792
vn 0.7588 0.2862 0.5851
vn 0.1970 0.5183 0.8322
vn -0.0000 0.1766 0.9843
vn -0.0000 0.5605 0.8282
vn 0.9111 -0.3470 -0.2226
vn 0.9885 -0.0000 0.1513
vn 0.9240 -0.3508 0.1520
vn 0.7696 -0.2941 -0.5668
vn 0.9753 -0.0000 -0.2208
vn 0.9111 0.3470 -0.2226
vn 0.9240 0.3508 0.1520
vn 0.7696 0.2941 -0.5668
vn 0.2930 0.2919 0.9105
vn 0.2366 0.6234 0.7453
vn 0.1471 0.3891 0.9094
vn 0.6901 -0.6882 -0.2238
vn 0.6997 -0.6978 0.1531
vn 0.5969 -0.5952 -0.5380
vn 0.4455 -0.4440 -0.7774
vn 0.5149 -0.0000 -0.8572
vn 0.8145 -0.0000 -0.5801
vn 0.4455 0.4440 -0.7774
vn 0.5969 0.5952 -0.5380
vn 0.6901 0.6882 -0.2238
vn 0.6997 0.6978 0.1531
vn 0.6158 0.6141 0.4936
vn 0.3525 0.9233 0.1524
vn 0.3101 0.8148 0.4898
vn 0.3903 -0.1466 0.9089
vn 0.6701 -0.0000 0.7422
vn 0.4184 -0.0000 0.9082
vn -0.8152 -0.0000 0.5792
vn -0.8943 0.3375 0.2937
vn -0.7588 0.2862 0.5851
vn 0.2138 -0.2131 -0.9534
vn 0.2188 -0.0000 -0.9758
vn -0.2138 -0.2131 -0.9534
vn -0.0000 -0.2181 -0.9759
vn 0.2138 0.2131 -0.9534
vn -0.2138 0.2131 -0.9534
vn -0.0000 0.2181 -0.9759
vn 0.4975 -0.2221 -0.8385
vn 0.2230 -0.4964 -0.8390
vn -0.2230 -0.4964 -0.8390
vn -0.0000 -0.5139 -0.8579
vn -0.2188 -0.0000 -0.9758
vn -0.2230 0.4964 -0.8390
vn -0.0000 0.5139 -0.8579
vn 0.2230 0.4964 -0.8390
vn 0.4975 0.2221 -0.8385
vn -0.3487 -0.9103 -0.2231
vn -0.0000 -0.9884 0.1517
vn -0.3525 -0.9233 0.1524
vn -0.2955 -0.7684 -0.5676
vn -0.0000 -0.9752 -0.2214
vn 0.3487 -0.9103 -0.2231
vn 0.3525 -0.9233 0.1524
vn 0.2955 -0.7684 -0.5676
vn -0.6158 -0.6141 0.4936
vn -0.6997 -0.6978 0.1531
vn -0.0000 -0.8138 -0.5812
vn 0.2930 -0.2919 0.9105
vn 0.6247 -0.2356 0.7444
vn -0.0000 0.6697 0.7427
vn -0.1471 0.3891 0.9094
vn -0.0000 0.4183 0.9083
vn 0.3487 0.9103 -0.2231
vn -0.0000 0.9884 0.1517
vn 0.2955 0.7684 -0.5676
vn -0.0000 0.9752 -0.2214
vn -0.3487 0.9103 -0.2231
vn -0.3525 0.9233 0.1524
vn -0.2955 0.7684 -0.5676
vn 0.6248 0.2356 0.7444
vn 0.3904 0.1466 0.9089
vn -0.0000 0.8138 -0.5812
vn -0.6997 0.6978 0.1531
vn -0.2366 0.6234 0.7453
vn -0.1605 0.0617 0.9851
vn -0.1772 -0.0000 0.9842
vn 0.0065 0.0026 1.0000
vn -0.1605 -0.0617 0.9851
vn 0.0026 0.0065 1.0000
vn -0.0000 -0.1607 0.9870
vn -0.0000 0.0074 1.0000
vn -0.2876 0.7576 0.5860
vn -0.5700 0.5683 0.5934
vn -0.1162 0.1160 0.9864
vn 0.0045 0.0045 1.0000
vn -0.0564 -0.1506 0.9870
vn -0.3101 -0.8148 0.4898
vn -0.8159 0.3086 0.4890
vn -0.8159 -0.3086 0.4890
vn 0.2366 -0.6234 0.7453
vn -0.0045 0.0045 1.0000
vn 0.1511 -0.0561 0.9869
vn -0.0065 0.0026 1.0000
vn -0.1162 -0.1160 0.9864
vn -0.2876 -0.7576 0.5860
vn 0.3393 -0.8934 0.2944
vn -0.0000 -0.8143 0.5804
vn -0.8943 -0.3375 0.2937
vn -0.0617 -0.1600 0.9852
vn -0.0000 -0.1766 0.9843
vn -0.0026 0.0065 1.0000
vn 0.0617 -0.1600 0.9852
vn -0.0026 -0.0065 1.0000
vn -0.0000 0.1607 0.9870
vn -0.0000 -0.0074 1.0000
vn -0.1511 -0.0561 0.9869
vn -0.6241 -0.2354 0.7450
vn -0.0000 -0.8738 0.4863
vn 0.3101 -0.8148 0.4898
vn 0.6158 -0.6141 0.4936
vn 0.1511 0.0561 0.9869
vn -0.0045 -0.0045 1.0000
vn -0.0065 -0.0026 1.0000
vn 0.1162 -0.1160 0.9864
vn 0.7588 -0.2862 0.5851
vn -0.3393 -0.8934 0.2944
vn -0.1970 0.5183 0.8322
vn 0.0617 0.1600 0.9852
vn 0.0026 -0.0065 1.0000
vn -0.0617 0.1600 0.9852
vn 0.1611 -0.0000 0.9869
vn -0.0074 -0.0000 1.0000
vn 0.5700 0.5683 0.5934
vn 0.1162 0.1160 0.9864
vn 0.8159 0.3086 0.4890
vn -0.0000 0.8738 0.4863
vn -0.3101 0.8148 0.4898
vn -0.6158 0.6141 0.4936
vn 0.0045 -0.0045 1.0000
vn -0.1511 0.0561 0.9869
vn -0.3868 0.3856 0.8377
vn -0.5196 0.1963 0.8316
vn -0.0000 0.8143 0.5804
vn 0.2876 0.7576 0.5860
vn 0.1605 -0.0617 0.9851
vn 0.1772 -0.0000 0.9842
vn 0.0564 -0.1506 0.9870
vn 0.8159 -0.3086 0.4890
vn 0.8744 -0.0000 0.4852
vn -0.3904 0.1466 -0.9089
vn 0.0564 0.1506 0.9870
vn 0.8943 -0.3375 0.2937
vn -0.0564 0.1506 0.9870
vn -0.9309 -0.3518 0.0984
vn -0.9571 -0.0000 0.2899
vn -0.9351 -0.3536 0.0255
vn -0.9953 -0.0000 0.0971
vn -0.9309 0.3518 0.0984
vn -0.9351 0.3536 0.0255
vn -0.3868 -0.3856 0.8377
vn -0.5196 -0.1963 0.8316
vn -0.7046 -0.7025 0.1002
vn -0.7079 -0.7058 0.0260
vn -0.7081 -0.7061 0.0060
vn -0.9353 -0.3538 0.0059
vn -0.9997 -0.0000 0.0252
vn -0.9353 0.3538 0.0059
vn -0.5618 -0.0000 0.8273
vn 0.9309 0.3518 0.0984
vn 0.9571 -0.0000 0.2899
vn 0.9351 0.3536 0.0255
vn 0.9953 -0.0000 0.0971
vn 0.9309 -0.3518 0.0984
vn 0.9351 -0.3536 0.0255
vn 0.9353 0.3538 0.0059
vn 0.9997 -0.0000 0.0252
vn 0.9353 -0.3538 0.0059
vn 0.7081 -0.7061 0.0060
vn 0.7079 -0.7058 0.0260
vn 0.7046 -0.7025 0.1002
vn 0.3868 -0.3856 0.8376
vn 0.5196 -0.1963 0.8316
vn 0.5618 -0.0000 0.8273
vn 0.3537 -0.9301 0.0986
vn -0.0000 -0.9568 0.2908
vn 0.3555 -0.9343 0.0256
vn -0.0000 -0.9952 0.0974
vn -0.3537 -0.9301 0.0986
vn -0.3555 -0.9343 0.0256
vn 0.1970 -0.5183 0.8322
vn 0.3556 -0.9346 0.0059
vn -0.0000 -0.9997 0.0253
vn -0.3556 -0.9346 0.0059
vn -0.1970 -0.5183 0.8322
vn -0.0000 -0.5605 0.8282
vn -0.5774 -0.5774 0.5773
vn -0.5774 0.5774 0.5773
vn -0.5774 -0.5774 -0.5773
vn -0.5774 0.5774 -0.5773
vn 0.5773 -0.5774 0.5774
vn 0.5773 0.5774 0.5774
vn 0.5773 -0.5774 -0.5774
vn 0.5773 0.5774 -0.5774
vn -0.5774 -0.5773 0.5773
vn -0.5774 0.5773 0.5773
vn -0.5774 -0.5773 -0.5773
vn -0.5774 0.5773 -0.5773
vn 0.5774 -0.5773 0.5774
vn 0.5774 0.5773 0.5774
vn 0.5774 -0.5773 -0.5774
vn -0.5774 0.5773 0.5774
vn -0.5773 -0.5774 -0.5774
vn -0.5774 0.5773 -0.5774
vn 0.5774 0.5773 -0.5774
vn -0.5774 -0.5773 0.5774
vn -0.7071 -0.7071 -0.0000
vn -0.7071 -0.0000 0.7071
vn -0.7071 0.7071 -0.0000
vn -0.7071 -0.0000 -0.7071
vn -0.0000 -0.7071 -0.7071
vn -0.0000 0.7071 -0.7071
vn 0.7071 -0.0000 -0.7071
vn 0.7071 -0.7071 -0.0000
vn 0.7071 0.7071 -0.0000
vn 0.7071 -0.0000 0.7071
vn -0.0000 -0.7071 0.7071
vn -0.0000 0.7071 0.7071
vn -0.4700 0.4685 0.7481
vn -0.8744 -0.0000 0.4852
vn -0.4701 -0.4686 0.7479
vn 0.4700 -0.4685 0.7481
vn 0.4700 0.4684 0.7481
vn -0.1145 0.1140 0.9869
vn -0.1145 -0.1141 0.9869
vn 0.1145 -0.1141 0.9869
vn 0.1145 0.1140 0.9869
vn -0.6997 0.6978 -0.1531
vn -0.0000 1.0000 0.0058
vn -1.0000 -0.0000 0.0058
vn 1.0000 -0.0000 0.0058
vn -0.0000 -1.0000 0.0058
vt 0.982974 0.607238
vt 0.678065 0.199773
vt 0.982974 0.199773
vt 0.962202 0.607238
vt 0.698837 0.199773
vt 0.962202 0.199773
vt 0.058864 0.978690
vt 0.070666 0.009051
vt 0.058864 0.009051
vt 0.678065 0.535188
vt 0.982974 0.271823
vt 0.982974 0.535188
vt 0.698837 0.607238
vt 0.698837 0.199773
vt 0.678065 0.607238
vt 0.982974 0.199773
vt 0.678065 0.199773
vt 0.043315 0.978690
vt 0.055117 0.009051
vt 0.043315 0.009051
vt 0.078204 0.978690
vt 0.073316 0.009051
vt 0.078204 0.009051
vt 0.070666 0.978690
vt 0.058864 0.009051
vt 0.070666 0.009051
vt 0.055117 0.978690
vt 0.043315 0.009051
vt 0.055117 0.009051
vt 0.040665 0.978690
vt 0.035777 0.009051
vt 0.040665 0.009051
vt 0.035777 0.978690
vt 0.040665 0.009051
vt 0.035777 0.009051
vt 0.186406 0.978690
vt 0.198208 0.009051
vt 0.186406 0.009051
vt 0.073316 0.978690
vt 0.078204 0.009051
vt 0.073316 0.009051
vt 0.170857 0.978690
vt 0.182659 0.009051
vt 0.170857 0.009051
vt 0.205746 0.978690
vt 0.200858 0.009051
vt 0.205746 0.009051
vt 0.198208 0.978690
vt 0.186406 0.009051
vt 0.198208 0.009051
vt 0.182659 0.978690
vt 0.170857 0.009051
vt 0.182659 0.009051
vt 0.168207 0.978690
vt 0.163319 0.009051
vt 0.168207 0.009051
vt 0.163319 0.978690
vt 0.168207 0.009051
vt 0.163319 0.009051
vt 0.313948 0.978690
vt 0.325750 0.009051
vt 0.313948 0.009051
vt 0.200858 0.978690
vt 0.205746 0.009051
vt 0.200858 0.009051
vt 0.298399 0.978690
vt 0.310201 0.009051
vt 0.298399 0.009051
vt 0.333288 0.978690
vt 0.328400 0.009051
vt 0.333288 0.009051
vt 0.325750 0.978690
vt 0.313948 0.009051
vt 0.325750 0.009051
vt 0.310201 0.978690
vt 0.298399 0.009051
vt 0.310201 0.009051
vt 0.295749 0.978690
vt 0.290861 0.009051
vt 0.295749 0.009051
vt 0.290861 0.978690
vt 0.295749 0.009051
vt 0.290861 0.009051
vt 0.441490 0.978690
vt 0.453292 0.009051
vt 0.441490 0.009051
vt 0.328400 0.978690
vt 0.333288 0.009051
vt 0.328400 0.009051
vt 0.425941 0.978690
vt 0.437743 0.009051
vt 0.425941 0.009051
vt 0.460830 0.978690
vt 0.455942 0.009051
vt 0.460830 0.009051
vt 0.453292 0.978690
vt 0.441490 0.009051
vt 0.453292 0.009051
vt 0.437743 0.978690
vt 0.425941 0.009051
vt 0.437743 0.009051
vt 0.423291 0.978690
vt 0.418403 0.009051
vt 0.423291 0.009051
vt 0.418403 0.978690
vt 0.423291 0.009051
vt 0.418403 0.009051
vt 0.618762 0.982935
vt 0.019139 0.906642
vt 0.019139 0.982935
vt 0.455942 0.978690
vt 0.460830 0.009051
vt 0.455942 0.009051
vt 0.492856 0.090514
vt 0.028061 0.011070
vt 0.492856 0.011070
vt 0.494884 0.090514
vt 0.494885 0.011070
vt 0.494884 0.011070
vt 0.019139 0.982935
vt 0.618762 0.906642
vt 0.026033 0.090514
vt 0.026033 0.011070
vt 0.026033 0.011070
vt 0.028061 0.090514
vt 0.492856 0.011070
vt 0.028061 0.011070
vt 0.492856 0.975798
vt 0.028061 0.896354
vt 0.492856 0.896354
vt 0.494885 0.975798
vt 0.494885 0.896354
vt 0.494884 0.896354
vt 0.026033 0.975798
vt 0.026033 0.896354
vt 0.026033 0.896354
vt 0.028061 0.975798
vt 0.492856 0.896354
vt 0.028061 0.896354
vt 0.492856 0.495287
vt 0.028061 0.415843
vt 0.492856 0.415843
vt 0.494885 0.495287
vt 0.494884 0.415843
vt 0.494885 0.415843
vt 0.764142 0.804702
vt 0.772955 0.791303
vt 0.766729 0.784918
vt 0.026033 0.495287
vt 0.026033 0.415843
vt 0.026033 0.415843
vt 0.028061 0.495287
vt 0.028061 0.415843
vt 0.727039 0.790399
vt 0.710150 0.826021
vt 0.715908 0.785126
vt 0.727039 0.861642
vt 0.721375 0.826021
vt 0.703294 0.826021
vt 0.707306 0.778701
vt 0.715908 0.866916
vt 0.752624 0.770451
vt 0.743958 0.761562
vt 0.740751 0.826021
vt 0.744721 0.793051
vt 0.752624 0.881591
vt 0.744721 0.858990
vt 0.743958 0.890479
vt 0.734648 0.900028
vt 0.707306 0.873341
vt 0.716470 0.918673
vt 0.759377 0.925947
vt 0.759471 0.925790
vt 0.709529 0.777472
vt 0.707892 0.826021
vt 0.708016 0.826021
vt 0.854136 0.726251
vt 0.806804 0.724568
vt 0.806804 0.724701
vt 0.716470 0.733369
vt 0.709379 0.777378
vt 0.709529 0.777472
vt 0.734648 0.752013
vt 0.724039 0.741133
vt 0.806804 0.869339
vt 0.789117 0.866368
vt 0.787916 0.867697
vt 0.824491 0.866368
vt 0.806804 0.868557
vt 0.787916 0.867697
vt 0.825691 0.867697
vt 0.762414 0.871549
vt 0.781888 0.881985
vt 0.783280 0.876848
vt 0.830328 0.876848
vt 0.806804 0.884602
vt 0.831719 0.881985
vt 0.850076 0.826021
vt 0.847438 0.845393
vt 0.849466 0.847340
vt 0.707273 0.928106
vt 0.760668 0.928072
vt 0.755391 0.934034
vt 0.825691 0.867697
vt 0.838518 0.858549
vt 0.840653 0.860738
vt 0.850716 0.871059
vt 0.828760 0.871059
vt 0.806804 0.871059
vt 0.784848 0.871059
vt 0.762892 0.871059
vt 0.772955 0.860738
vt 0.775090 0.858549
vt 0.910314 0.826021
vt 0.897699 0.785126
vt 0.906302 0.778701
vt 0.897699 0.866916
vt 0.903458 0.826021
vt 0.886569 0.790399
vt 0.886569 0.861642
vt 0.892233 0.826021
vt 0.906335 0.723935
vt 0.852940 0.723969
vt 0.858217 0.718007
vt 0.763531 0.826021
vt 0.766170 0.845393
vt 0.764569 0.826021
vt 0.904079 0.777472
vt 0.905715 0.826021
vt 0.904228 0.777378
vt 0.774356 0.792740
vt 0.762100 0.806428
vt 0.771889 0.790210
vt 0.906302 0.873341
vt 0.878960 0.900028
vt 0.869650 0.890479
vt 0.860984 0.881591
vt 0.868887 0.858990
vt 0.872856 0.826021
vt 0.868887 0.793051
vt 0.860984 0.770451
vt 0.869650 0.761562
vt 0.878960 0.752013
vt 0.889568 0.741133
vt 0.841062 0.790883
vt 0.806804 0.826021
vt 0.806804 0.788995
vt 0.841062 0.861158
vt 0.842903 0.826021
vt 0.772545 0.790883
vt 0.772545 0.861158
vt 0.770705 0.826021
vt 0.838949 0.762345
vt 0.838949 0.889697
vt 0.806804 0.863046
vt 0.774659 0.889697
vt 0.774659 0.762345
vt 0.806804 0.758273
vt 0.806804 0.719854
vt 0.766932 0.732793
vt 0.760668 0.723969
vt 0.846676 0.732793
vt 0.806804 0.726886
vt 0.772074 0.744209
vt 0.841534 0.744209
vt 0.806804 0.738399
vt 0.716470 0.733369
vt 0.759377 0.726094
vt 0.716216 0.733108
vt 0.806804 0.927473
vt 0.806804 0.927341
vt 0.759471 0.726251
vt 0.759377 0.726094
vt 0.897138 0.733369
vt 0.904228 0.777378
vt 0.897391 0.733109
vt 0.806804 0.932187
vt 0.846676 0.919249
vt 0.852940 0.928072
vt 0.766932 0.919249
vt 0.806804 0.925155
vt 0.841534 0.907833
vt 0.772073 0.907833
vt 0.806804 0.913642
vt 0.897138 0.918673
vt 0.904228 0.874664
vt 0.904079 0.874569
vt 0.904079 0.874569
vt 0.905715 0.826021
vt 0.905591 0.826021
vt 0.854136 0.925790
vt 0.806804 0.927473
vt 0.854231 0.925947
vt 0.707273 0.928106
vt 0.701493 0.878753
vt 0.806804 0.893768
vt 0.889568 0.910909
vt 0.752240 0.851575
vt 0.734898 0.826021
vt 0.738599 0.857473
vt 0.752240 0.800466
vt 0.749688 0.826021
vt 0.738599 0.794568
vt 0.725921 0.826021
vt 0.776138 0.756066
vt 0.806804 0.743059
vt 0.771030 0.746482
vt 0.786018 0.869777
vt 0.766729 0.867124
vt 0.766170 0.806649
vt 0.764142 0.804701
vt 0.806804 0.781638
vt 0.825691 0.784344
vt 0.827590 0.782264
vt 0.786018 0.782264
vt 0.787916 0.784344
vt 0.761990 0.780057
vt 0.861791 0.769623
vt 0.884350 0.789330
vt 0.870847 0.760334
vt 0.854231 0.726094
vt 0.854136 0.726251
vt 0.701493 0.773289
vt 0.701493 0.878753
vt 0.700108 0.826021
vt 0.707273 0.723935
vt 0.751817 0.769623
vt 0.771030 0.746482
vt 0.742760 0.760334
vt 0.761990 0.871984
vt 0.751817 0.882419
vt 0.781888 0.770057
vt 0.806804 0.752270
vt 0.831719 0.770057
vt 0.806804 0.767439
vt 0.837470 0.756066
vt 0.837470 0.895976
vt 0.806804 0.908982
vt 0.842578 0.905559
vt 0.762414 0.780492
vt 0.757247 0.801893
vt 0.783280 0.876848
vt 0.806804 0.878236
vt 0.806804 0.781638
vt 0.806804 0.782702
vt 0.849466 0.804701
vt 0.840653 0.791303
vt 0.847438 0.806649
vt 0.851618 0.780057
vt 0.861791 0.882419
vt 0.884350 0.862711
vt 0.875009 0.857473
vt 0.906335 0.723935
vt 0.858217 0.718007
vt 0.806804 0.716587
vt 0.755391 0.718007
vt 0.707273 0.723935
vt 0.729258 0.789330
vt 0.806804 0.899772
vt 0.776138 0.895976
vt 0.875009 0.794568
vt 0.887687 0.826021
vt 0.884350 0.789330
vt 0.849466 0.847340
vt 0.840653 0.860738
vt 0.846879 0.867124
vt 0.806804 0.870403
vt 0.806804 0.870403
vt 0.827590 0.782264
vt 0.846879 0.784918
vt 0.729258 0.862711
vt 0.742760 0.891708
vt 0.716470 0.918673
vt 0.709379 0.874664
vt 0.716216 0.918933
vt 0.755391 0.934034
vt 0.806804 0.935454
vt 0.858217 0.934034
vt 0.906335 0.928106
vt 0.727607 0.860692
vt 0.721753 0.826021
vt 0.721811 0.826021
vt 0.851618 0.871984
vt 0.861368 0.800466
vt 0.878710 0.826021
vt 0.861368 0.851575
vt 0.863920 0.826021
vt 0.887687 0.826021
vt 0.741771 0.854491
vt 0.731467 0.826021
vt 0.737013 0.826021
vt 0.851194 0.780492
vt 0.830328 0.775194
vt 0.771030 0.905559
vt 0.850076 0.826021
vt 0.849039 0.826021
vt 0.827590 0.869777
vt 0.842577 0.905559
vt 0.870847 0.891708
vt 0.906335 0.928106
vt 0.912115 0.878753
vt 0.912115 0.878753
vt 0.913499 0.826021
vt 0.912115 0.773289
vt 0.897138 0.918672
vt 0.854231 0.925947
vt 0.897391 0.918933
vt 0.842577 0.746482
vt 0.767466 0.807880
vt 0.767466 0.844161
vt 0.765331 0.826021
vt 0.766170 0.806649
vt 0.766170 0.845393
vt 0.764569 0.826021
vt 0.757247 0.801893
vt 0.755893 0.826021
vt 0.757247 0.850149
vt 0.762414 0.871549
vt 0.762892 0.848540
vt 0.762892 0.826021
vt 0.762892 0.803501
vt 0.762892 0.780982
vt 0.772955 0.791303
vt 0.775090 0.793493
vt 0.846142 0.844161
vt 0.846142 0.807880
vt 0.848276 0.826021
vt 0.847438 0.806649
vt 0.849039 0.826021
vt 0.851194 0.871549
vt 0.856361 0.850149
vt 0.856361 0.850149
vt 0.857715 0.826021
vt 0.856361 0.801893
vt 0.838518 0.793493
vt 0.840653 0.791303
vt 0.850716 0.780982
vt 0.850716 0.803501
vt 0.850716 0.826021
vt 0.850716 0.848540
vt 0.824491 0.785673
vt 0.789117 0.785673
vt 0.806804 0.783484
vt 0.787916 0.784344
vt 0.806804 0.782702
vt 0.851194 0.780492
vt 0.830328 0.775194
vt 0.806804 0.773805
vt 0.783280 0.775194
vt 0.764142 0.847340
vt 0.784848 0.780982
vt 0.806804 0.780982
vt 0.828760 0.780982
vt 0.706959 0.778545
vt 0.707200 0.826021
vt 0.702925 0.826021
vt 0.713136 0.783880
vt 0.711440 0.826021
vt 0.706959 0.873496
vt 0.713136 0.868161
vt 0.698444 0.714880
vt 0.698444 0.770451
vt 0.723765 0.740851
vt 0.732449 0.749758
vt 0.717835 0.786930
vt 0.744993 0.762623
vt 0.772976 0.744733
vt 0.773001 0.744792
vt 0.806804 0.738786
vt 0.840607 0.744792
vt 0.806804 0.738848
vt 0.727607 0.791350
vt 0.744993 0.889418
vt 0.727551 0.860716
vt 0.727607 0.860692
vt 0.717835 0.865111
vt 0.732449 0.902283
vt 0.723765 0.911191
vt 0.698444 0.937161
vt 0.698444 0.881591
vt 0.698444 0.826021
vt 0.789466 0.866606
vt 0.806804 0.871645
vt 0.789037 0.868578
vt 0.787960 0.867727
vt 0.806804 0.869194
vt 0.824142 0.866606
vt 0.824570 0.868579
vt 0.825648 0.867727
vt 0.839252 0.792740
vt 0.825906 0.780170
vt 0.841719 0.790210
vt 0.775414 0.858216
vt 0.774356 0.859301
vt 0.772996 0.860696
vt 0.806804 0.869419
vt 0.840612 0.860696
vt 0.838193 0.858216
vt 0.839252 0.859301
vt 0.861802 0.850098
vt 0.846677 0.866917
vt 0.857893 0.848387
vt 0.848297 0.844243
vt 0.854761 0.826021
vt 0.851508 0.845613
vt 0.828610 0.878420
vt 0.806804 0.886557
vt 0.806804 0.882255
vt 0.900472 0.783880
vt 0.902168 0.826021
vt 0.895772 0.786930
vt 0.906649 0.778545
vt 0.906408 0.826021
vt 0.900472 0.868161
vt 0.895772 0.865111
vt 0.906649 0.873496
vt 0.868615 0.889418
vt 0.840632 0.907308
vt 0.840607 0.907249
vt 0.881158 0.749758
vt 0.876399 0.754640
vt 0.889843 0.740851
vt 0.915163 0.714880
vt 0.915163 0.826021
vt 0.910683 0.826021
vt 0.915163 0.937161
vt 0.889843 0.911191
vt 0.881158 0.902283
vt 0.876399 0.897401
vt 0.873440 0.894367
vt 0.844916 0.917272
vt 0.843262 0.913514
vt 0.886001 0.791350
vt 0.891855 0.826021
vt 0.891797 0.826021
vt 0.758847 0.826021
vt 0.765311 0.844243
vt 0.762100 0.845613
vt 0.860984 0.770451
vt 0.806804 0.826021
vt 0.860984 0.826021
vt 0.806804 0.770451
vt 0.860984 0.881591
vt 0.752624 0.881591
vt 0.806804 0.881591
vt 0.915163 0.770451
vt 0.860984 0.714881
vt 0.752624 0.714881
vt 0.806804 0.714881
vt 0.752624 0.826021
vt 0.752624 0.937161
vt 0.806804 0.937161
vt 0.860984 0.937161
vt 0.915163 0.881591
vt 0.765718 0.729949
vt 0.806804 0.728210
vt 0.768691 0.734769
vt 0.760516 0.723614
vt 0.806804 0.723861
vt 0.847890 0.729949
vt 0.844916 0.734769
vt 0.853092 0.723614
vt 0.740167 0.757674
vt 0.737209 0.754640
vt 0.806804 0.719476
vt 0.868615 0.762623
vt 0.886057 0.791325
vt 0.806804 0.738786
vt 0.806804 0.913255
vt 0.773001 0.907249
vt 0.806804 0.913193
vt 0.847890 0.922092
vt 0.806804 0.923832
vt 0.853092 0.928427
vt 0.806804 0.928180
vt 0.765718 0.922092
vt 0.768691 0.917272
vt 0.760516 0.928427
vt 0.886057 0.860716
vt 0.868615 0.889418
vt 0.886001 0.860692
vt 0.806804 0.932565
vt 0.737209 0.897401
vt 0.772976 0.907308
vt 0.744993 0.889418
vt 0.773001 0.907249
vt 0.840607 0.907249
vt 0.806804 0.913255
vt 0.806804 0.913193
vt 0.886001 0.860692
vt 0.891797 0.826021
vt 0.751806 0.850098
vt 0.747782 0.826021
vt 0.741771 0.797551
vt 0.751806 0.801944
vt 0.779046 0.759319
vt 0.806804 0.748749
vt 0.806804 0.754439
vt 0.787701 0.871872
vt 0.771889 0.861832
vt 0.763879 0.870047
vt 0.756047 0.773961
vt 0.776839 0.754016
vt 0.740167 0.757674
vt 0.770346 0.738528
vt 0.721500 0.863414
vt 0.721500 0.788627
vt 0.840632 0.744733
vt 0.868615 0.762623
vt 0.840607 0.744792
vt 0.857561 0.773961
vt 0.877005 0.795288
vt 0.871836 0.797551
vt 0.763879 0.781994
vt 0.787701 0.780170
vt 0.771889 0.790210
vt 0.824570 0.783463
vt 0.806804 0.776833
vt 0.825906 0.780170
vt 0.765311 0.807798
vt 0.758847 0.826021
vt 0.762100 0.806428
vt 0.783329 0.769612
vt 0.806804 0.765484
vt 0.834562 0.759319
vt 0.830278 0.769612
vt 0.834562 0.892722
vt 0.806804 0.903292
vt 0.806804 0.897603
vt 0.762100 0.845613
vt 0.771889 0.861832
vt 0.736602 0.795288
vt 0.727551 0.791325
vt 0.770346 0.738528
vt 0.806804 0.732172
vt 0.843262 0.738528
vt 0.806804 0.732172
vt 0.873440 0.757674
vt 0.843262 0.738528
vt 0.877005 0.856754
vt 0.857561 0.878080
vt 0.871836 0.854491
vt 0.849729 0.781994
vt 0.851508 0.806428
vt 0.841719 0.790210
vt 0.789037 0.783463
vt 0.787701 0.780170
vt 0.784998 0.878420
vt 0.806804 0.882255
vt 0.830279 0.882430
vt 0.806804 0.903292
vt 0.779046 0.892722
vt 0.783329 0.882430
vt 0.882140 0.826021
vt 0.876595 0.826021
vt 0.851508 0.845613
vt 0.841719 0.861832
vt 0.849729 0.870047
vt 0.729258 0.862711
vt 0.873440 0.894367
vt 0.892108 0.863414
vt 0.843262 0.913514
vt 0.806804 0.919870
vt 0.770346 0.913514
vt 0.806804 0.919870
vt 0.740167 0.894367
vt 0.756047 0.878080
vt 0.736602 0.856754
vt 0.766931 0.866917
vt 0.755715 0.848387
vt 0.806804 0.875208
vt 0.787701 0.871872
vt 0.806804 0.875208
vt 0.825906 0.871872
vt 0.861802 0.801944
vt 0.865826 0.826021
vt 0.836768 0.754016
vt 0.873440 0.757674
vt 0.892108 0.788627
vt 0.892108 0.788627
vt 0.898305 0.826021
vt 0.709528 0.874569
vt 0.707892 0.826021
vt 0.709379 0.874664
vt 0.836768 0.898025
vt 0.770346 0.913514
vt 0.848297 0.807798
vt 0.776839 0.898025
vt 0.767234 0.808238
vt 0.762321 0.826021
vt 0.766141 0.806693
vt 0.764711 0.826021
vt 0.767234 0.843803
vt 0.766141 0.845348
vt 0.766930 0.785124
vt 0.755715 0.803655
vt 0.775414 0.793826
vt 0.772996 0.791345
vt 0.764491 0.826021
vt 0.766931 0.866917
vt 0.784998 0.878420
vt 0.751975 0.826021
vt 0.755715 0.803655
vt 0.751975 0.826021
vt 0.846374 0.843803
vt 0.851287 0.826021
vt 0.847467 0.845348
vt 0.848897 0.826021
vt 0.846374 0.808238
vt 0.847467 0.806693
vt 0.825906 0.871872
vt 0.841719 0.861832
vt 0.849116 0.826021
vt 0.840612 0.791345
vt 0.838193 0.793826
vt 0.846677 0.785124
vt 0.857893 0.803655
vt 0.857893 0.803655
vt 0.861633 0.826021
vt 0.861633 0.826021
vt 0.824142 0.785435
vt 0.806804 0.780397
vt 0.825648 0.784315
vt 0.806804 0.782847
vt 0.789466 0.785435
vt 0.787960 0.784315
vt 0.846677 0.785124
vt 0.828610 0.773621
vt 0.806804 0.782623
vt 0.766931 0.785124
vt 0.784998 0.773621
vt 0.784998 0.773621
vt 0.806804 0.769786
vt 0.828610 0.773621
vt 0.678065 0.194173
vt 0.672466 0.199773
vt 0.678065 0.612838
vt 0.672466 0.607238
vt 0.678065 0.535188
vt 0.672466 0.535188
vt 0.678065 0.540788
vt 0.698837 0.194173
vt 0.693237 0.199773
vt 0.982974 0.612838
vt 0.988574 0.607238
vt 0.982974 0.540788
vt 0.988574 0.535188
vt 0.962202 0.612838
vt 0.967802 0.607238
vt 0.019139 0.904025
vt 0.016523 0.906642
vt 0.028061 0.092587
vt 0.026033 0.090514
vt 0.016523 0.982935
vt 0.019139 0.985551
vt 0.028061 0.092587
vt 0.621379 0.906642
vt 0.618762 0.904025
vt 0.492856 0.092587
vt 0.494885 0.090514
vt 0.618762 0.985551
vt 0.621379 0.982935
vt 0.494885 0.092587
vt 0.028061 0.894281
vt 0.026033 0.896354
vt 0.019139 0.904025
vt 0.019139 0.906642
vt 0.026033 0.894281
vt 0.019139 0.985551
vt 0.494885 0.894281
vt 0.618762 0.904025
vt 0.492856 0.894281
vt 0.618762 0.985551
vt 0.028061 0.413769
vt 0.028061 0.495287
vt 0.028061 0.497360
vt 0.026033 0.495287
vt 0.026033 0.413769
vt 0.028061 0.497360
vt 0.494885 0.413769
vt 0.494885 0.415843
vt 0.492856 0.497360
vt 0.494885 0.495287
vt 0.492856 0.413769
vt 0.494885 0.497360
vt 0.678065 0.271823
vt 0.672466 0.271823
vt 0.678065 0.271823
vt 0.672466 0.607238
vt 0.962202 0.194173
vt 0.698837 0.612838
vt 0.693237 0.607238
vt 0.982974 0.194173
vt 0.078204 0.978690
vt 0.073316 0.978690
vt 0.058864 0.978690
vt 0.182659 0.978690
vt 0.198208 0.978690
vt 0.200858 0.978690
vt 0.186406 0.978690
vt 0.168207 0.978690
vt 0.310201 0.978690
vt 0.325750 0.978690
vt 0.313948 0.978690
vt 0.298399 0.978690
vt 0.290861 0.978690
vt 0.295749 0.978690
vt 0.437743 0.978690
vt 0.453292 0.978690
vt 0.460830 0.978690
vt 0.455942 0.978690
vt 0.441490 0.978690
vt 0.425941 0.978690
vt 0.418403 0.978690
vt 0.423291 0.978690
vt 0.026033 0.092587
vt 0.026033 0.092587
vt 0.492856 0.092587
vt 0.026033 0.975798
vt 0.028061 0.894281
vt 0.492856 0.975798
vt 0.494885 0.975798
vt 0.492856 0.894281
vt 0.026033 0.497360
vt 0.026033 0.497360
vt 0.026033 0.495287
vt 0.028061 0.413769
vt 0.492856 0.497360
vt 0.492856 0.495287
vt 0.494885 0.497360
vt 0.492856 0.413769
vt 0.709379 0.777378
vt 0.716216 0.733109
vt 0.701493 0.773289
vt 0.897391 0.733109
vt 0.854231 0.726094
vt 0.806804 0.716587
vt 0.755391 0.718007
vt 0.716216 0.918933
vt 0.759377 0.925947
vt 0.858217 0.934034
vt 0.897391 0.918933
vt 0.904228 0.874663
vt 0.912115 0.773289
vt 0.766729 0.867124
vt 0.757247 0.850149
vt 0.755893 0.826021
vt 0.786018 0.782264
vt 0.783280 0.775194
vt 0.766729 0.784918
vt 0.806804 0.878236
vt 0.827590 0.869777
vt 0.830328 0.876848
vt 0.846879 0.867124
vt 0.857715 0.826021
vt 0.856361 0.801893
vt 0.846879 0.784918
vt 0.721500 0.863414
vt 0.744947 0.889465
vt 0.715303 0.826021
vt 0.727551 0.860716
vt 0.715303 0.826021
vt 0.727551 0.791325
vt 0.721500 0.788627
vt 0.744947 0.762576
vt 0.868661 0.762576
vt 0.840632 0.744733
vt 0.744947 0.762576
vt 0.744947 0.889465
vt 0.772976 0.907308
vt 0.840632 0.907308
vt 0.868661 0.889465
vt 0.868661 0.889465
vt 0.886057 0.860716
vt 0.886057 0.791325
vt 0.868661 0.762576
vt 0.708016 0.826021
vt 0.742760 0.760334
vt 0.709529 0.874569
vt 0.806804 0.724701
vt 0.842577 0.746482
vt 0.870847 0.760334
vt 0.806804 0.927341
vt 0.771030 0.905559
vt 0.854136 0.925790
vt 0.884350 0.862711
vt 0.870847 0.891708
vt 0.904079 0.777472
vt 0.736602 0.856754
vt 0.752011 0.882220
vt 0.752011 0.769822
vt 0.776839 0.754016
vt 0.861597 0.769822
vt 0.836768 0.898025
vt 0.776839 0.898025
vt 0.861597 0.882220
vt 0.877005 0.795288
vt 0.877005 0.856754
vt 0.861597 0.882220
vt 0.724039 0.910909
vt 0.672466 0.535188
vt 0.672466 0.199773
vt 0.967802 0.199773
vt 0.019139 0.904025
s 0
usemtl Door03
f 355/1/1 340/2/1 353/3/1
f 361/4/2 352/5/2 359/6/2
f 365/7/3 367/8/3 364/9/3
f 348/10/4 354/11/4 360/12/4
f 344/13/5 346/6/5 341/14/5
f 349/15/6 358/16/6 347/17/6
f 393/18/7 363/19/7 392/20/7
f 373/21/8 375/22/8 372/23/8
f 377/24/9 379/25/9 376/26/9
f 381/27/10 383/28/10 380/29/10
f 385/30/11 387/31/11 384/32/11
f 389/33/12 391/34/12 388/35/12
f 397/36/3 399/37/3 396/38/3
f 369/39/13 371/40/13 368/41/13
f 425/42/7 395/43/7 424/44/7
f 405/45/8 407/46/8 404/47/8
f 409/48/9 411/49/9 408/50/9
f 413/51/10 415/52/10 412/53/10
f 417/54/11 419/55/11 416/56/11
f 421/57/12 423/58/12 420/59/12
f 429/60/3 431/61/3 428/62/3
f 401/63/13 403/64/13 400/65/13
f 457/66/7 427/67/7 456/68/7
f 437/69/8 439/70/8 436/71/8
f 441/72/9 443/73/9 440/74/9
f 445/75/10 447/76/10 444/77/10
f 449/78/11 451/79/11 448/80/11
f 453/81/12 455/82/12 452/83/12
f 461/84/3 463/85/3 460/86/3
f 433/87/13 435/88/13 432/89/13
f 489/90/7 459/91/7 488/92/7
f 469/93/8 471/94/8 468/95/8
f 473/96/9 475/97/9 472/98/9
f 477/99/10 479/100/10 476/101/10
f 481/102/11 483/103/11 480/104/11
f 485/105/12 487/106/12 484/107/12
f 509/108/14 491/109/14 497/110/14
f 465/111/13 467/112/13 464/113/13
f 507/114/1 492/115/1 505/116/1
f 513/117/2 504/118/2 511/119/2
f 533/108/14 515/109/14 521/110/14
f 500/120/4 506/121/4 512/108/4
f 496/122/5 498/123/5 493/124/5
f 501/125/6 510/126/6 499/127/6
f 531/128/1 516/129/1 529/130/1
f 537/131/2 528/132/2 535/133/2
f 557/108/14 539/109/14 545/110/14
f 524/120/4 530/121/4 536/108/4
f 520/134/5 522/135/5 517/136/5
f 525/137/6 534/138/6 523/139/6
f 555/140/1 540/141/1 553/142/1
f 561/143/2 552/144/2 559/145/2
s 1
f 623/146/15 69/147/16 563/148/17
s 0
f 548/120/4 554/121/4 560/108/4
f 544/149/5 546/150/5 541/151/5
f 549/152/6 558/142/6 547/153/6
s 1
f 129/154/18 133/155/19 132/156/20
f 131/157/21 133/155/19 130/158/22
f 132/156/20 136/159/23 135/160/24
f 134/161/25 136/159/23 133/155/19
f 1/162/26 129/154/18 19/163/27
f 21/164/28 129/154/18 20/165/29
f 21/164/28 131/157/21 130/158/22
f 2/166/30 131/157/21 22/167/31
f 23/168/32 134/161/25 131/157/21
f 24/169/33 137/170/34 134/161/25
f 643/171/35 608/172/36 724/173/37
f 712/174/38 597/175/39 710/176/40
f 718/177/41 604/178/42 716/179/43
f 646/180/44 599/181/45 712/182/38
f 18/183/46 135/160/24 17/184/47
f 19/163/27 132/156/20 18/183/46
f 139/185/48 141/186/49 138/187/50
f 139/185/48 143/188/51 142/189/52
f 142/189/52 144/190/53 141/186/49
f 142/189/52 146/191/54 145/185/55
f 565/192/56 197/193/57 631/194/58
f 635/195/59 196/196/60 195/197/61
f 640/198/62 216/199/63 638/200/64
f 571/201/65 176/202/66 607/203/67
f 140/204/68 62/205/69 143/188/51
f 143/188/51 63/206/70 146/191/54
f 146/191/54 8/207/71 57/208/72
f 145/185/55 57/208/72 56/209/73
f 145/185/55 55/210/74 144/190/53
f 144/190/53 5/211/75 64/212/76
f 141/186/49 64/212/76 65/213/77
f 138/187/50 65/213/77 66/212/78
f 148/214/79 150/215/80 147/216/81
f 148/214/79 152/217/82 151/218/83
f 151/218/83 153/219/84 150/215/80
f 151/218/83 155/220/85 154/221/86
f 576/222/87 167/223/88 601/224/89
f 621/225/90 209/226/91 208/227/92
f 725/228/93 616/229/94 618/230/95
f 125/231/96 680/232/97 580/233/98
f 149/234/99 30/235/100 152/217/82
f 152/217/82 31/236/101 155/220/85
f 155/220/85 4/237/102 32/238/103
f 155/220/85 33/239/104 154/221/86
f 153/219/84 33/239/104 34/240/105
f 153/219/84 3/241/106 26/242/107
f 150/215/80 26/242/107 27/243/108
f 147/216/81 27/243/108 28/244/109
f 156/245/110 160/246/1 159/247/111
f 158/248/112 160/246/1 157/249/113
f 160/246/1 162/250/114 159/247/111
f 160/246/1 164/251/115 163/252/116
f 3/241/106 156/245/110 37/253/117
f 34/240/105 157/249/113 156/245/110
f 32/238/103 157/249/113 33/239/104
f 4/237/102 158/248/112 32/238/103
f 38/254/118 161/255/119 158/248/112
f 161/255/119 40/256/120 164/251/115
f 164/251/115 2/166/30 22/167/31
f 163/252/116 22/167/31 21/164/28
f 163/252/116 20/165/29 162/250/114
f 162/250/114 1/162/26 35/257/121
f 159/247/111 35/257/121 36/258/122
f 37/253/117 159/247/111 36/258/122
f 166/259/123 168/260/124 165/261/125
f 166/259/123 170/262/126 169/263/127
f 169/263/127 171/264/128 168/260/124
f 169/263/127 173/265/129 172/266/130
f 646/267/44 606/268/131 573/269/132
f 724/173/37 610/270/133 722/271/134
f 713/272/135 604/178/42 606/273/131
f 648/274/136 618/275/95 575/276/137
f 167/223/88 27/243/108 170/262/126
f 170/262/126 26/242/107 173/265/129
f 173/265/129 3/241/106 37/253/117
f 173/265/129 36/258/122 172/266/130
f 171/264/128 36/258/122 35/257/121
f 171/264/128 1/162/26 19/163/27
f 168/260/124 19/163/27 18/183/46
f 165/261/125 18/183/46 17/184/47
f 175/277/138 177/278/139 174/279/140
f 175/277/138 179/280/141 178/281/142
f 178/281/142 180/282/143 177/278/139
f 178/281/142 182/283/144 181/284/145
f 649/285/146 614/286/147 730/287/148
f 730/288/148 616/289/94 728/290/149
f 719/291/150 610/292/133 612/293/151
f 137/170/34 571/294/65 596/295/152
f 176/202/66 24/169/33 179/280/141
f 179/280/141 23/168/32 182/283/144
f 182/283/144 2/166/30 40/256/120
f 182/283/144 39/296/153 181/284/145
f 180/282/143 39/296/153 38/254/118
f 180/282/143 4/237/102 31/236/101
f 177/278/139 31/236/101 30/235/100
f 174/279/140 30/235/100 29/297/154
f 183/298/155 187/299/156 186/300/157
f 185/301/158 187/299/156 184/302/159
f 188/303/160 709/304/161 187/299/156
f 192/305/162 715/306/163 714/307/164
f 632/308/165 66/212/78 566/309/166
f 621/225/90 207/310/167 623/311/15
f 628/312/168 225/313/169 626/314/170
f 630/315/171 69/147/16 227/316/172
f 43/317/173 188/303/160 185/301/158
f 46/318/174 726/319/175 647/320/176
f 648/274/136 602/321/177 718/322/41
f 136/159/23 600/323/178 135/160/24
f 136/159/23 596/324/152 598/325/179
f 574/326/180 165/261/125 17/184/47
f 44/327/181 714/328/164 645/329/182
f 42/330/183 186/300/157 41/331/184
f 189/332/185 193/333/186 192/305/162
f 191/334/187 193/333/186 190/335/188
f 194/336/189 715/306/163 193/333/186
f 198/337/190 721/338/191 720/339/192
f 564/340/193 185/301/158 624/341/194
f 631/342/58 196/196/60 633/343/195
f 628/344/168 227/316/172 226/345/196
f 642/346/197 70/347/198 218/348/199
f 45/349/200 194/336/189 191/334/187
f 47/350/201 729/351/202 206/352/203
f 576/353/87 147/216/81 28/244/109
f 601/354/89 166/259/123 603/355/204
f 605/356/205 166/259/123 165/261/125
f 135/160/24 574/357/180 17/184/47
f 44/327/181 711/358/206 188/303/160
f 43/317/173 192/305/162 44/327/181
f 195/197/61 199/359/207 198/337/190
f 197/193/57 199/359/207 196/196/60
f 200/360/208 721/338/191 199/359/207
f 204/361/209 727/362/210 726/363/175
f 638/364/64 61/365/211 570/366/212
f 634/367/213 140/204/68 139/185/48
f 634/368/213 138/187/50 632/308/165
f 626/369/170 70/347/198 567/370/214
f 42/330/183 200/360/208 197/193/57
f 41/331/184 708/371/215 644/372/216
f 643/373/35 595/374/217 572/375/218
f 607/376/67 175/277/138 609/377/219
f 611/378/220 175/277/138 174/279/140
f 577/379/221 174/279/140 29/297/154
f 732/380/222 654/381/223 733/382/224
f 48/383/225 198/337/190 47/350/201
f 201/384/226 205/385/227 204/361/209
f 203/386/228 205/385/227 202/387/229
f 206/352/203 727/388/210 205/385/227
f 289/389/230 734/390/231 291/391/232
f 568/392/233 191/334/187 625/393/234
f 41/331/184 723/394/235 200/360/208
f 640/395/62 218/348/199 217/396/236
f 636/397/237 61/365/211 140/204/68
f 48/383/225 206/352/203 203/386/228
f 47/350/201 720/398/192 650/399/238
f 577/400/221 149/234/99 613/401/239
f 613/402/239 148/214/79 615/403/240
f 617/404/241 148/214/79 147/216/81
f 649/405/146 612/406/151 578/407/242
f 46/318/174 717/408/243 194/336/189
f 45/349/200 204/361/209 46/318/174
f 208/227/92 210/409/244 207/310/167
f 208/227/92 212/410/245 211/411/246
f 211/411/246 213/412/247 210/409/244
f 211/411/246 215/413/248 214/414/249
f 564/340/193 189/332/185 43/317/173
f 624/415/194 184/302/159 622/416/250
f 620/417/251 184/302/159 183/298/155
f 565/418/56 183/298/155 42/330/183
f 209/226/91 65/213/77 212/410/245
f 212/410/245 64/212/76 215/413/248
f 215/413/248 5/211/75 49/419/252
f 214/414/249 49/419/252 50/420/253
f 214/414/249 51/421/254 213/412/247
f 213/412/247 6/422/255 67/423/256
f 210/409/244 67/423/256 68/424/257
f 207/310/167 68/424/257 69/147/16
f 217/396/236 219/425/258 216/199/63
f 217/396/236 221/426/259 220/427/260
f 220/427/260 222/199/261 219/425/258
f 220/427/260 224/428/262 223/429/263
f 569/430/264 203/386/228 637/431/265
f 637/432/265 202/387/229 639/433/266
f 641/434/267 202/387/229 201/384/226
f 569/430/264 195/197/61 48/383/225
f 218/348/199 71/435/268 221/426/259
f 221/426/259 72/436/269 224/428/262
f 224/428/262 7/437/270 60/438/271
f 223/429/263 60/438/271 59/439/272
f 223/429/263 58/440/273 222/199/261
f 222/199/261 8/207/71 63/206/70
f 219/425/258 63/206/70 62/205/69
f 216/199/63 62/205/69 61/365/211
f 226/345/196 228/441/274 225/313/169
f 226/345/196 230/442/275 229/443/276
f 229/443/276 231/313/277 228/441/274
f 229/443/276 233/444/278 232/445/279
f 568/446/233 201/384/226 45/349/200
f 625/447/234 190/335/188 627/448/280
f 629/449/281 190/335/188 189/332/185
f 619/450/282 66/212/78 209/226/91
f 227/316/172 68/424/257 230/442/275
f 230/442/275 67/423/256 233/444/278
f 233/444/278 6/422/255 54/451/283
f 232/445/279 54/451/283 53/452/284
f 232/445/279 52/453/285 231/313/277
f 231/313/277 7/437/270 72/436/269
f 228/441/274 72/436/269 71/435/268
f 225/313/169 71/435/268 70/347/198
f 234/454/286 238/455/287 237/456/288
f 235/457/289 239/458/290 238/455/287
f 238/455/287 240/459/291 237/456/288
f 239/458/290 241/460/292 238/455/287
f 9/461/293 234/454/286 76/462/294
f 75/463/295 235/457/289 234/454/286
f 74/464/296 236/465/297 235/457/289
f 701/466/298 661/467/299 738/468/300
f 659/469/301 741/470/302 739/471/303
f 654/381/223 735/472/304 733/382/224
f 700/473/305 652/474/306 732/475/222
f 242/476/307 80/477/308 241/460/292
f 241/460/292 79/478/309 240/459/291
f 240/459/291 10/479/310 78/480/311
f 77/481/312 240/459/291 78/480/311
f 234/454/286 77/481/312 76/462/294
f 244/482/313 246/483/314 243/484/315
f 245/485/316 247/486/317 244/482/313
f 246/483/314 250/487/318 249/488/319
f 247/486/317 251/489/320 250/487/318
f 126/490/321 681/491/322 584/492/323
f 121/493/324 243/484/315 122/494/325
f 120/495/326 244/482/313 121/493/324
f 13/211/327 245/485/316 120/495/326
f 111/210/328 248/496/329 245/485/316
f 248/496/329 113/208/330 251/489/320
f 251/489/320 16/207/331 119/497/332
f 250/487/318 119/497/332 118/498/333
f 249/488/319 118/498/333 117/499/334
f 310/500/335 586/501/336 694/502/337
f 321/503/338 695/504/339 693/505/340
f 692/506/341 302/507/342 690/508/343
f 253/509/344 255/510/345 252/511/346
f 254/512/347 256/513/348 253/509/344
f 255/510/345 259/514/349 258/515/350
f 256/513/348 260/516/351 259/514/349
f 706/517/352 667/518/353 744/519/354
f 83/520/355 252/511/346 84/521/356
f 82/522/357 253/509/344 83/520/355
f 11/523/358 254/512/347 82/522/357
f 254/512/347 89/524/359 257/525/360
f 89/524/359 260/516/351 257/525/360
f 260/516/351 12/526/361 87/527/362
f 259/514/349 87/527/362 86/528/363
f 258/515/350 86/528/363 85/529/364
f 594/530/365 279/531/366 668/532/367
f 750/533/368 671/534/369 751/535/370
f 678/536/371 318/537/372 676/538/373
f 261/539/374 265/540/6 264/541/375
f 263/162/376 265/540/6 262/542/377
f 265/540/6 267/543/378 264/541/375
f 265/540/6 269/544/379 268/545/380
f 11/523/358 261/539/374 90/546/381
f 93/547/382 262/542/377 261/539/374
f 91/548/383 262/542/377 92/549/384
f 9/461/293 263/162/376 91/548/383
f 76/462/294 266/550/385 263/162/376
f 266/550/385 78/480/311 269/544/379
f 269/544/379 10/479/310 96/551/386
f 268/545/380 96/551/386 95/552/387
f 268/545/380 94/553/388 267/543/378
f 267/543/378 12/526/361 88/554/389
f 264/541/375 88/554/389 89/524/359
f 90/546/381 264/541/375 89/524/359
f 271/555/390 273/556/391 270/557/392
f 272/558/393 274/559/394 271/555/390
f 273/556/391 277/560/395 276/561/396
f 274/559/394 278/562/397 277/560/395
f 589/563/398 236/465/297 73/564/399
f 74/464/296 270/557/392 73/564/399
f 75/463/295 271/555/390 74/464/296
f 9/461/293 272/558/393 75/463/295
f 272/558/393 92/549/384 275/565/400
f 92/549/384 278/562/397 275/565/400
f 278/562/397 11/523/358 82/522/357
f 277/560/395 82/522/357 83/520/355
f 276/561/396 83/520/355 84/521/356
f 703/566/401 673/567/402 750/533/368
f 738/468/300 659/568/301 739/471/303
f 665/569/403 747/570/404 745/571/405
f 280/572/406 282/573/407 279/531/366
f 281/574/408 283/575/409 280/572/406
f 282/573/407 286/576/410 285/577/411
f 283/575/409 287/578/412 286/576/410
f 669/579/413 706/580/352 753/581/414
f 86/528/363 279/531/366 85/529/364
f 87/527/362 280/572/406 86/528/363
f 12/526/361 281/574/408 87/527/362
f 281/574/408 95/552/387 284/582/415
f 95/552/387 287/578/412 284/582/415
f 287/578/412 10/479/310 79/478/309
f 286/576/410 79/478/309 80/477/308
f 285/577/411 80/477/308 81/583/416
f 663/584/417 700/585/305 747/586/404
f 744/587/354 665/588/403 745/589/405
f 671/534/369 753/590/414 751/591/370
f 288/592/418 291/391/232 290/593/419
f 734/390/231 293/594/420 291/391/232
f 291/391/232 292/595/421 290/593/419
f 295/596/422 740/597/423 297/598/424
f 122/494/325 687/599/425 581/600/426
f 98/601/427 289/389/230 288/592/418
f 100/602/428 737/603/429 295/596/422
f 589/604/398 270/557/392 662/605/430
f 239/458/290 651/606/431 242/476/307
f 655/607/432 239/458/290 236/465/297
f 657/608/433 703/609/401 741/610/302
f 102/611/434 749/612/435 307/613/436
f 293/594/420 99/614/437 292/595/421
f 685/615/438 125/231/96 580/616/98
f 330/617/439 683/618/440 681/619/322
f 312/620/441 678/621/371 680/622/97
f 294/623/442 297/598/424 296/624/443
f 740/597/423 299/625/444 297/598/424
f 297/598/424 298/626/445 296/624/443
f 301/627/446 746/628/447 303/629/448
f 676/630/373 122/494/325 581/631/426
f 99/614/437 295/596/422 294/623/442
f 736/632/449 100/602/428 293/594/420
f 656/633/450 701/466/298 735/472/304
f 662/634/430 273/556/391 660/635/451
f 273/556/391 658/636/452 660/637/451
f 276/561/396 591/638/453 658/639/452
f 754/640/454 103/641/455 311/642/456
f 299/625/444 101/643/457 298/626/445
f 697/644/458 126/490/321 584/645/323
f 683/618/440 336/646/459 685/647/438
f 302/507/342 688/648/460 690/649/343
f 300/650/461 303/629/448 302/507/342
f 746/651/447 305/652/462 303/629/448
f 303/629/448 304/653/463 302/507/342
f 307/613/436 752/654/464 309/655/465
f 117/499/334 693/656/340 585/657/466
f 104/658/467 301/627/446 300/650/461
f 186/300/157 709/304/161 708/659/215
f 258/515/350 594/660/365 670/661/468
f 668/662/367 282/573/407 666/663/469
f 282/573/407 664/664/470 666/665/469
f 242/476/307 588/666/471 81/583/416
f 97/667/472 731/668/473 289/389/230
f 305/652/462 98/601/427 304/653/463
f 582/669/474 288/592/418 675/670/475
f 243/484/315 689/671/476 687/672/425
f 689/673/476 249/488/319 691/674/477
f 306/675/478 309/655/465 308/676/479
f 752/654/464 311/642/456 309/655/465
f 309/655/465 310/500/335 308/676/479
f 586/501/336 300/650/461 692/506/341
f 101/643/457 307/613/436 306/675/478
f 742/677/480 102/611/434 299/625/444
f 591/678/453 252/511/346 674/679/481
f 674/680/481 255/510/345 672/681/482
f 255/510/345 670/661/468 672/681/482
f 707/682/483 597/683/39 595/684/217
f 103/641/455 743/685/484 301/627/446
f 311/642/456 104/658/467 310/500/335
f 285/577/411 588/666/471 664/686/470
f 695/504/339 327/687/485 697/644/458
f 748/688/486 97/667/472 305/652/462
f 313/689/487 315/690/488 312/620/441
f 314/691/489 316/692/490 313/689/487
f 315/690/488 319/693/491 318/537/372
f 316/692/490 320/694/492 319/693/491
f 292/595/421 579/695/493 679/696/494
f 124/697/495 312/620/441 125/231/96
f 123/698/496 313/689/487 124/697/495
f 14/422/497 314/691/489 123/698/496
f 107/421/498 317/699/499 314/691/489
f 317/699/499 105/419/500 320/694/492
f 320/694/492 13/211/327 120/495/326
f 319/693/491 120/495/326 121/493/324
f 318/537/372 121/493/324 122/494/325
f 304/653/463 582/700/474 688/701/460
f 675/670/475 290/593/419 677/702/501
f 290/593/419 679/703/494 677/704/501
f 322/705/502 324/706/503 321/503/338
f 323/707/504 325/708/505 322/705/502
f 324/706/503 328/709/506 327/687/485
f 325/708/505 329/710/507 328/709/506
f 691/711/477 117/499/334 585/712/466
f 118/498/333 321/503/338 117/499/334
f 119/497/332 322/705/502 118/498/333
f 16/207/331 323/707/504 119/497/332
f 114/440/508 326/713/509 323/707/504
f 326/713/509 116/438/510 329/710/507
f 329/710/507 15/437/511 128/714/512
f 328/709/506 128/714/512 127/715/513
f 327/687/485 127/715/513 126/490/321
f 583/716/514 306/675/478 698/717/515
f 698/718/515 308/676/479 696/719/516
f 308/676/479 694/502/337 696/720/516
f 331/721/517 333/722/518 330/617/439
f 332/723/519 334/724/520 331/721/517
f 333/722/518 337/725/521 336/646/459
f 334/724/520 338/726/522 337/725/521
f 298/626/445 583/727/514 682/728/523
f 127/715/513 330/617/439 126/490/321
f 128/714/512 331/721/517 127/715/513
f 15/437/511 332/723/519 128/714/512
f 108/453/524 335/729/525 332/723/519
f 335/729/525 110/451/526 338/726/522
f 338/726/522 14/422/497 123/698/496
f 337/725/521 123/698/496 124/697/495
f 336/646/459 124/697/495 125/231/96
f 579/730/493 294/623/442 686/731/527
f 686/732/527 296/624/443 684/733/528
f 296/624/443 682/734/523 684/733/528
s 0
f 339/735/529 340/2/529 341/736/529
f 342/15/530 343/737/530 344/738/530
f 345/739/531 346/740/531 347/741/531
f 348/10/532 349/741/532 350/740/532
f 351/742/533 352/5/533 353/743/533
f 354/744/534 355/1/534 356/745/534
f 357/12/535 358/746/535 359/747/535
f 360/748/536 361/4/536 362/749/536
f 491/109/537 492/750/537 493/751/537
f 494/125/538 495/752/538 496/753/538
f 497/110/539 498/754/539 499/755/539
f 500/756/540 501/125/540 502/753/540
f 503/121/541 504/757/541 505/758/541
f 506/759/542 507/114/542 508/760/542
f 509/108/543 510/761/543 511/762/543
f 512/763/536 513/117/536 514/760/536
f 515/764/537 516/129/537 517/765/537
f 518/766/544 519/767/544 520/751/544
f 521/768/545 522/135/545 523/765/545
f 524/120/546 525/769/546 526/754/546
f 527/770/541 528/132/541 529/132/541
f 530/121/542 531/771/542 532/757/542
f 533/772/535 534/138/535 535/132/535
f 536/108/547 537/762/547 538/773/547
f 539/774/548 540/141/548 541/151/548
f 542/775/538 543/776/538 544/777/538
f 545/778/545 546/150/545 547/151/545
f 548/779/532 549/152/532 550/777/532
f 551/780/533 552/144/533 553/781/533
f 554/782/534 555/140/534 556/783/534
f 557/784/535 558/142/535 559/781/535
f 560/785/536 561/143/536 562/783/536
f 339/786/549 346/740/549 345/739/549
f 342/15/550 341/736/550 340/2/550
f 348/10/551 344/787/551 343/788/551
f 347/17/552 350/789/552 349/15/552
f 345/739/553 358/746/553 357/12/553
f 360/12/554 349/741/554 348/10/554
f 359/6/555 362/749/555 361/4/555
f 357/790/556 352/5/556 351/742/556
f 354/791/557 361/4/557 360/748/557
f 353/743/558 356/13/558 355/792/558
f 351/793/559 340/2/559 339/735/559
f 343/737/560 355/1/560 354/744/560
f 366/27/6 364/9/6 363/19/6
f 368/41/555 370/24/555 369/39/555
f 372/23/2 374/794/2 373/21/2
f 376/26/558 378/795/558 377/24/558
f 380/29/1 382/796/1 381/27/1
f 384/32/550 386/18/550 385/30/550
f 388/35/5 390/33/5 389/33/5
f 392/20/552 394/30/552 393/18/552
f 398/797/6 396/38/6 395/43/6
f 400/65/555 402/798/555 401/63/555
f 404/47/2 406/45/2 405/45/2
f 408/50/558 410/799/558 409/48/558
f 412/53/1 414/800/1 413/51/1
f 416/56/550 418/42/550 417/54/550
f 420/59/5 422/57/5 421/57/5
f 424/44/552 426/801/552 425/42/552
f 430/802/6 428/62/6 427/67/6
f 432/89/555 434/803/555 433/87/555
f 436/71/2 438/69/2 437/69/2
f 440/74/558 442/87/558 441/72/558
f 444/77/1 446/804/1 445/75/1
f 448/80/550 450/805/550 449/78/550
f 452/83/5 454/806/5 453/81/5
f 456/68/552 458/807/552 457/66/552
f 462/808/6 460/86/6 459/91/6
f 464/113/555 466/809/555 465/111/555
f 468/95/2 470/810/2 469/93/2
f 472/98/558 474/811/558 473/96/558
f 476/101/1 478/812/1 477/99/1
f 480/104/550 482/813/550 481/102/550
f 484/107/5 486/814/5 485/105/5
f 488/92/552 490/815/552 489/90/552
f 491/109/549 498/754/549 497/110/549
f 494/125/550 493/124/550 492/115/550
f 500/816/551 496/122/551 495/817/551
f 499/127/552 502/753/552 501/125/552
f 497/110/553 510/761/553 509/108/553
f 512/818/554 501/125/554 500/756/554
f 511/119/555 514/114/555 513/117/555
f 509/108/556 504/757/556 503/121/556
f 506/763/557 513/117/557 512/763/557
f 505/116/558 508/760/558 507/114/558
f 503/121/559 492/750/559 491/109/559
f 495/752/560 507/114/560 506/759/560
f 515/768/549 522/135/549 521/768/549
f 518/137/550 517/136/550 516/129/550
f 524/120/551 520/751/551 519/767/551
f 523/139/552 526/819/552 525/137/552
f 521/820/553 534/138/553 533/772/553
f 536/108/554 525/769/554 524/120/554
f 535/133/555 538/821/555 537/131/555
f 533/770/556 528/132/556 527/770/556
f 530/121/557 537/762/557 536/108/557
f 529/130/558 532/822/558 531/128/558
f 527/823/559 516/129/559 515/764/559
f 519/767/560 531/771/560 530/121/560
f 539/778/549 546/150/549 545/778/549
f 542/775/550 541/151/550 540/141/550
f 548/824/551 544/149/551 543/825/551
f 547/153/552 550/826/552 549/152/552
f 545/827/553 558/142/553 557/784/553
f 560/828/554 549/152/554 548/779/554
f 559/145/555 562/829/555 561/143/555
f 557/780/556 552/144/556 551/780/556
f 554/830/557 561/143/557 560/785/557
f 553/142/558 556/783/558 555/140/558
f 551/831/559 540/141/559 539/774/559
f 543/776/560 555/140/560 554/782/560
s 1
f 572/375/218 596/295/152 571/294/65
f 595/684/217 598/325/179 596/324/152
f 599/832/45 598/325/179 597/175/39
f 573/833/132 600/834/178 599/181/45
f 601/224/89 575/835/137 576/222/87
f 603/355/204 602/836/177 601/354/89
f 603/837/204 606/273/131 604/178/42
f 605/838/205 573/269/132 606/268/131
f 607/203/67 572/839/218 571/201/65
f 609/377/219 608/840/36 607/376/67
f 609/377/219 612/293/151 610/292/133
f 611/841/220 578/407/242 612/406/151
f 613/401/239 578/842/242 577/400/221
f 615/403/240 614/843/147 613/402/239
f 615/403/240 618/230/95 616/229/94
f 617/844/241 575/276/137 618/275/95
f 566/845/166 620/846/251 565/418/56
f 619/450/282 622/847/250 620/417/251
f 623/311/15 622/416/250 621/225/90
f 563/148/17 624/341/194 623/146/15
f 625/393/234 567/370/214 568/392/233
f 627/448/280 626/314/170 625/447/234
f 627/448/280 630/848/171 628/344/168
f 629/849/281 563/850/17 630/315/171
f 631/194/58 566/309/166 565/192/56
f 633/343/195 632/308/165 631/342/58
f 633/851/195 636/852/237 634/367/213
f 635/853/59 570/854/212 636/397/237
f 637/431/265 570/366/212 569/430/264
f 639/433/266 638/200/64 637/432/265
f 639/855/266 642/346/197 640/395/62
f 641/856/267 567/857/214 642/346/197
f 651/858/431 587/859/561 588/666/471
f 653/860/562 652/861/306 651/606/431
f 653/862/562 656/863/450 654/381/223
f 655/864/432 590/865/563 656/633/450
f 592/866/564 658/639/452 591/638/453
f 657/867/433 660/637/451 658/636/452
f 661/467/299 660/635/451 659/568/301
f 590/868/563 662/605/430 661/467/299
f 587/869/561 664/686/470 588/666/471
f 663/870/417 666/665/469 664/664/470
f 667/871/353 666/663/469 665/588/403
f 593/872/565 668/532/367 667/518/353
f 593/873/565 670/661/468 594/660/365
f 669/874/413 672/681/482 670/661/468
f 673/875/402 672/681/482 671/534/369
f 592/876/564 674/679/481 673/567/402
f 675/670/475 581/631/426 582/669/474
f 677/702/501 676/538/373 675/670/475
f 677/704/501 680/622/97 678/621/371
f 679/696/494 580/233/98 680/232/97
f 584/492/323 682/728/523 583/727/514
f 681/619/322 684/733/528 682/734/523
f 685/647/438 684/733/528 683/618/440
f 580/616/98 686/731/527 685/615/438
f 581/600/426 688/701/460 582/700/474
f 687/672/425 690/649/343 688/648/460
f 691/674/477 690/508/343 689/673/476
f 585/712/466 692/506/341 691/711/477
f 585/657/466 694/502/337 586/501/336
f 693/505/340 696/720/516 694/502/337
f 697/644/458 696/719/516 695/504/339
f 584/645/323 698/717/515 697/644/458
f 708/659/215 710/877/40 707/682/483
f 711/358/206 710/176/40 709/304/161
f 712/182/38 645/878/182 646/180/44
f 644/372/216 707/879/483 643/373/35
f 714/307/164 716/880/43 713/272/135
f 717/881/243 716/179/43 715/306/163
f 718/322/41 647/882/176 648/274/136
f 645/329/182 713/272/135 646/267/44
f 720/339/192 722/883/134 719/291/150
f 723/884/235 722/271/134 721/338/191
f 724/173/37 644/372/216 643/171/35
f 650/399/238 719/885/150 649/405/146
f 726/363/175 728/290/149 725/228/93
f 729/886/202 728/290/149 727/388/210
f 730/287/148 650/887/238 649/285/146
f 647/320/176 725/888/93 648/274/136
f 733/382/224 731/889/473 732/380/222
f 733/382/224 736/632/449 734/390/231
f 732/475/222 699/890/566 700/473/305
f 702/891/567 735/472/304 701/466/298
f 739/471/303 737/892/429 738/468/300
f 739/471/303 742/677/480 740/597/423
f 738/468/300 702/891/567 701/466/298
f 704/893/568 741/610/302 703/609/401
f 745/589/405 743/894/484 744/587/354
f 745/571/405 748/895/486 746/651/447
f 744/519/354 705/896/569 706/517/352
f 699/890/566 747/586/404 700/585/305
f 751/535/370 749/897/435 750/533/368
f 751/591/370 754/898/454 752/654/464
f 750/533/368 704/893/568 703/566/401
f 705/899/569 753/581/414 706/580/352
s 0
f 357/12/14 339/786/14 345/739/14
f 355/1/1 342/15/1 340/2/1
f 361/4/2 356/13/2 352/5/2
f 365/7/3 370/24/3 367/8/3
f 348/10/4 343/788/4 354/11/4
f 344/13/5 350/4/5 346/6/5
f 349/15/6 362/1/6 358/16/6
f 393/18/7 366/27/7 363/19/7
f 373/21/8 378/795/8 375/22/8
f 377/24/9 382/796/9 379/25/9
f 381/27/10 386/18/10 383/28/10
f 385/30/11 390/33/11 387/31/11
f 389/33/12 394/30/12 391/34/12
f 397/36/3 402/798/3 399/37/3
f 369/39/13 374/794/13 371/40/13
f 425/42/7 398/797/7 395/43/7
f 405/45/8 410/799/8 407/46/8
f 409/48/9 414/800/9 411/49/9
f 413/51/10 418/42/10 415/52/10
f 417/54/11 422/57/11 419/55/11
f 421/57/12 426/801/12 423/58/12
f 429/60/3 434/803/3 431/61/3
f 401/63/13 406/45/13 403/64/13
f 457/66/7 430/802/7 427/67/7
f 437/69/8 442/87/8 439/70/8
f 441/72/9 446/804/9 443/73/9
f 445/75/10 450/805/10 447/76/10
f 449/78/11 454/806/11 451/79/11
f 453/81/12 458/807/12 455/82/12
f 461/84/3 466/809/3 463/85/3
f 433/87/13 438/69/13 435/88/13
f 489/90/7 462/808/7 459/91/7
f 469/93/8 474/811/8 471/94/8
f 473/96/9 478/812/9 475/97/9
f 477/99/10 482/813/10 479/100/10
f 481/102/11 486/814/11 483/103/11
f 485/105/12 490/815/12 487/106/12
f 509/108/14 503/121/14 491/109/14
f 465/111/13 470/810/13 467/112/13
f 507/114/1 494/125/1 492/115/1
f 513/117/2 508/760/2 504/118/2
f 533/108/14 527/121/14 515/109/14
f 500/120/4 495/767/4 506/121/4
f 496/122/5 502/753/5 498/123/5
f 501/125/6 514/114/6 510/126/6
f 531/128/1 518/137/1 516/129/1
f 537/131/2 532/822/2 528/132/2
f 557/108/14 551/121/14 539/109/14
f 524/120/4 519/767/4 530/121/4
f 520/134/5 526/819/5 522/135/5
f 525/137/6 538/821/6 534/138/6
f 555/140/1 542/775/1 540/141/1
f 561/143/2 556/783/2 552/144/2
s 1
f 623/146/15 207/310/167 69/147/16
s 0
f 548/120/4 543/767/4 554/121/4
f 544/149/5 550/826/5 546/150/5
f 549/152/6 562/829/6 558/142/6
s 1
f 129/154/18 130/158/22 133/155/19
f 131/157/21 134/161/25 133/155/19
f 132/156/20 133/155/19 136/159/23
f 134/161/25 137/170/34 136/159/23
f 1/162/26 20/165/29 129/154/18
f 21/164/28 130/158/22 129/154/18
f 21/164/28 22/167/31 131/157/21
f 2/166/30 23/168/32 131/157/21
f 23/168/32 24/169/33 134/161/25
f 24/169/33 25/900/570 137/170/34
f 643/171/35 572/839/218 608/172/36
f 712/174/38 599/832/45 597/175/39
f 718/177/41 602/836/177 604/178/42
f 646/180/44 573/833/132 599/181/45
f 18/183/46 132/156/20 135/160/24
f 19/163/27 129/154/18 132/156/20
f 139/185/48 142/189/52 141/186/49
f 139/185/48 140/204/68 143/188/51
f 142/189/52 145/185/55 144/190/53
f 142/189/52 143/188/51 146/191/54
f 565/192/56 42/330/183 197/193/57
f 635/195/59 633/851/195 196/196/60
f 640/198/62 217/396/236 216/199/63
f 571/201/65 25/900/570 176/202/66
f 140/204/68 61/365/211 62/205/69
f 143/188/51 62/205/69 63/206/70
f 146/191/54 63/206/70 8/207/71
f 145/185/55 146/191/54 57/208/72
f 145/185/55 56/209/73 55/210/74
f 144/190/53 55/210/74 5/211/75
f 141/186/49 144/190/53 64/212/76
f 138/187/50 141/186/49 65/213/77
f 148/214/79 151/218/83 150/215/80
f 148/214/79 149/234/99 152/217/82
f 151/218/83 154/221/86 153/219/84
f 151/218/83 152/217/82 155/220/85
f 576/222/87 28/244/109 167/223/88
f 621/225/90 619/450/282 209/226/91
f 725/228/93 728/290/149 616/229/94
f 125/231/96 312/620/441 680/232/97
f 149/234/99 29/297/154 30/235/100
f 152/217/82 30/235/100 31/236/101
f 155/220/85 31/236/101 4/237/102
f 155/220/85 32/238/103 33/239/104
f 153/219/84 154/221/86 33/239/104
f 153/219/84 34/240/105 3/241/106
f 150/215/80 153/219/84 26/242/107
f 147/216/81 150/215/80 27/243/108
f 156/245/110 157/249/113 160/246/1
f 158/248/112 161/255/119 160/246/1
f 160/246/1 163/252/116 162/250/114
f 160/246/1 161/255/119 164/251/115
f 3/241/106 34/240/105 156/245/110
f 34/240/105 33/239/104 157/249/113
f 32/238/103 158/248/112 157/249/113
f 4/237/102 38/254/118 158/248/112
f 38/254/118 39/296/153 161/255/119
f 161/255/119 39/296/153 40/256/120
f 164/251/115 40/256/120 2/166/30
f 163/252/116 164/251/115 22/167/31
f 163/252/116 21/164/28 20/165/29
f 162/250/114 20/165/29 1/162/26
f 159/247/111 162/250/114 35/257/121
f 37/253/117 156/245/110 159/247/111
f 166/259/123 169/263/127 168/260/124
f 166/259/123 167/223/88 170/262/126
f 169/263/127 172/266/130 171/264/128
f 169/263/127 170/262/126 173/265/129
f 646/267/44 713/272/135 606/268/131
f 724/173/37 608/840/36 610/270/133
f 713/272/135 716/880/43 604/178/42
f 648/274/136 725/888/93 618/275/95
f 167/223/88 28/244/109 27/243/108
f 170/262/126 27/243/108 26/242/107
f 173/265/129 26/242/107 3/241/106
f 173/265/129 37/253/117 36/258/122
f 171/264/128 172/266/130 36/258/122
f 171/264/128 35/257/121 1/162/26
f 168/260/124 171/264/128 19/163/27
f 165/261/125 168/260/124 18/183/46
f 175/277/138 178/281/142 177/278/139
f 175/277/138 176/202/66 179/280/141
f 178/281/142 181/284/145 180/282/143
f 178/281/142 179/280/141 182/283/144
f 649/285/146 578/842/242 614/286/147
f 730/288/148 614/843/147 616/289/94
f 719/291/150 722/883/134 610/292/133
f 137/170/34 25/900/570 571/294/65
f 176/202/66 25/900/570 24/169/33
f 179/280/141 24/169/33 23/168/32
f 182/283/144 23/168/32 2/166/30
f 182/283/144 40/256/120 39/296/153
f 180/282/143 181/284/145 39/296/153
f 180/282/143 38/254/118 4/237/102
f 177/278/139 180/282/143 31/236/101
f 174/279/140 177/278/139 30/235/100
f 183/298/155 184/302/159 187/299/156
f 185/301/158 188/303/160 187/299/156
f 188/303/160 711/358/206 709/304/161
f 192/305/162 193/333/186 715/306/163
f 632/308/165 138/187/50 66/212/78
f 621/225/90 208/227/92 207/310/167
f 628/312/168 226/345/196 225/313/169
f 630/315/171 563/850/17 69/147/16
f 43/317/173 44/327/181 188/303/160
f 46/318/174 204/361/209 726/319/175
f 648/274/136 575/835/137 602/321/177
f 136/159/23 598/325/179 600/323/178
f 136/159/23 137/170/34 596/324/152
f 574/326/180 605/838/205 165/261/125
f 44/327/181 192/305/162 714/328/164
f 42/330/183 183/298/155 186/300/157
f 189/332/185 190/335/188 193/333/186
f 191/334/187 194/336/189 193/333/186
f 194/336/189 717/881/243 715/306/163
f 198/337/190 199/359/207 721/338/191
f 564/340/193 43/317/173 185/301/158
f 631/342/58 197/193/57 196/196/60
f 628/344/168 630/848/171 227/316/172
f 642/346/197 567/857/214 70/347/198
f 45/349/200 46/318/174 194/336/189
f 47/350/201 650/887/238 729/351/202
f 576/353/87 617/844/241 147/216/81
f 601/354/89 167/223/88 166/259/123
f 605/356/205 603/837/204 166/259/123
f 135/160/24 600/834/178 574/357/180
f 44/327/181 645/878/182 711/358/206
f 43/317/173 189/332/185 192/305/162
f 195/197/61 196/196/60 199/359/207
f 197/193/57 200/360/208 199/359/207
f 200/360/208 723/884/235 721/338/191
f 204/361/209 205/385/227 727/362/210
f 638/364/64 216/199/63 61/365/211
f 634/367/213 636/852/237 140/204/68
f 634/368/213 139/185/48 138/187/50
f 626/369/170 225/313/169 70/347/198
f 42/330/183 41/331/184 200/360/208
f 41/331/184 186/300/157 708/371/215
f 643/373/35 707/879/483 595/374/217
f 607/376/67 176/202/66 175/277/138
f 611/378/220 609/377/219 175/277/138
f 577/379/221 611/841/220 174/279/140
f 732/380/222 652/861/306 654/381/223
f 48/383/225 195/197/61 198/337/190
f 201/384/226 202/387/229 205/385/227
f 203/386/228 206/352/203 205/385/227
f 206/352/203 729/886/202 727/388/210
f 289/389/230 731/889/473 734/390/231
f 568/392/233 45/349/200 191/334/187
f 41/331/184 644/372/216 723/394/235
f 640/395/62 642/346/197 218/348/199
f 636/397/237 570/854/212 61/365/211
f 48/383/225 47/350/201 206/352/203
f 47/350/201 198/337/190 720/398/192
f 577/400/221 29/297/154 149/234/99
f 613/402/239 149/234/99 148/214/79
f 617/404/241 615/403/240 148/214/79
f 649/405/146 719/885/150 612/406/151
f 46/318/174 647/882/176 717/408/243
f 45/349/200 201/384/226 204/361/209
f 208/227/92 211/411/246 210/409/244
f 208/227/92 209/226/91 212/410/245
f 211/411/246 214/414/249 213/412/247
f 211/411/246 212/410/245 215/413/248
f 564/340/193 629/849/281 189/332/185
f 624/415/194 185/301/158 184/302/159
f 620/417/251 622/847/250 184/302/159
f 565/418/56 620/846/251 183/298/155
f 209/226/91 66/212/78 65/213/77
f 212/410/245 65/213/77 64/212/76
f 215/413/248 64/212/76 5/211/75
f 214/414/249 215/413/248 49/419/252
f 214/414/249 50/420/253 51/421/254
f 213/412/247 51/421/254 6/422/255
f 210/409/244 213/412/247 67/423/256
f 207/310/167 210/409/244 68/424/257
f 217/396/236 220/427/260 219/425/258
f 217/396/236 218/348/199 221/426/259
f 220/427/260 223/429/263 222/199/261
f 220/427/260 221/426/259 224/428/262
f 569/430/264 48/383/225 203/386/228
f 637/432/265 203/386/228 202/387/229
f 641/434/267 639/855/266 202/387/229
f 569/430/264 635/853/59 195/197/61
f 218/348/199 70/347/198 71/435/268
f 221/426/259 71/435/268 72/436/269
f 224/428/262 72/436/269 7/437/270
f 223/429/263 224/428/262 60/438/271
f 223/429/263 59/439/272 58/440/273
f 222/199/261 58/440/273 8/207/71
f 219/425/258 222/199/261 63/206/70
f 216/199/63 219/425/258 62/205/69
f 226/345/196 229/443/276 228/441/274
f 226/345/196 227/316/172 230/442/275
f 229/443/276 232/445/279 231/313/277
f 229/443/276 230/442/275 233/444/278
f 568/446/233 641/856/267 201/384/226
f 625/447/234 191/334/187 190/335/188
f 629/449/281 627/448/280 190/335/188
f 619/450/282 566/845/166 66/212/78
f 227/316/172 69/147/16 68/424/257
f 230/442/275 68/424/257 67/423/256
f 233/444/278 67/423/256 6/422/255
f 232/445/279 233/444/278 54/451/283
f 232/445/279 53/452/284 52/453/285
f 231/313/277 52/453/285 7/437/270
f 228/441/274 231/313/277 72/436/269
f 225/313/169 228/441/274 71/435/268
f 234/454/286 235/457/289 238/455/287
f 235/457/289 236/465/297 239/458/290
f 238/455/287 241/460/292 240/459/291
f 239/458/290 242/476/307 241/460/292
f 9/461/293 75/463/295 234/454/286
f 75/463/295 74/464/296 235/457/289
f 74/464/296 73/564/399 236/465/297
f 701/466/298 590/868/563 661/467/299
f 659/469/301 657/867/433 741/470/302
f 654/381/223 656/863/450 735/472/304
f 700/473/305 587/859/561 652/474/306
f 242/476/307 81/583/416 80/477/308
f 241/460/292 80/477/308 79/478/309
f 240/459/291 79/478/309 10/479/310
f 77/481/312 237/456/288 240/459/291
f 234/454/286 237/456/288 77/481/312
f 244/482/313 247/486/317 246/483/314
f 245/485/316 248/496/329 247/486/317
f 246/483/314 247/486/317 250/487/318
f 247/486/317 248/496/329 251/489/320
f 126/490/321 330/617/439 681/491/322
f 121/493/324 244/482/313 243/484/315
f 120/495/326 245/485/316 244/482/313
f 13/211/327 111/210/328 245/485/316
f 111/210/328 112/209/571 248/496/329
f 248/496/329 112/209/571 113/208/330
f 251/489/320 113/208/330 16/207/331
f 250/487/318 251/489/320 119/497/332
f 249/488/319 250/487/318 118/498/333
f 310/500/335 104/658/467 586/501/336
f 321/503/338 324/706/503 695/504/339
f 692/506/341 300/650/461 302/507/342
f 253/509/344 256/513/348 255/510/345
f 254/512/347 257/525/360 256/513/348
f 255/510/345 256/513/348 259/514/349
f 256/513/348 257/525/360 260/516/351
f 706/517/352 593/872/565 667/518/353
f 83/520/355 253/509/344 252/511/346
f 82/522/357 254/512/347 253/509/344
f 11/523/358 90/546/381 254/512/347
f 254/512/347 90/546/381 89/524/359
f 89/524/359 88/554/389 260/516/351
f 260/516/351 88/554/389 12/526/361
f 259/514/349 260/516/351 87/527/362
f 258/515/350 259/514/349 86/528/363
f 594/530/365 85/529/364 279/531/366
f 750/533/368 673/875/402 671/534/369
f 678/536/371 315/690/488 318/537/372
f 261/539/374 262/542/377 265/540/6
f 263/162/376 266/550/385 265/540/6
f 265/540/6 268/545/380 267/543/378
f 265/540/6 266/550/385 269/544/379
f 11/523/358 93/547/382 261/539/374
f 93/547/382 92/549/384 262/542/377
f 91/548/383 263/162/376 262/542/377
f 9/461/293 76/462/294 263/162/376
f 76/462/294 77/481/312 266/550/385
f 266/550/385 77/481/312 78/480/311
f 269/544/379 78/480/311 10/479/310
f 268/545/380 269/544/379 96/551/386
f 268/545/380 95/552/387 94/553/388
f 267/543/378 94/553/388 12/526/361
f 264/541/375 267/543/378 88/554/389
f 90/546/381 261/539/374 264/541/375
f 271/555/390 274/559/394 273/556/391
f 272/558/393 275/565/400 274/559/394
f 273/556/391 274/559/394 277/560/395
f 274/559/394 275/565/400 278/562/397
f 589/563/398 655/864/432 236/465/297
f 74/464/296 271/555/390 270/557/392
f 75/463/295 272/558/393 271/555/390
f 9/461/293 91/548/383 272/558/393
f 272/558/393 91/548/383 92/549/384
f 92/549/384 93/547/382 278/562/397
f 278/562/397 93/547/382 11/523/358
f 277/560/395 278/562/397 82/522/357
f 276/561/396 277/560/395 83/520/355
f 703/566/401 592/876/564 673/567/402
f 738/468/300 661/467/299 659/568/301
f 665/569/403 663/870/417 747/570/404
f 280/572/406 283/575/409 282/573/407
f 281/574/408 284/582/415 283/575/409
f 282/573/407 283/575/409 286/576/410
f 283/575/409 284/582/415 287/578/412
f 669/579/413 593/873/565 706/580/352
f 86/528/363 280/572/406 279/531/366
f 87/527/362 281/574/408 280/572/406
f 12/526/361 94/553/388 281/574/408
f 281/574/408 94/553/388 95/552/387
f 95/552/387 96/551/386 287/578/412
f 287/578/412 96/551/386 10/479/310
f 286/576/410 287/578/412 79/478/309
f 285/577/411 286/576/410 80/477/308
f 663/584/417 587/869/561 700/585/305
f 744/587/354 667/871/353 665/588/403
f 671/534/369 669/874/413 753/590/414
f 288/592/418 289/389/230 291/391/232
f 734/390/231 736/632/449 293/594/420
f 291/391/232 293/594/420 292/595/421
f 295/596/422 737/892/429 740/597/423
f 122/494/325 243/484/315 687/599/425
f 98/601/427 97/667/472 289/389/230
f 100/602/428 702/891/567 737/603/429
f 589/604/398 73/564/399 270/557/392
f 239/458/290 653/860/562 651/606/431
f 655/607/432 653/862/562 239/458/290
f 657/608/433 592/866/564 703/609/401
f 102/611/434 704/893/568 749/612/435
f 293/594/420 100/602/428 99/614/437
f 685/615/438 336/646/459 125/231/96
f 330/617/439 333/722/518 683/618/440
f 312/620/441 315/690/488 678/621/371
f 294/623/442 295/596/422 297/598/424
f 740/597/423 742/677/480 299/625/444
f 297/598/424 299/625/444 298/626/445
f 301/627/446 743/894/484 746/628/447
f 676/630/373 318/537/372 122/494/325
f 99/614/437 100/602/428 295/596/422
f 736/632/449 702/891/567 100/602/428
f 656/633/450 590/865/563 701/466/298
f 662/634/430 270/557/392 273/556/391
f 273/556/391 276/561/396 658/636/452
f 276/561/396 84/521/356 591/638/453
f 754/640/454 705/899/569 103/641/455
f 299/625/444 102/611/434 101/643/457
f 697/644/458 327/687/485 126/490/321
f 683/618/440 333/722/518 336/646/459
f 302/507/342 304/653/463 688/648/460
f 300/650/461 301/627/446 303/629/448
f 746/651/447 748/895/486 305/652/462
f 303/629/448 305/652/462 304/653/463
f 307/613/436 749/897/435 752/654/464
f 117/499/334 321/503/338 693/656/340
f 104/658/467 103/641/455 301/627/446
f 186/300/157 187/299/156 709/304/161
f 258/515/350 85/529/364 594/660/365
f 668/662/367 279/531/366 282/573/407
f 282/573/407 285/577/411 664/664/470
f 242/476/307 651/858/431 588/666/471
f 97/667/472 699/890/566 731/668/473
f 305/652/462 97/667/472 98/601/427
f 582/669/474 98/601/427 288/592/418
f 243/484/315 246/483/314 689/671/476
f 689/673/476 246/483/314 249/488/319
f 306/675/478 307/613/436 309/655/465
f 752/654/464 754/898/454 311/642/456
f 309/655/465 311/642/456 310/500/335
f 586/501/336 104/658/467 300/650/461
f 101/643/457 102/611/434 307/613/436
f 742/677/480 704/893/568 102/611/434
f 591/678/453 84/521/356 252/511/346
f 674/680/481 252/511/346 255/510/345
f 255/510/345 258/515/350 670/661/468
f 707/682/483 710/877/40 597/683/39
f 103/641/455 705/896/569 743/685/484
f 311/642/456 103/641/455 104/658/467
f 285/577/411 81/583/416 588/666/471
f 695/504/339 324/706/503 327/687/485
f 748/688/486 699/890/566 97/667/472
f 313/689/487 316/692/490 315/690/488
f 314/691/489 317/699/499 316/692/490
f 315/690/488 316/692/490 319/693/491
f 316/692/490 317/699/499 320/694/492
f 292/595/421 99/614/437 579/695/493
f 124/697/495 313/689/487 312/620/441
f 123/698/496 314/691/489 313/689/487
f 14/422/497 107/421/498 314/691/489
f 107/421/498 106/420/572 317/699/499
f 317/699/499 106/420/572 105/419/500
f 320/694/492 105/419/500 13/211/327
f 319/693/491 320/694/492 120/495/326
f 318/537/372 319/693/491 121/493/324
f 304/653/463 98/601/427 582/700/474
f 675/670/475 288/592/418 290/593/419
f 290/593/419 292/595/421 679/703/494
f 322/705/502 325/708/505 324/706/503
f 323/707/504 326/713/509 325/708/505
f 324/706/503 325/708/505 328/709/506
f 325/708/505 326/713/509 329/710/507
f 691/711/477 249/488/319 117/499/334
f 118/498/333 322/705/502 321/503/338
f 119/497/332 323/707/504 322/705/502
f 16/207/331 114/440/508 323/707/504
f 114/440/508 115/439/573 326/713/509
f 326/713/509 115/439/573 116/438/510
f 329/710/507 116/438/510 15/437/511
f 328/709/506 329/710/507 128/714/512
f 327/687/485 328/709/506 127/715/513
f 583/716/514 101/643/457 306/675/478
f 698/718/515 306/675/478 308/676/479
f 308/676/479 310/500/335 694/502/337
f 331/721/517 334/724/520 333/722/518
f 332/723/519 335/729/525 334/724/520
f 333/722/518 334/724/520 337/725/521
f 334/724/520 335/729/525 338/726/522
f 298/626/445 101/643/457 583/727/514
f 127/715/513 331/721/517 330/617/439
f 128/714/512 332/723/519 331/721/517
f 15/437/511 108/453/524 332/723/519
f 108/453/524 109/452/574 335/729/525
f 335/729/525 109/452/574 110/451/526
f 338/726/522 110/451/526 14/422/497
f 337/725/521 338/726/522 123/698/496
f 336/646/459 337/725/521 124/697/495
f 579/730/493 99/614/437 294/623/442
f 686/732/527 294/623/442 296/624/443
f 296/624/443 298/626/445 682/734/523
s 0
f 339/786/549 341/787/549 346/740/549
f 342/15/550 344/738/550 341/736/550
f 348/10/551 350/901/551 344/787/551
f 347/17/552 346/902/552 350/789/552
f 345/739/553 347/741/553 358/746/553
f 360/12/554 362/746/554 349/741/554
f 359/6/555 358/903/555 362/749/555
f 357/790/556 359/6/556 352/5/556
f 354/791/557 356/13/557 361/4/557
f 353/743/558 352/5/558 356/13/558
f 351/793/559 353/3/559 340/2/559
f 343/737/560 342/15/560 355/1/560
f 366/27/6 365/7/6 364/9/6
f 368/41/555 367/8/555 370/24/555
f 372/23/2 371/40/2 374/794/2
f 376/26/558 375/22/558 378/795/558
f 380/29/1 379/25/1 382/796/1
f 384/32/550 383/28/550 386/18/550
f 388/35/5 387/31/5 390/33/5
f 392/20/552 391/34/552 394/30/552
f 398/797/6 397/36/6 396/38/6
f 400/65/555 399/37/555 402/798/555
f 404/47/2 403/64/2 406/45/2
f 408/50/558 407/46/558 410/799/558
f 412/53/1 411/49/1 414/800/1
f 416/56/550 415/52/550 418/42/550
f 420/59/5 419/55/5 422/57/5
f 424/44/552 423/58/552 426/801/552
f 430/802/6 429/60/6 428/62/6
f 432/89/555 431/61/555 434/803/555
f 436/71/2 435/88/2 438/69/2
f 440/74/558 439/70/558 442/87/558
f 444/77/1 443/73/1 446/804/1
f 448/80/550 447/76/550 450/805/550
f 452/83/5 451/79/5 454/806/5
f 456/68/552 455/82/552 458/807/552
f 462/808/6 461/84/6 460/86/6
f 464/113/555 463/85/555 466/809/555
f 468/95/2 467/112/2 470/810/2
f 472/98/558 471/94/558 474/811/558
f 476/101/1 475/97/1 478/812/1
f 480/104/550 479/100/550 482/813/550
f 484/107/5 483/103/5 486/814/5
f 488/92/552 487/106/552 490/815/552
f 491/109/549 493/751/549 498/754/549
f 494/125/550 496/122/550 493/124/550
f 500/816/551 502/753/551 496/122/551
f 499/127/552 498/123/552 502/753/552
f 497/110/553 499/755/553 510/761/553
f 512/818/554 514/114/554 501/125/554
f 511/119/555 510/126/555 514/114/555
f 509/108/556 511/762/556 504/757/556
f 506/763/557 508/760/557 513/117/557
f 505/116/558 504/118/558 508/760/558
f 503/121/559 505/758/559 492/750/559
f 495/752/560 494/125/560 507/114/560
f 515/768/549 517/136/549 522/135/549
f 518/137/550 520/134/550 517/136/550
f 524/120/551 526/754/551 520/751/551
f 523/139/552 522/135/552 526/819/552
f 521/820/553 523/139/553 534/138/553
f 536/108/554 538/773/554 525/769/554
f 535/133/555 534/138/555 538/821/555
f 533/770/556 535/133/556 528/132/556
f 530/121/557 532/757/557 537/762/557
f 529/130/558 528/132/558 532/822/558
f 527/823/559 529/130/559 516/129/559
f 519/767/560 518/904/560 531/771/560
f 539/778/549 541/151/549 546/150/549
f 542/775/550 544/149/550 541/151/550
f 548/824/551 550/826/551 544/149/551
f 547/153/552 546/150/552 550/826/552
f 545/827/553 547/153/553 558/142/553
f 560/828/554 562/829/554 549/152/554
f 559/145/555 558/142/555 562/829/555
f 557/780/556 559/145/556 552/144/556
f 554/830/557 556/783/557 561/143/557
f 553/142/558 552/144/558 556/783/558
f 551/831/559 553/142/559 540/141/559
f 543/776/560 542/775/560 555/140/560
s 1
f 572/375/218 595/374/217 596/295/152
f 595/684/217 597/683/39 598/325/179
f 599/832/45 600/323/178 598/325/179
f 573/833/132 574/357/180 600/834/178
f 601/224/89 602/321/177 575/835/137
f 603/355/204 604/178/42 602/836/177
f 603/837/204 605/356/205 606/273/131
f 605/838/205 574/326/180 573/269/132
f 607/203/67 608/172/36 572/839/218
f 609/377/219 610/270/133 608/840/36
f 609/377/219 611/378/220 612/293/151
f 611/841/220 577/379/221 578/407/242
f 613/401/239 614/286/147 578/842/242
f 615/403/240 616/289/94 614/843/147
f 615/403/240 617/404/241 618/230/95
f 617/844/241 576/353/87 575/276/137
f 566/845/166 619/450/282 620/846/251
f 619/450/282 621/225/90 622/847/250
f 623/311/15 624/415/194 622/416/250
f 563/148/17 564/340/193 624/341/194
f 625/393/234 626/369/170 567/370/214
f 627/448/280 628/312/168 626/314/170
f 627/448/280 629/449/281 630/848/171
f 629/849/281 564/340/193 563/850/17
f 631/194/58 632/308/165 566/309/166
f 633/343/195 634/368/213 632/308/165
f 633/851/195 635/195/59 636/852/237
f 635/853/59 569/430/264 570/854/212
f 637/431/265 638/364/64 570/366/212
f 639/433/266 640/198/62 638/200/64
f 639/855/266 641/434/267 642/346/197
f 641/856/267 568/446/233 567/857/214
f 651/858/431 652/474/306 587/859/561
f 653/860/562 654/381/223 652/861/306
f 653/862/562 655/607/432 656/863/450
f 655/864/432 589/563/398 590/865/563
f 592/866/564 657/608/433 658/639/452
f 657/867/433 659/469/301 660/637/451
f 661/467/299 662/634/430 660/635/451
f 590/868/563 589/604/398 662/605/430
f 587/869/561 663/584/417 664/686/470
f 663/870/417 665/569/403 666/665/469
f 667/871/353 668/662/367 666/663/469
f 593/872/565 594/530/365 668/532/367
f 593/873/565 669/579/413 670/661/468
f 669/874/413 671/534/369 672/681/482
f 673/875/402 674/680/481 672/681/482
f 592/876/564 591/678/453 674/679/481
f 675/670/475 676/630/373 581/631/426
f 677/702/501 678/536/371 676/538/373
f 677/704/501 679/703/494 680/622/97
f 679/696/494 579/695/493 580/233/98
f 584/492/323 681/491/322 682/728/523
f 681/619/322 683/618/440 684/733/528
f 685/647/438 686/732/527 684/733/528
f 580/616/98 579/730/493 686/731/527
f 581/600/426 687/599/425 688/701/460
f 687/672/425 689/671/476 690/649/343
f 691/674/477 692/506/341 690/508/343
f 585/712/466 586/501/336 692/506/341
f 585/657/466 693/656/340 694/502/337
f 693/505/340 695/504/339 696/720/516
f 697/644/458 698/718/515 696/719/516
f 584/645/323 583/716/514 698/717/515
f 708/659/215 709/304/161 710/877/40
f 711/358/206 712/174/38 710/176/40
f 712/182/38 711/358/206 645/878/182
f 644/372/216 708/371/215 707/879/483
f 714/307/164 715/306/163 716/880/43
f 717/881/243 718/177/41 716/179/43
f 718/322/41 717/408/243 647/882/176
f 645/329/182 714/328/164 713/272/135
f 720/339/192 721/338/191 722/883/134
f 723/884/235 724/173/37 722/271/134
f 724/173/37 723/394/235 644/372/216
f 650/399/238 720/398/192 719/885/150
f 726/363/175 727/362/210 728/290/149
f 729/886/202 730/288/148 728/290/149
f 730/287/148 729/351/202 650/887/238
f 647/320/176 726/319/175 725/888/93
f 733/382/224 734/390/231 731/889/473
f 733/382/224 735/472/304 736/632/449
f 732/475/222 731/668/473 699/890/566
f 702/891/567 736/632/449 735/472/304
f 739/471/303 740/597/423 737/892/429
f 739/471/303 741/470/302 742/677/480
f 738/468/300 737/603/429 702/891/567
f 704/893/568 742/677/480 741/610/302
f 745/589/405 746/628/447 743/894/484
f 745/571/405 747/570/404 748/895/486
f 744/519/354 743/685/484 705/896/569
f 699/890/566 748/688/486 747/586/404
f 751/535/370 752/654/464 749/897/435
f 751/591/370 753/590/414 754/898/454
f 750/533/368 749/612/435 704/893/568
f 705/899/569 754/640/454 753/581/414
s 0
f 357/12/14 351/11/14 339/786/14
