# Blender 4.0.2
# www.blender.org
mtllib Bed.mtl
o Blanket
v -0.513039 0.311321 0.958444
v 0.591078 0.072027 0.848958
v -0.532713 0.198983 -0.811919
v 0.563532 0.223447 -0.900809
v -0.530400 0.206053 -0.615022
v -0.528150 0.213584 -0.418062
v -0.525070 0.223279 -0.220787
v -0.522198 0.235126 -0.023897
v -0.520893 0.248870 0.172410
v -0.520223 0.262876 0.369172
v -0.518540 0.278686 0.565536
v -0.516984 0.296208 0.761238
v -0.403349 0.418794 0.949301
v -0.249351 0.417789 0.939006
v -0.096382 0.417774 0.928890
v 0.056639 0.417777 0.918459
v 0.209608 0.417782 0.907771
v 0.362358 0.417790 0.896875
v 0.521763 0.412745 0.886807
v 0.582349 0.241089 0.870011
v 0.565109 0.093386 0.654869
v 0.570158 0.117347 0.465657
v 0.588351 0.137274 0.269802
v 0.565201 0.145894 0.082520
v 0.589269 0.160171 -0.114412
v 0.589402 0.174598 -0.311963
v 0.586219 0.188436 -0.507518
v 0.575963 0.202715 -0.705619
v 0.516328 0.394357 -0.883268
v 0.378183 0.476326 -0.852665
v 0.241211 0.548829 -0.814956
v 0.088214 0.567237 -0.788671
v -0.065744 0.569061 -0.772882
v -0.218017 0.530756 -0.788914
v -0.362968 0.470791 -0.804953
v -0.496645 0.374916 -0.817696
v -0.417461 0.430619 0.752630
v -0.432570 0.430497 0.555901
v -0.447739 0.425394 0.359673
v -0.462397 0.418178 0.162957
v -0.473694 0.406450 -0.032738
v -0.485201 0.397460 -0.228607
v -0.494736 0.389522 -0.425075
v -0.502688 0.383507 -0.622109
v -0.262535 0.420754 0.742844
v -0.275540 0.423966 0.546662
v -0.288602 0.427200 0.350699
v -0.301861 0.431944 0.154465
v -0.315077 0.422795 -0.042083
v -0.328275 0.414119 -0.237880
v -0.341182 0.405397 -0.433624
v -0.352780 0.407338 -0.626216
v -0.109523 0.420753 0.732719
v -0.122564 0.423978 0.536553
v -0.135888 0.427332 0.340674
v -0.149645 0.430012 0.143764
v -0.163405 0.422516 -0.052335
v -0.177128 0.413888 -0.248204
v -0.190621 0.405249 -0.444071
v -0.202791 0.424201 -0.625165
v 0.043475 0.420777 0.722273
v 0.030410 0.423997 0.526151
v 0.017066 0.427991 0.330246
v 0.003259 0.428309 0.133094
v -0.010609 0.421290 -0.062865
v -0.024412 0.413649 -0.258902
v -0.038114 0.405030 -0.454803
v -0.050890 0.434883 -0.630276
v 0.196400 0.420815 0.711601
v 0.183369 0.424564 0.515514
v 0.170018 0.428629 0.319413
v 0.156109 0.427212 0.122237
v 0.142159 0.420163 -0.073772
v 0.128319 0.413119 -0.269896
v 0.114368 0.404800 -0.466024
v 0.101490 0.441425 -0.637513
v 0.349256 0.421157 0.700865
v 0.336194 0.425276 0.504764
v 0.322806 0.429372 0.308412
v 0.308914 0.426097 0.111317
v 0.294907 0.419044 -0.084559
v 0.281050 0.411994 -0.280573
v 0.266843 0.404533 -0.476591
v 0.254424 0.450596 -0.642902
v 0.507146 0.424604 0.691069
v 0.492514 0.437295 0.495079
v 0.478006 0.444494 0.297262
v 0.461994 0.433953 0.099631
v 0.447339 0.418050 -0.095412
v 0.432557 0.410980 -0.291067
v 0.414653 0.424578 -0.486531
v 0.393683 0.422222 -0.667052
v 0.577295 0.259807 0.672996
v 0.560255 0.280629 0.480808
v 0.574647 0.304566 0.286613
v 0.578360 0.318720 0.092112
v 0.574792 0.333200 -0.105959
v 0.565341 0.344569 -0.303154
v 0.549149 0.355076 -0.499670
v 0.549948 0.380835 -0.686749
v -0.520657 0.306461 0.859616
v 0.592112 0.156609 0.858910
v 0.570879 0.213046 -0.803125
v -0.525220 0.284557 -0.815884
v -0.531360 0.202547 -0.713392
v -0.529134 0.209598 -0.516705
v -0.526703 0.218176 -0.319405
v -0.523510 0.228921 -0.122283
v -0.521349 0.241864 0.074305
v -0.520640 0.255658 0.270770
v -0.519549 0.270661 0.467400
v -0.517423 0.287054 0.663557
v -0.488269 0.400982 0.952838
v -0.325439 0.417814 0.944403
v -0.172878 0.417780 0.933973
v -0.019872 0.417780 0.923709
v 0.133134 0.417779 0.913138
v 0.286063 0.417779 0.902389
v 0.438976 0.421553 0.891581
v 0.569677 0.330665 0.879953
v 0.578945 0.082277 0.751429
v 0.559014 0.105807 0.560631
v 0.568400 0.126634 0.368999
v 0.560551 0.141964 0.175045
v 0.583916 0.152115 -0.014285
v 0.590018 0.167385 -0.213260
v 0.587671 0.182429 -0.410622
v 0.581885 0.194572 -0.606103
v 0.559604 0.312022 -0.892223
v 0.444832 0.436396 -0.869085
v 0.312948 0.518899 -0.834254
v 0.165198 0.564119 -0.799109
v 0.011526 0.567326 -0.780667
v -0.143402 0.555545 -0.778245
v -0.290897 0.499789 -0.798114
v -0.433657 0.437706 -0.810807
v -0.506887 0.381004 -0.720805
v -0.409987 0.427627 0.851194
v -0.424999 0.431359 0.654221
v -0.440212 0.428465 0.457657
v -0.455395 0.422092 0.261662
v -0.467715 0.411758 0.064997
v -0.479543 0.401740 -0.130591
v -0.490424 0.393437 -0.326817
v -0.498740 0.385865 -0.523322
v -0.351083 0.430548 -0.717384
v -0.255924 0.419162 0.840915
v -0.269053 0.422352 0.644747
v -0.282043 0.425587 0.448600
v -0.295215 0.428872 0.252915
v -0.308541 0.427216 0.055889
v -0.321673 0.418441 -0.139985
v -0.334813 0.409822 -0.335805
v -0.347067 0.403604 -0.530732
v -0.213059 0.492129 -0.694252
v -0.102952 0.419141 0.830795
v -0.116048 0.422360 0.634631
v -0.129140 0.425587 0.438504
v -0.142780 0.431356 0.242475
v -0.156533 0.425927 0.045619
v -0.170276 0.418220 -0.150306
v -0.183926 0.409568 -0.346092
v -0.197172 0.400186 -0.538664
v -0.058019 0.506598 -0.694136
v 0.050029 0.419174 0.820357
v 0.036953 0.422381 0.624193
v 0.023794 0.425950 0.428125
v 0.010210 0.431532 0.231758
v -0.003690 0.424798 0.035108
v -0.017508 0.417772 -0.160886
v -0.031277 0.409338 -0.356859
v -0.044422 0.400480 -0.548146
v 0.095244 0.516126 -0.700765
v 0.202954 0.419192 0.809671
v 0.189892 0.422528 0.613552
v 0.176771 0.426587 0.417459
v 0.163102 0.430843 0.220803
v 0.149108 0.423693 0.024254
v 0.135251 0.416638 -0.171812
v 0.121352 0.409093 -0.367990
v 0.107589 0.400137 -0.558894
v 0.249930 0.519952 -0.717239
v 0.355738 0.419245 0.798853
v 0.342762 0.423220 0.602822
v 0.329564 0.427334 0.406653
v 0.315869 0.430632 0.209685
v 0.301842 0.422573 0.013461
v 0.288001 0.415514 -0.182575
v 0.274019 0.408477 -0.378584
v 0.259694 0.399461 -0.568000
v 0.398923 0.476662 -0.751696
v 0.514858 0.418211 0.788906
v 0.499713 0.431122 0.593195
v 0.485280 0.442083 0.396513
v 0.469800 0.439898 0.198054
v 0.454609 0.423609 0.002169
v 0.439997 0.414524 -0.193301
v 0.424935 0.411737 -0.388267
v 0.411272 0.401645 -0.580919
v 0.533350 0.388828 -0.785151
v 0.581431 0.251216 0.771728
v 0.568144 0.269101 0.575954
v 0.567612 0.292945 0.385313
v 0.572699 0.311216 0.188452
v 0.577222 0.326557 -0.007004
v 0.570802 0.339069 -0.204563
v 0.558122 0.349407 -0.401658
v 0.530419 0.356811 -0.595052
v -0.495401 0.386287 0.755392
v -0.499864 0.367762 0.559380
v -0.502366 0.349866 0.363457
v -0.503024 0.333499 0.167133
v -0.505951 0.318750 -0.028438
v -0.512453 0.307451 -0.224597
v -0.518797 0.298360 -0.421413
v -0.521899 0.290459 -0.618048
v -0.338362 0.420822 0.747837
v -0.351535 0.424024 0.551398
v -0.365080 0.427268 0.355468
v -0.379434 0.440014 0.159538
v -0.392164 0.438580 -0.037554
v -0.404542 0.435495 -0.233450
v -0.415835 0.434344 -0.429366
v -0.427030 0.434250 -0.625783
v -0.186032 0.420747 0.737819
v -0.199056 0.423957 0.541653
v -0.212319 0.427171 0.345663
v -0.226065 0.430598 0.149068
v -0.239815 0.422711 -0.047229
v -0.253483 0.414018 -0.243079
v -0.266928 0.405405 -0.438866
v -0.278980 0.415819 -0.625193
v -0.033016 0.420756 0.727528
v -0.046069 0.423986 0.531385
v -0.059404 0.427651 0.335542
v -0.073172 0.428881 0.138457
v -0.087000 0.421852 -0.057457
v -0.100763 0.413780 -0.253287
v -0.114307 0.405151 -0.448910
v -0.127102 0.440008 -0.620428
v 0.119947 0.420793 0.716957
v 0.106889 0.424248 0.520865
v 0.093541 0.428312 0.324854
v 0.079691 0.427760 0.127673
v 0.065778 0.420720 -0.068347
v 0.051946 0.413529 -0.264485
v 0.038125 0.404897 -0.460519
v 0.025044 0.437553 -0.634442
v 0.272832 0.420873 0.706234
v 0.259847 0.424886 0.510110
v 0.246506 0.428954 0.313951
v 0.232522 0.426655 0.116798
v 0.218535 0.419608 -0.079168
v 0.204688 0.412558 -0.275233
v 0.190620 0.404673 -0.471346
v 0.178046 0.445644 -0.640267
v 0.425412 0.421521 0.695793
v 0.411973 0.427765 0.499668
v 0.398523 0.433463 0.302749
v 0.384802 0.425588 0.105659
v 0.371233 0.418500 -0.090049
v 0.357337 0.411445 -0.285807
v 0.342194 0.404525 -0.481734
v 0.332337 0.464934 -0.638273
v 0.570195 0.354230 0.683617
v 0.564863 0.376254 0.488523
v 0.557487 0.400777 0.292687
v 0.545623 0.411297 0.095328
v 0.531143 0.418990 -0.100967
v 0.514286 0.425738 -0.296634
v 0.498078 0.434090 -0.493155
v 0.468104 0.404738 -0.677856
v 0.570631 0.175641 0.663550
v 0.562725 0.199007 0.473722
v 0.582675 0.220055 0.277955
v 0.575087 0.229069 0.088128
v 0.584720 0.244178 -0.110138
v 0.577787 0.256492 -0.307510
v 0.562571 0.268250 -0.502673
v 0.568834 0.289205 -0.696196
v 0.578256 0.281466 -0.597409
v 0.571093 0.262341 -0.405989
v 0.581880 0.250400 -0.208876
v 0.585505 0.236833 -0.010315
v 0.563107 0.224664 0.181324
v 0.570417 0.209792 0.377927
v 0.558262 0.187208 0.568794
v 0.583591 0.166108 0.760882
v 0.484713 0.436609 -0.591305
v 0.506383 0.429783 -0.394041
v 0.522895 0.422340 -0.198895
v 0.538994 0.415668 -0.003010
v 0.552516 0.408024 0.193695
v 0.561414 0.388766 0.391420
v 0.567644 0.364900 0.585559
v 0.571617 0.342612 0.782026
v 0.336508 0.399571 -0.573923
v 0.349851 0.407962 -0.383251
v 0.364374 0.414993 -0.187982
v 0.377917 0.422029 0.007797
v 0.391627 0.431491 0.203906
v 0.405262 0.431157 0.401367
v 0.418707 0.423583 0.597744
v 0.432219 0.419488 0.793677
v 0.183749 0.399893 -0.563678
v 0.197688 0.408976 -0.373316
v 0.211626 0.416082 -0.177197
v 0.225486 0.423136 0.018857
v 0.239537 0.430730 0.215303
v 0.253273 0.426921 0.412050
v 0.266347 0.422861 0.608172
v 0.279391 0.419219 0.804290
v 0.031484 0.400342 -0.553817
v 0.045026 0.409214 -0.362530
v 0.058871 0.417202 -0.166395
v 0.072715 0.424239 0.029670
v 0.086664 0.431210 0.226297
v 0.100277 0.426280 0.422825
v 0.113429 0.422396 0.618894
v 0.126499 0.419185 0.815038
v -0.120692 0.399408 -0.542184
v -0.107575 0.409467 -0.351095
v -0.093888 0.418096 -0.155410
v -0.080098 0.425366 0.040459
v -0.066256 0.431749 0.237160
v -0.052677 0.425640 0.433352
v -0.039539 0.422370 0.629446
v -0.026458 0.419158 0.825608
v -0.273167 0.401080 -0.534817
v -0.260282 0.409707 -0.340985
v -0.246650 0.418359 -0.145179
v -0.232977 0.426537 0.050697
v -0.219179 0.429194 0.247661
v -0.205597 0.425565 0.443596
v -0.192555 0.422345 0.639731
v -0.179443 0.419146 0.835885
v -0.421288 0.434500 -0.527180
v -0.410441 0.434621 -0.331430
v -0.398402 0.436767 -0.135507
v -0.385978 0.440783 0.060572
v -0.372126 0.433270 0.257937
v -0.358229 0.425627 0.453259
v -0.344916 0.422423 0.649592
v -0.331880 0.419217 0.846144
v -0.521111 0.294344 -0.519879
v -0.515873 0.302704 -0.322961
v -0.508866 0.312713 -0.126440
v -0.503550 0.325524 0.069353
v -0.503316 0.341613 0.265328
v -0.501173 0.358635 0.461421
v -0.498178 0.377188 0.657395
v -0.491602 0.394544 0.854053
v 0.466967 0.441799 -0.769331
v 0.325770 0.501395 -0.734385
v 0.172394 0.519171 -0.707214
v 0.018520 0.510977 -0.697010
v -0.136141 0.506650 -0.689860
v -0.289598 0.476092 -0.699823
v -0.425589 0.412932 -0.719261
v -0.525329 0.287689 -0.716828
v 0.564107 0.299848 -0.794734
v -0.497955 0.301954 0.958135
v 0.574879 0.072799 0.851298
v -0.516446 0.196196 -0.811266
v 0.547264 0.221248 -0.900053
v -0.514175 0.202797 -0.614634
v -0.511993 0.209668 -0.417716
v -0.509092 0.218004 -0.220536
v -0.506455 0.228460 -0.023324
v -0.505228 0.241825 0.173527
v -0.504508 0.256072 0.370160
v -0.502820 0.271898 0.566445
v -0.501523 0.288241 0.762415
v -0.402274 0.394629 0.948617
v -0.249373 0.393560 0.938732
v -0.096399 0.393544 0.928618
v 0.056622 0.393547 0.918182
v 0.209591 0.393553 0.907489
v 0.362496 0.393560 0.896751
v 0.515163 0.390576 0.885984
v 0.566136 0.237698 0.869547
v 0.548961 0.094521 0.657570
v 0.553854 0.116108 0.463197
v 0.572008 0.136484 0.270223
v 0.549112 0.148661 0.078561
v 0.572934 0.158502 -0.115445
v 0.573415 0.169396 -0.312061
v 0.570550 0.181425 -0.508811
v 0.559731 0.200091 -0.704732
v 0.505906 0.375817 -0.881635
v 0.372932 0.453422 -0.851586
v 0.238208 0.525726 -0.820300
v 0.087578 0.545705 -0.798638
v -0.065761 0.548539 -0.784444
v -0.214832 0.508450 -0.796129
v -0.358266 0.448905 -0.811666
v -0.484910 0.358016 -0.817161
v -0.415284 0.406603 0.752650
v -0.428552 0.407007 0.556227
v -0.441595 0.402933 0.359880
v -0.453731 0.397618 0.163273
v -0.463547 0.387433 -0.032459
v -0.474248 0.379455 -0.228565
v -0.483116 0.372457 -0.424969
v -0.490631 0.367111 -0.621425
v -0.262562 0.396526 0.742527
v -0.275566 0.399738 0.546342
v -0.288707 0.402975 0.350261
v -0.302533 0.407733 0.154474
v -0.316201 0.398641 -0.041266
v -0.329816 0.390016 -0.237079
v -0.343321 0.381388 -0.432976
v -0.352987 0.383298 -0.628941
v -0.109542 0.396524 0.732400
v -0.122581 0.399750 0.536231
v -0.135858 0.403108 0.340140
v -0.149650 0.405787 0.144260
v -0.163412 0.398300 -0.051564
v -0.177090 0.389675 -0.247343
v -0.190602 0.381039 -0.443152
v -0.201725 0.402898 -0.635379
v 0.043457 0.396548 0.721954
v 0.030409 0.399769 0.525794
v 0.017055 0.403768 0.329693
v 0.003232 0.404089 0.133765
v -0.010638 0.397072 -0.062155
v -0.024385 0.389435 -0.258068
v -0.038048 0.380819 -0.453926
v -0.051712 0.414596 -0.642155
v 0.196390 0.396587 0.711264
v 0.183386 0.400337 0.515112
v 0.170016 0.404402 0.318983
v 0.156089 0.402994 0.122958
v 0.142126 0.395944 -0.073065
v 0.128310 0.388902 -0.269143
v 0.114408 0.380587 -0.465180
v 0.101118 0.421723 -0.650179
v 0.349272 0.396930 0.700472
v 0.336356 0.401053 0.504257
v 0.323043 0.405146 0.308127
v 0.308926 0.401883 0.112144
v 0.294875 0.394826 -0.083852
v 0.281019 0.387775 -0.279866
v 0.266867 0.380319 -0.475778
v 0.254053 0.430572 -0.655153
v 0.502212 0.401515 0.690060
v 0.489149 0.413605 0.493972
v 0.476055 0.420436 0.297072
v 0.461339 0.409767 0.100606
v 0.447595 0.393828 -0.094932
v 0.433729 0.386811 -0.291032
v 0.416928 0.400583 -0.486215
v 0.389837 0.399909 -0.673999
v 0.560993 0.259745 0.674293
v 0.543888 0.281387 0.479897
v 0.558388 0.301680 0.285769
v 0.562314 0.314019 0.090359
v 0.559652 0.323994 -0.106029
v 0.550713 0.333769 -0.302570
v 0.535197 0.342518 -0.498714
v 0.538267 0.363890 -0.688303
v -0.505475 0.297379 0.860174
v 0.575829 0.155605 0.860266
v 0.554626 0.210491 -0.802536
v -0.509280 0.279079 -0.814320
v -0.515105 0.199626 -0.712967
v -0.512936 0.206060 -0.516217
v -0.510623 0.213629 -0.319147
v -0.507650 0.222902 -0.121911
v -0.505685 0.234802 0.075169
v -0.504936 0.248805 0.271862
v -0.503835 0.263847 0.468351
v -0.501735 0.280105 0.664448
v -0.477935 0.382211 0.952443
v -0.325824 0.393599 0.943781
v -0.172897 0.393551 0.933701
v -0.019888 0.393551 0.923434
v 0.133116 0.393550 0.912859
v 0.286047 0.393550 0.902104
v 0.438885 0.397322 0.891465
v 0.555103 0.319640 0.878623
v 0.562816 0.083483 0.754274
v 0.542642 0.105398 0.560036
v 0.552173 0.126018 0.365367
v 0.544272 0.142760 0.176530
v 0.567654 0.153165 -0.017425
v 0.573816 0.163884 -0.213720
v 0.572082 0.175084 -0.410439
v 0.565721 0.190683 -0.606810
v 0.544165 0.304159 -0.891289
v 0.438953 0.413957 -0.866822
v 0.308302 0.495746 -0.836239
v 0.163845 0.541709 -0.807244
v 0.010997 0.546602 -0.791937
v -0.141650 0.534177 -0.788149
v -0.286175 0.477689 -0.804234
v -0.428665 0.415179 -0.815067
v -0.494799 0.364664 -0.719801
v -0.408570 0.403492 0.850800
v -0.421951 0.407552 0.654443
v -0.435168 0.405412 0.458016
v -0.447977 0.400491 0.261714
v -0.458155 0.392086 0.065462
v -0.468962 0.383251 -0.130465
v -0.479128 0.375901 -0.326752
v -0.486756 0.369359 -0.523193
v -0.347620 0.407849 -0.723283
v -0.255949 0.394933 0.840619
v -0.269080 0.398124 0.644429
v -0.282069 0.401358 0.448279
v -0.295573 0.404656 0.252301
v -0.309470 0.403040 0.056640
v -0.322983 0.394307 -0.139169
v -0.336627 0.385760 -0.335014
v -0.349223 0.379584 -0.531027
v -0.210714 0.471471 -0.705072
v -0.102971 0.394912 0.830500
v -0.116067 0.398132 0.634311
v -0.129150 0.401358 0.438165
v -0.142726 0.407127 0.242222
v -0.156573 0.401710 0.046368
v -0.170251 0.394008 -0.149458
v -0.183889 0.385356 -0.345233
v -0.196851 0.376115 -0.541109
v -0.058529 0.487535 -0.707565
v 0.050011 0.394945 0.820059
v 0.036938 0.398153 0.623867
v 0.023808 0.401723 0.427731
v 0.010180 0.407301 0.231727
v -0.003725 0.400579 0.035812
v -0.017514 0.393555 -0.160123
v -0.031236 0.385126 -0.356001
v -0.044710 0.376607 -0.551865
v 0.094686 0.496692 -0.713758
v 0.202937 0.394963 0.809369
v 0.189897 0.398301 0.613179
v 0.176790 0.402360 0.417051
v 0.163085 0.406612 0.220946
v 0.149075 0.399474 0.024960
v 0.135220 0.392420 -0.171104
v 0.121377 0.384880 -0.367165
v 0.107471 0.376390 -0.563223
v 0.247955 0.498155 -0.726460
v 0.355811 0.395016 0.798602
v 0.342823 0.398994 0.602355
v 0.329822 0.403112 0.406186
v 0.315988 0.406405 0.210092
v 0.301811 0.398355 0.014169
v 0.287969 0.391296 -0.181868
v 0.274009 0.384260 -0.377842
v 0.259771 0.376089 -0.573734
v 0.393371 0.454237 -0.755631
v 0.508829 0.395692 0.787994
v 0.495620 0.407682 0.592093
v 0.482618 0.418189 0.395622
v 0.468549 0.415749 0.198669
v 0.454440 0.399398 0.003015
v 0.440699 0.390317 -0.192977
v 0.426574 0.387651 -0.389154
v 0.412113 0.377457 -0.581540
v 0.522403 0.370824 -0.784946
v 0.565144 0.248934 0.771897
v 0.551854 0.270405 0.577070
v 0.551313 0.291580 0.382835
v 0.556451 0.308203 0.187932
v 0.561667 0.318982 -0.007781
v 0.555946 0.328933 -0.204310
v 0.543627 0.338277 -0.400720
v 0.518053 0.340928 -0.595435
v -0.483719 0.369308 0.756206
v -0.486808 0.353137 0.560190
v -0.488387 0.337246 0.364246
v -0.488307 0.322878 0.168043
v -0.490747 0.309759 -0.028091
v -0.496870 0.300042 -0.224533
v -0.502963 0.292209 -0.421197
v -0.505883 0.285442 -0.617840
v -0.339069 0.396615 0.747547
v -0.352049 0.399806 0.551248
v -0.365099 0.403040 0.355128
v -0.378788 0.415803 0.159385
v -0.391271 0.414393 -0.036953
v -0.403668 0.411304 -0.232967
v -0.415005 0.410146 -0.429024
v -0.425213 0.410172 -0.625296
v -0.186053 0.396519 0.737501
v -0.199076 0.399728 0.541332
v -0.212296 0.402944 0.345253
v -0.226094 0.406369 0.149377
v -0.239804 0.398497 -0.046411
v -0.253453 0.389805 -0.242219
v -0.266958 0.381191 -0.438051
v -0.277398 0.393192 -0.632611
v -0.033035 0.396528 0.727209
v -0.046083 0.399757 0.531053
v -0.059409 0.403429 0.334954
v -0.073209 0.404660 0.139081
v -0.087025 0.397635 -0.056724
v -0.100727 0.389567 -0.252432
v -0.114249 0.380941 -0.447982
v -0.127082 0.419356 -0.631800
v 0.119930 0.396565 0.716635
v 0.106898 0.400021 0.520480
v 0.093531 0.404087 0.324364
v 0.079666 0.403541 0.128368
v 0.065744 0.396502 -0.067642
v 0.051956 0.389315 -0.263689
v 0.038166 0.380684 -0.459673
v 0.024680 0.417557 -0.646730
v 0.272833 0.396645 0.705870
v 0.259872 0.400659 0.509702
v 0.246517 0.404726 0.313572
v 0.232508 0.402438 0.117557
v 0.218501 0.395390 -0.078462
v 0.204663 0.388340 -0.274513
v 0.190649 0.380460 -0.470509
v 0.177581 0.426042 -0.653056
v 0.425705 0.397304 0.695169
v 0.412801 0.403583 0.498868
v 0.399507 0.409276 0.302635
v 0.385346 0.401396 0.106697
v 0.371249 0.394284 -0.089296
v 0.357386 0.387222 -0.285218
v 0.343065 0.380342 -0.480945
v 0.329544 0.443960 -0.648642
v 0.555847 0.342555 0.683211
v 0.550597 0.364358 0.487721
v 0.545193 0.384770 0.291937
v 0.535840 0.391874 0.095365
v 0.523862 0.397293 -0.100811
v 0.508618 0.403006 -0.296621
v 0.492631 0.411274 -0.492278
v 0.463936 0.381542 -0.681035
v 0.554472 0.177153 0.666044
v 0.546381 0.198544 0.471665
v 0.566316 0.219195 0.277782
v 0.558881 0.231008 0.084782
v 0.568448 0.241462 -0.110784
v 0.561779 0.251520 -0.307210
v 0.547076 0.260416 -0.503194
v 0.553095 0.282556 -0.696287
v 0.562795 0.273537 -0.598966
v 0.555302 0.256135 -0.405276
v 0.565723 0.246512 -0.209008
v 0.569173 0.236286 -0.012582
v 0.546781 0.225821 0.181893
v 0.554186 0.208774 0.374428
v 0.541922 0.188181 0.569181
v 0.567346 0.166181 0.762857
v 0.480569 0.413240 -0.589838
v 0.500871 0.406967 -0.394462
v 0.516524 0.400024 -0.198761
v 0.530594 0.394880 -0.002766
v 0.541366 0.390282 0.193579
v 0.547953 0.375000 0.389935
v 0.553246 0.353372 0.585447
v 0.557112 0.331371 0.781005
v 0.335947 0.375934 -0.578678
v 0.350337 0.383742 -0.383116
v 0.364351 0.390775 -0.187277
v 0.378141 0.397820 0.008707
v 0.392428 0.407299 0.204578
v 0.406265 0.406983 0.400740
v 0.419280 0.399383 0.596988
v 0.432249 0.395260 0.793319
v 0.183617 0.376272 -0.568527
v 0.197692 0.384760 -0.372530
v 0.211592 0.391863 -0.176491
v 0.225452 0.398917 0.019563
v 0.239538 0.406500 0.215534
v 0.253299 0.402694 0.411641
v 0.266364 0.398634 0.607774
v 0.279378 0.394990 0.803977
v 0.031355 0.376498 -0.557689
v 0.045061 0.385001 -0.361679
v 0.058849 0.392984 -0.165668
v 0.072683 0.400020 0.030375
v 0.086634 0.406979 0.226353
v 0.100295 0.402053 0.422420
v 0.113423 0.398168 0.618548
v 0.126480 0.394956 0.814739
v -0.120682 0.375483 -0.545627
v -0.107534 0.385255 -0.350236
v -0.093878 0.393882 -0.154602
v -0.080145 0.401149 0.041176
v -0.066277 0.407518 0.237025
v -0.052675 0.401412 0.432985
v -0.039558 0.398142 0.629125
v -0.026476 0.394929 0.825312
v -0.273011 0.376887 -0.536016
v -0.260254 0.385494 -0.340126
v -0.246617 0.394146 -0.144316
v -0.233014 0.402322 0.051508
v -0.219145 0.404967 0.247302
v -0.205615 0.401337 0.443272
v -0.192575 0.398117 0.639412
v -0.179463 0.394917 0.835590
v -0.420285 0.410315 -0.527109
v -0.409598 0.410426 -0.330979
v -0.397507 0.412578 -0.134972
v -0.385127 0.416591 0.061091
v -0.371833 0.409054 0.257296
v -0.358513 0.401400 0.453138
v -0.345581 0.398212 0.649390
v -0.332421 0.395005 0.845659
v -0.505181 0.288749 -0.519537
v -0.500150 0.295969 -0.322850
v -0.493455 0.304541 -0.126280
v -0.488573 0.315725 0.070028
v -0.488927 0.330045 0.266171
v -0.487639 0.344995 0.462235
v -0.485686 0.361522 0.658162
v -0.480899 0.376207 0.854318
v 0.461334 0.419140 -0.771448
v 0.321476 0.478890 -0.740282
v 0.171382 0.498881 -0.719072
v 0.018042 0.492046 -0.710590
v -0.135195 0.486812 -0.702238
v -0.285842 0.454722 -0.708602
v -0.421930 0.389402 -0.720914
v -0.509317 0.282615 -0.716061
v 0.548466 0.292923 -0.793788
vn 0.9980 0.0481 -0.0401
vn -0.9535 0.3013 -0.0106
vn -0.4264 0.8630 0.2711
vn -0.4049 0.8877 0.2194
vn -0.1823 0.8539 0.4874
vn -0.0281 0.8280 0.5601
vn 0.0473 0.8988 0.4359
vn 0.3432 0.9317 0.1192
vn 0.5887 0.7895 -0.1734
vn -0.4951 0.8672 -0.0535
vn -0.6823 0.7287 -0.0583
vn -0.8106 0.5841 -0.0424
vn -0.9017 0.4307 -0.0383
vn -0.9385 0.3452 -0.0009
vn -0.9567 0.2905 0.0194
vn -0.9666 0.2558 0.0174
vn -0.9714 0.2374 -0.0016
vn 0.0018 0.9999 0.0162
vn 0.0019 0.9999 0.0166
vn 0.1072 0.9924 0.0601
vn 0.1705 0.9848 -0.0329
vn 0.2307 0.9726 -0.0271
vn 0.3105 0.9504 -0.0198
vn 0.3406 0.9400 -0.0222
vn 0.0010 0.9999 0.0163
vn 0.0009 0.9999 0.0164
vn -0.0010 0.9999 0.0165
vn 0.0086 0.9999 0.0136
vn -0.0001 0.9992 -0.0390
vn -0.0013 0.9990 -0.0442
vn -0.0009 0.9990 -0.0438
vn -0.1079 0.9801 0.1668
vn 0.0009 0.9999 0.0162
vn 0.0010 0.9999 0.0164
vn -0.0026 0.9998 0.0207
vn 0.0008 0.9996 -0.0291
vn 0.0049 0.9993 -0.0362
vn 0.0011 0.9990 -0.0441
vn -0.0016 0.9990 -0.0440
vn 0.0234 0.8882 0.4589
vn 0.0011 0.9999 0.0163
vn -0.0004 0.9998 0.0189
vn -0.0025 0.9998 0.0209
vn 0.0023 0.9994 -0.0351
vn 0.0046 0.9993 -0.0362
vn 0.0047 0.9993 -0.0377
vn -0.0016 0.9990 -0.0439
vn -0.0290 0.9067 0.4208
vn 0.0009 0.9999 0.0168
vn -0.0032 0.9998 0.0209
vn -0.0039 0.9998 0.0210
vn -0.0017 0.9991 -0.0412
vn 0.0048 0.9993 -0.0363
vn 0.0049 0.9993 -0.0363
vn -0.0012 0.9990 -0.0438
vn -0.0378 0.8566 0.5145
vn -0.0363 0.9991 0.0233
vn -0.1145 0.9922 0.0502
vn -0.1352 0.9903 0.0324
vn -0.1116 0.9924 -0.0519
vn -0.0231 0.9991 -0.0344
vn 0.0036 0.9993 -0.0365
vn -0.2675 0.9635 -0.0128
vn 0.6380 0.5605 0.5280
vn 0.9943 0.1070 -0.0017
vn 0.9984 -0.0454 -0.0339
vn 0.9841 0.1766 -0.0177
vn 0.9408 0.3346 -0.0548
vn 0.8886 0.4553 -0.0558
vn 0.8431 0.5348 -0.0557
vn 0.8372 0.5449 -0.0465
vn 0.8115 0.4804 -0.3326
vn 0.9900 -0.0396 -0.1357
vn 0.9947 0.0849 0.0572
vn 0.9923 -0.0367 0.1179
vn 0.9913 -0.0402 0.1255
vn 0.9985 0.0543 -0.0039
vn 0.9893 0.1421 -0.0323
vn 0.9556 0.2872 -0.0667
vn 0.9946 0.0506 -0.0909
vn 0.9536 0.1710 0.2479
vn 0.8320 0.5331 -0.1537
vn 0.9857 0.0245 0.1666
vn 0.9846 0.1550 -0.0812
vn 0.9865 0.1502 -0.0649
vn 0.9771 0.2058 -0.0542
vn 0.9888 0.1420 -0.0468
vn 0.9916 0.1255 -0.0326
vn 0.9949 0.0987 -0.0224
vn 0.9936 0.1116 -0.0169
vn 0.9957 0.0921 -0.0042
vn 0.9944 -0.0235 0.1034
vn 0.9977 -0.0389 0.0556
vn 0.9953 0.0959 -0.0133
vn 0.9773 0.0861 -0.1938
vn 0.9930 0.0860 0.0809
vn 0.9964 0.0265 0.0802
vn 0.9966 -0.0324 0.0764
vn 0.9963 0.0369 -0.0781
vn 0.9927 -0.0674 -0.1001
vn 0.9917 0.0219 -0.1268
vn 0.9988 0.0303 -0.0392
vn 0.9934 0.1145 0.0025
vn 0.9962 -0.0020 -0.0868
vn 0.2493 0.9522 0.1766
vn -0.4440 0.8742 -0.1965
vn 0.8609 0.4980 -0.1044
vn -0.1012 0.9851 0.1393
vn -0.2146 0.9764 0.0244
vn 0.8380 0.5437 -0.0454
vn -0.1791 0.9836 -0.0220
vn -0.0958 0.9950 -0.0287
vn 0.8638 0.5007 -0.0556
vn -0.0149 0.9983 -0.0558
vn 0.0863 0.9900 -0.1116
vn 0.9174 0.3955 -0.0443
vn 0.2569 0.9632 -0.0786
vn 0.3553 0.9319 -0.0726
vn 0.9780 0.2057 -0.0341
vn 0.4813 0.8765 -0.0140
vn 0.5735 0.8192 -0.0023
vn 0.9974 0.0662 -0.0269
vn 0.6449 0.7643 0.0008
vn 0.6977 0.7163 -0.0053
vn 0.9969 0.0769 -0.0176
vn 0.7439 0.6681 -0.0150
vn 0.7985 0.6016 -0.0227
vn 0.9941 0.1031 0.0323
vn 0.0421 0.8265 0.5613
vn -0.0036 0.9985 -0.0551
vn -0.2687 0.9626 -0.0351
vn -0.0026 0.9992 -0.0400
vn -0.0523 0.9981 -0.0317
vn 0.0047 0.9993 -0.0362
vn 0.0045 0.9993 -0.0363
vn 0.0037 0.9993 -0.0360
vn 0.0044 0.9993 -0.0363
vn 0.0040 0.9993 -0.0363
vn -0.0231 0.9991 -0.0347
vn -0.0148 0.9989 -0.0450
vn -0.0527 0.9985 0.0164
vn -0.1078 0.9941 -0.0123
vn -0.0487 0.9985 0.0241
vn -0.0313 0.9992 0.0231
vn -0.1326 0.9902 0.0432
vn -0.0034 0.9998 0.0213
vn -0.0911 0.9955 0.0272
vn -0.0035 0.9998 0.0197
vn -0.0478 0.9987 0.0180
vn 0.0142 0.9997 -0.0221
vn -0.0319 0.8839 0.4666
vn -0.0000 0.9987 -0.0502
vn 0.0027 0.9986 -0.0519
vn -0.0014 0.9990 -0.0437
vn -0.0013 0.9992 -0.0409
vn 0.0040 0.9993 -0.0368
vn 0.0048 0.9993 -0.0362
vn 0.0047 0.9993 -0.0363
vn -0.0012 0.9993 -0.0367
vn -0.0026 0.9997 0.0226
vn -0.0042 0.9998 0.0183
vn -0.0029 0.9998 0.0210
vn -0.0027 0.9998 0.0208
vn -0.0036 0.9998 0.0210
vn 0.0005 0.9998 0.0174
vn -0.0023 0.9998 0.0204
vn 0.0008 0.9999 0.0165
vn 0.0010 0.9999 0.0143
vn 0.0009 0.9999 0.0146
vn -0.0112 0.9220 0.3871
vn -0.0019 0.9988 -0.0486
vn -0.0006 0.9988 -0.0487
vn -0.0016 0.9990 -0.0438
vn 0.0022 0.9990 -0.0441
vn 0.0044 0.9991 -0.0423
vn 0.0047 0.9993 -0.0361
vn 0.0046 0.9993 -0.0361
vn 0.0019 0.9995 -0.0328
vn -0.0016 0.9993 0.0360
vn -0.0020 0.9996 0.0295
vn -0.0019 0.9998 0.0200
vn -0.0027 0.9998 0.0209
vn 0.0009 0.9999 0.0163
vn 0.0010 0.9999 0.0142
vn -0.2130 0.9378 0.2742
vn 0.0077 0.9985 -0.0540
vn -0.0032 0.9981 -0.0612
vn -0.0015 0.9990 -0.0439
vn -0.0015 0.9990 -0.0441
vn -0.0013 0.9990 -0.0437
vn 0.0046 0.9992 -0.0386
vn 0.0063 0.9994 -0.0352
vn 0.0045 0.9991 -0.0419
vn 0.0138 0.9998 -0.0146
vn -0.0023 0.9992 0.0411
vn -0.0016 0.9991 0.0417
vn -0.0030 0.9998 0.0180
vn 0.0010 0.9999 0.0168
vn 0.0009 0.9999 0.0139
vn 0.0010 0.9999 0.0140
vn -0.1147 0.9924 0.0457
vn -0.0014 0.9998 -0.0184
vn 0.0094 0.9989 -0.0456
vn -0.0016 0.9990 -0.0451
vn -0.0017 0.9990 -0.0437
vn -0.0011 0.9990 -0.0439
vn -0.0020 0.9990 -0.0440
vn -0.0019 0.9990 -0.0443
vn -0.0012 0.9990 -0.0443
vn 0.0059 0.9989 -0.0455
vn 0.0143 0.9987 -0.0489
vn 0.0052 0.9991 -0.0416
vn -0.0021 0.9995 0.0313
vn -0.0030 0.9998 0.0173
vn -0.0268 0.9994 0.0225
vn 0.0015 0.9999 0.0164
vn 0.0014 0.9999 0.0164
vn 0.0008 0.9999 0.0163
vn 0.0012 0.9999 0.0164
vn 0.0012 0.9999 0.0162
vn 0.0010 0.9999 0.0162
vn 0.0011 0.9999 0.0139
vn 0.0010 0.9999 0.0139
vn -0.5569 0.8306 0.0024
vn -0.5321 0.8466 -0.0098
vn 0.3834 0.9234 -0.0199
vn -0.4944 0.8691 -0.0129
vn -0.4583 0.8887 -0.0120
vn 0.2685 0.9630 -0.0248
vn -0.4272 0.9040 -0.0148
vn -0.3973 0.9175 -0.0204
vn 0.1988 0.9796 -0.0308
vn -0.3679 0.9294 -0.0280
vn -0.3364 0.9407 -0.0434
vn 0.1723 0.9850 -0.0037
vn -0.2553 0.9667 -0.0202
vn -0.1340 0.9907 -0.0229
vn 0.0607 0.9965 0.0569
vn -0.0242 0.9993 -0.0295
vn 0.0333 0.9992 -0.0233
vn 0.0015 0.9999 0.0162
vn 0.0788 0.9968 -0.0148
vn 0.1108 0.9938 -0.0010
vn 0.0020 0.9999 0.0162
vn 0.1241 0.9921 0.0207
vn 0.1119 0.9904 0.0816
vn 0.0013 0.9999 0.0142
vn -0.9949 0.1005 0.0092
vn -0.9955 0.0945 0.0061
vn -0.9712 0.2379 0.0131
vn -0.9939 0.1100 0.0095
vn -0.9918 0.1275 0.0098
vn -0.9624 0.2708 0.0204
vn -0.9889 0.1486 0.0072
vn -0.9850 0.1723 0.0023
vn -0.9496 0.3132 0.0089
vn -0.9817 0.1905 -0.0046
vn -0.9782 0.2075 -0.0103
vn -0.9236 0.3825 -0.0262
vn -0.9785 0.2059 -0.0117
vn -0.9804 0.1969 -0.0103
vn -0.8594 0.5101 -0.0346
vn -0.9797 0.2005 -0.0092
vn -0.9789 0.2040 -0.0066
vn -0.7537 0.6552 -0.0510
vn -0.9788 0.2048 -0.0063
vn -0.9781 0.2078 -0.0151
vn -0.5956 0.8012 -0.0575
vn -0.9716 0.2289 -0.0601
vn -0.9470 0.3160 0.0575
vn -0.3767 0.9251 -0.0476
vn 0.4350 0.8957 -0.0923
vn 0.2661 0.8032 0.5330
vn 0.6386 0.7160 0.2821
vn 0.2829 0.9264 0.2485
vn 0.3161 0.7032 0.6369
vn 0.6277 0.7411 0.2382
vn 0.0078 0.8647 0.5022
vn -0.0081 0.6458 0.7635
vn -0.0181 0.6724 0.7400
vn 0.0795 0.7848 0.6147
vn -0.0100 0.6644 0.7473
vn -0.0023 0.6485 0.7612
vn -0.3401 0.8643 0.3705
vn -0.1704 0.6899 0.7036
vn 0.0382 0.7234 0.6894
vn -0.3719 0.8233 0.4288
vn -0.1141 0.9633 0.2431
vn -0.2027 0.7475 0.6326
vn -0.3623 0.9271 -0.0965
vn -0.3654 0.9308 -0.0081
vn 0.3325 0.9206 -0.2048
vn -0.9974 0.0711 0.0111
vn -0.9949 0.1004 0.0061
vn -0.9787 0.2033 0.0283
vn 0.8726 0.4722 -0.1248
vn 0.9327 0.3364 -0.1300
vn 0.9959 0.0815 -0.0390
vn -0.9945 -0.0813 0.0661
vn 0.9847 -0.1739 0.0066
vn 0.2237 -0.9359 -0.2722
vn 0.2221 -0.9479 -0.2284
vn -0.0356 -0.7845 -0.6191
vn 0.0317 -0.8644 -0.5018
vn -0.0359 -0.9598 -0.2783
vn -0.3443 -0.9316 -0.1164
vn -0.5855 -0.7904 0.1803
vn 0.3502 -0.9352 -0.0536
vn 0.5838 -0.8112 -0.0347
vn 0.7535 -0.6567 -0.0328
vn 0.8630 -0.5039 -0.0357
vn 0.9278 -0.3716 -0.0334
vn 0.9535 -0.2988 -0.0398
vn 0.9667 -0.2551 -0.0179
vn 0.9749 -0.2228 0.0005
vn -0.0020 -0.9999 -0.0161
vn -0.0022 -0.9999 -0.0163
vn -0.0016 -0.9999 -0.0164
vn -0.0593 -0.9979 -0.0272
vn -0.1728 -0.9834 0.0561
vn -0.2346 -0.9703 0.0589
vn -0.3192 -0.9475 0.0203
vn -0.3958 -0.9181 0.0212
vn -0.0012 -0.9999 -0.0164
vn -0.0009 -0.9999 -0.0164
vn -0.0009 -0.9998 -0.0178
vn 0.0290 -0.9995 0.0116
vn -0.0056 -0.9994 0.0352
vn 0.0012 -0.9990 0.0441
vn 0.0011 -0.9990 0.0440
vn -0.0211 -0.9860 -0.1655
vn -0.0009 -0.9999 -0.0162
vn -0.0010 -0.9999 -0.0164
vn 0.0026 -0.9998 -0.0208
vn -0.0006 -0.9995 0.0328
vn -0.0049 -0.9993 0.0362
vn -0.0011 -0.9990 0.0441
vn 0.0016 -0.9990 0.0440
vn -0.0239 -0.8916 -0.4522
vn -0.0011 -0.9999 -0.0163
vn 0.0004 -0.9998 -0.0189
vn 0.0025 -0.9998 -0.0209
vn -0.0022 -0.9993 0.0371
vn -0.0046 -0.9993 0.0362
vn -0.0047 -0.9993 0.0377
vn 0.0016 -0.9990 0.0439
vn -0.0347 -0.8872 -0.4600
vn -0.0008 -0.9999 -0.0168
vn 0.0032 -0.9998 -0.0209
vn 0.0040 -0.9998 -0.0210
vn 0.0020 -0.9989 0.0460
vn -0.0048 -0.9993 0.0363
vn -0.0037 -0.9992 0.0405
vn -0.0399 -0.8317 -0.5538
vn 0.0042 -0.9998 -0.0211
vn 0.1048 -0.9933 -0.0494
vn 0.1430 -0.9892 -0.0330
vn 0.1142 -0.9921 0.0521
vn 0.0232 -0.9991 0.0344
vn -0.0033 -0.9993 0.0365
vn 0.0400 -0.9899 -0.1359
vn 0.0105 -0.9711 -0.2383
vn -0.9945 -0.1003 0.0312
vn -0.9965 0.0084 0.0826
vn -0.9965 -0.0337 -0.0761
vn -0.9815 -0.1840 0.0522
vn -0.9228 -0.3814 0.0540
vn -0.8713 -0.4875 0.0555
vn -0.8459 -0.5311 0.0498
vn -0.8338 -0.4563 0.3107
vn -0.9885 0.0390 0.1461
vn -0.9989 -0.0036 -0.0461
vn -0.9789 0.0456 -0.1991
vn -0.9919 0.0378 -0.1216
vn -0.9998 0.0178 0.0083
vn -0.9944 -0.0994 0.0349
vn -0.9757 -0.2066 0.0729
vn -0.9975 -0.0406 0.0571
vn -0.8319 -0.5540 0.0316
vn -0.9752 -0.1314 -0.1781
vn -0.9580 -0.2861 0.0202
vn -0.9865 -0.1445 0.0766
vn -0.9889 -0.1364 0.0589
vn -0.9879 -0.1434 0.0585
vn -0.9916 -0.1203 0.0469
vn -0.9937 -0.1078 0.0321
vn -0.9982 -0.0554 0.0248
vn -0.9957 -0.0913 0.0158
vn -0.9991 0.0407 0.0086
vn -0.9874 0.1245 -0.0976
vn -0.9914 0.1202 -0.0524
vn -0.9952 -0.0969 0.0132
vn -0.9775 -0.0849 0.1933
vn -0.9917 -0.0215 -0.1268
vn -0.9964 -0.0218 -0.0823
vn -0.9928 -0.0809 -0.0882
vn -0.9919 0.1229 -0.0323
vn -0.9887 0.0645 0.1354
vn -0.9957 0.0591 0.0711
vn -0.9911 -0.0403 0.1272
vn -0.9895 -0.1250 0.0726
vn -0.9962 0.0020 0.0870
vn 0.4728 -0.8555 0.2111
vn 0.1368 -0.9899 -0.0369
vn -0.8332 -0.5304 0.1564
vn 0.2386 -0.9592 -0.1515
vn 0.2096 -0.9775 -0.0237
vn -0.8524 -0.5215 0.0376
vn 0.1239 -0.9915 -0.0402
vn 0.0479 -0.9983 0.0324
vn -0.8957 -0.4413 0.0548
vn -0.0545 -0.9967 0.0605
vn -0.2240 -0.9673 0.1186
vn -0.9452 -0.3240 0.0406
vn -0.3240 -0.9426 0.0813
vn -0.4526 -0.8884 0.0768
vn -0.9869 -0.1589 0.0295
vn -0.5543 -0.8296 -0.0671
vn -0.6281 -0.7752 -0.0674
vn -0.9940 0.0867 -0.0669
vn -0.6883 -0.7227 -0.0626
vn -0.7418 -0.6685 -0.0542
vn -0.9938 -0.0710 0.0856
vn -0.8014 -0.5953 -0.0577
vn -0.8696 -0.4928 0.0305
vn -0.9911 -0.1329 -0.0052
vn -0.0465 -0.7183 -0.6942
vn 0.0033 -0.9990 0.0448
vn 0.2723 -0.9381 0.2138
vn -0.0044 -0.9994 0.0351
vn -0.0047 -0.9993 0.0359
vn -0.0027 -0.9994 0.0357
vn -0.0042 -0.9993 0.0365
vn -0.0045 -0.9993 0.0363
vn -0.0033 -0.9993 0.0360
vn -0.0044 -0.9993 0.0363
vn -0.0037 -0.9993 0.0367
vn 0.1117 -0.9933 0.0280
vn 0.0159 -0.9981 0.0590
vn 0.0551 -0.9984 0.0162
vn 0.1467 -0.9885 0.0359
vn 0.0489 -0.9985 -0.0241
vn 0.0314 -0.9992 -0.0231
vn 0.1273 -0.9909 -0.0428
vn 0.0036 -0.9998 -0.0212
vn 0.0034 -0.9998 -0.0213
vn 0.0533 -0.9983 -0.0246
vn 0.0018 -0.9998 -0.0196
vn 0.0479 -0.9987 -0.0181
vn -0.0862 -0.9959 0.0267
vn -0.0365 -0.8623 -0.5051
vn 0.0013 -0.9991 0.0426
vn 0.0011 -0.9991 0.0431
vn 0.0015 -0.9990 0.0437
vn -0.0048 -0.9993 0.0368
vn -0.0047 -0.9993 0.0362
vn -0.0047 -0.9993 0.0363
vn 0.0015 -0.9991 0.0413
vn 0.0029 -0.9998 -0.0183
vn 0.0045 -0.9999 -0.0132
vn 0.0029 -0.9998 -0.0210
vn 0.0027 -0.9998 -0.0208
vn 0.0037 -0.9998 -0.0210
vn -0.0005 -0.9998 -0.0174
vn 0.0023 -0.9998 -0.0204
vn -0.0008 -0.9999 -0.0165
vn -0.0010 -0.9999 -0.0143
vn -0.0009 -0.9999 -0.0146
vn -0.0308 -0.9222 -0.3856
vn 0.0015 -0.9991 0.0429
vn 0.0018 -0.9991 0.0425
vn 0.0016 -0.9990 0.0438
vn -0.0022 -0.9990 0.0441
vn -0.0044 -0.9991 0.0423
vn -0.0047 -0.9993 0.0361
vn -0.0046 -0.9993 0.0361
vn -0.0017 -0.9994 0.0352
vn 0.0021 -0.9996 -0.0296
vn 0.0020 -0.9996 -0.0296
vn 0.0028 -0.9998 -0.0211
vn 0.0019 -0.9998 -0.0200
vn 0.0027 -0.9998 -0.0209
vn -0.0009 -0.9999 -0.0163
vn -0.0010 -0.9999 -0.0163
vn -0.0010 -0.9999 -0.0142
vn -0.0342 -0.8917 -0.4514
vn 0.0022 -0.9984 0.0557
vn 0.0027 -0.9984 0.0556
vn 0.0015 -0.9990 0.0439
vn 0.0013 -0.9990 0.0440
vn -0.0061 -0.9992 0.0387
vn -0.0046 -0.9992 0.0386
vn -0.0122 -0.9993 0.0367
vn 0.0071 -0.9996 0.0287
vn 0.0014 -0.9991 -0.0418
vn 0.0019 -0.9993 -0.0362
vn -0.0007 -0.9998 -0.0205
vn -0.0010 -0.9999 -0.0168
vn -0.0009 -0.9999 -0.0139
vn -0.0010 -0.9999 -0.0140
vn -0.0377 -0.9986 -0.0364
vn -0.0014 -0.9998 0.0185
vn 0.0009 -0.9990 0.0438
vn -0.0005 -0.9990 0.0439
vn 0.0002 -0.9990 0.0440
vn 0.0009 -0.9990 0.0442
vn 0.0011 -0.9990 0.0443
vn 0.0004 -0.9990 0.0438
vn -0.0067 -0.9992 0.0395
vn -0.0150 -0.9990 0.0424
vn -0.0048 -0.9991 0.0419
vn 0.0031 -0.9999 -0.0145
vn -0.0017 -0.9998 -0.0205
vn -0.0006 -0.9992 -0.0410
vn -0.0013 -0.9999 -0.0163
vn -0.0012 -0.9999 -0.0163
vn -0.0008 -0.9999 -0.0163
vn -0.0012 -0.9999 -0.0162
vn -0.0010 -0.9999 -0.0162
vn -0.0013 -0.9999 -0.0162
vn -0.0010 -0.9999 -0.0139
vn 0.5245 -0.8514 -0.0012
vn 0.4846 -0.8747 0.0096
vn -0.3714 -0.9283 0.0184
vn 0.4453 -0.8953 0.0133
vn 0.4104 -0.9118 -0.0167
vn -0.2733 -0.9600 0.0607
vn 0.3790 -0.9253 -0.0118
vn 0.3492 -0.9370 -0.0049
vn -0.2019 -0.9777 0.0573
vn 0.3182 -0.9480 0.0013
vn 0.2346 -0.9718 -0.0229
vn -0.1016 -0.9933 0.0548
vn 0.1071 -0.9913 -0.0759
vn -0.0024 -0.9981 -0.0612
vn -0.0019 -0.9999 -0.0170
vn -0.0531 -0.9985 -0.0131
vn -0.0944 -0.9955 -0.0100
vn -0.0019 -0.9999 -0.0164
vn -0.1219 -0.9925 -0.0081
vn -0.1304 -0.9914 -0.0075
vn -0.0022 -0.9999 -0.0161
vn -0.1114 -0.9937 -0.0088
vn -0.0143 -0.9998 -0.0134
vn -0.0014 -0.9999 -0.0139
vn 0.9956 -0.0937 -0.0094
vn 0.9940 -0.1090 -0.0055
vn 0.9705 -0.2407 -0.0134
vn 0.9919 -0.1266 -0.0087
vn 0.9890 -0.1478 -0.0088
vn 0.9605 -0.2755 -0.0378
vn 0.9846 -0.1726 -0.0263
vn 0.9815 -0.1906 -0.0169
vn 0.9425 -0.3322 -0.0379
vn 0.9782 -0.2074 -0.0091
vn 0.9790 -0.2036 0.0122
vn 0.9070 -0.4207 -0.0172
vn 0.9812 -0.1919 0.0202
vn 0.9809 -0.1942 0.0089
vn 0.8127 -0.5815 -0.0384
vn 0.9807 -0.1951 0.0079
vn 0.9812 -0.1928 0.0077
vn 0.6773 -0.7349 -0.0337
vn 0.9812 -0.1930 0.0053
vn 0.9767 -0.2147 -0.0025
vn 0.4765 -0.8782 -0.0408
vn 0.9545 -0.2981 -0.0065
vn 0.9673 -0.2458 -0.0628
vn 0.1644 -0.9848 0.0553
vn -0.4379 -0.8934 0.1009
vn -0.2565 -0.8951 -0.3648
vn -0.2338 -0.9718 -0.0313
vn -0.2883 -0.9264 -0.2422
vn 0.1930 -0.9111 -0.3643
vn -0.6348 -0.7389 -0.2258
vn -0.0099 -0.8663 -0.4994
vn 0.0078 -0.6464 -0.7630
vn 0.0240 -0.7246 -0.6888
vn 0.0268 -0.8291 -0.5584
vn -0.0186 -0.6685 -0.7435
vn 0.0012 -0.6508 -0.7593
vn 0.1915 -0.8534 -0.4849
vn 0.1854 -0.6884 -0.7012
vn -0.1425 -0.6682 -0.7302
vn 0.6215 -0.7612 -0.1850
vn 0.1142 -0.9630 -0.2441
vn 0.0757 -0.7708 -0.6325
vn 0.3213 -0.9420 0.0970
vn 0.5473 -0.8138 0.1956
vn -0.3340 -0.9234 0.1891
vn 0.9975 -0.0700 -0.0112
vn 0.9950 -0.1001 -0.0062
vn 0.9824 -0.1847 -0.0290
vn -0.9481 -0.3178 0.0052
vn -0.9829 -0.1819 0.0273
vn -0.9955 -0.0845 0.0430
vn -0.5247 -0.8475 0.0799
vn 0.1371 -0.1082 0.9846
vn 0.1277 -0.9847 -0.1183
vn 0.0333 -0.0397 -0.9987
vn -0.1974 -0.9798 0.0335
vn -0.2361 -0.9710 0.0378
vn -0.3138 -0.9483 0.0469
vn -0.3910 -0.9186 0.0565
vn -0.4132 -0.9082 0.0668
vn -0.4000 -0.9139 0.0693
vn -0.3990 -0.9135 0.0791
vn -0.4612 -0.8842 0.0744
vn 0.0547 -0.0258 0.9982
vn 0.0708 -0.0113 0.9974
vn 0.0663 -0.0112 0.9977
vn 0.0685 -0.0115 0.9976
vn 0.0700 -0.0116 0.9975
vn 0.0698 -0.0047 0.9975
vn 0.0519 -0.0525 0.9973
vn -0.0053 -0.1108 0.9938
vn -0.0867 -0.9910 -0.1016
vn 0.0918 -0.9897 -0.1095
vn 0.0456 -0.9942 -0.0975
vn -0.1531 -0.9859 -0.0670
vn 0.1046 -0.9933 -0.0485
vn 0.3092 -0.9494 -0.0545
vn 0.4120 -0.9088 -0.0650
vn 0.1532 -0.9827 -0.1038
vn -0.1781 0.0134 -0.9839
vn -0.2347 0.0080 -0.9720
vn -0.1567 0.2418 -0.9576
vn -0.1052 0.4203 -0.9013
vn -0.0765 0.4894 -0.8687
vn -0.0042 0.3072 -0.9516
vn -0.0171 0.2899 -0.9569
vn 0.0407 -0.0034 -0.9992
vn -0.5140 -0.8549 0.0699
vn 0.0888 -0.1015 0.9909
vn 0.1504 -0.9823 -0.1119
vn 0.0771 -0.0596 -0.9952
vn -0.1777 -0.9834 0.0367
vn -0.2143 -0.9761 0.0351
vn -0.2725 -0.9612 0.0424
vn -0.3554 -0.9333 0.0515
vn -0.4130 -0.9086 0.0617
vn -0.4030 -0.9128 0.0660
vn -0.4006 -0.9132 0.0750
vn -0.4075 -0.9096 0.0807
vn 0.1005 0.0344 0.9943
vn 0.0628 -0.0267 0.9977
vn 0.0656 -0.0112 0.9978
vn 0.0676 -0.0113 0.9977
vn 0.0694 -0.0115 0.9975
vn 0.0703 -0.0118 0.9975
vn 0.0692 -0.0050 0.9976
vn -0.0089 -0.1082 0.9941
vn -0.0905 -0.9915 -0.0929
vn 0.0289 -0.9932 -0.1126
vn 0.0604 -0.9930 -0.1016
vn -0.0534 -0.9973 -0.0510
vn -0.0534 -0.9969 -0.0571
vn 0.2123 -0.9758 -0.0515
vn 0.4241 -0.9022 -0.0790
vn 0.2370 -0.9660 -0.1029
vn -0.1064 0.0913 -0.9901
vn -0.2177 -0.0413 -0.9751
vn -0.1947 0.1225 -0.9732
vn -0.1245 0.3452 -0.9302
vn -0.0907 0.4776 -0.8739
vn -0.0348 0.4179 -0.9078
vn -0.0051 0.2659 -0.9640
vn -0.0376 0.1776 -0.9834
vn 0.9943 0.0839 -0.0658
vn -0.9754 0.1879 -0.1149
vn -0.2178 0.8753 0.4318
vn -0.2161 0.9000 0.3786
vn 0.0344 0.7846 0.6190
vn 0.0531 0.8651 0.4988
vn 0.2415 0.9363 0.2551
vn 0.5213 0.8463 -0.1099
vn 0.5009 0.8647 -0.0382
vn -0.3734 0.9260 0.0564
vn -0.5935 0.8039 0.0386
vn -0.7518 0.6583 0.0371
vn -0.8577 0.5126 0.0405
vn -0.9222 0.3850 0.0355
vn -0.9484 0.3143 0.0410
vn -0.9620 0.2712 0.0314
vn -0.9785 0.2035 0.0342
vn 0.0020 0.9999 0.0161
vn 0.0020 0.9999 0.0163
vn 0.0588 0.9979 0.0272
vn 0.1970 0.9787 -0.0573
vn 0.2661 0.9620 -0.0604
vn 0.3575 0.9316 -0.0654
vn 0.3848 0.9229 0.0131
vn 0.0008 0.9999 0.0164
vn 0.0009 0.9998 0.0178
vn -0.0291 0.9995 -0.0116
vn 0.0056 0.9994 -0.0352
vn -0.0012 0.9990 -0.0441
vn -0.0011 0.9990 -0.0440
vn 0.0248 0.9637 0.2659
vn -0.0030 0.9998 0.0211
vn 0.0052 0.9994 -0.0330
vn 0.0048 0.9993 -0.0361
vn -0.0014 0.9991 -0.0419
vn -0.0018 0.9990 -0.0438
vn 0.1105 0.9198 0.3766
vn 0.0009 0.9999 0.0165
vn -0.0027 0.9998 0.0210
vn 0.0045 0.9993 -0.0371
vn 0.0028 0.9993 -0.0361
vn -0.0019 0.9990 -0.0436
vn 0.0333 0.8859 0.4627
vn -0.0023 0.9998 0.0197
vn -0.0036 0.9998 0.0212
vn -0.0040 0.9998 0.0210
vn 0.0040 0.9989 -0.0463
vn 0.0037 0.9992 -0.0405
vn 0.0367 0.8265 0.5617
vn 0.0191 0.9978 0.0637
vn -0.0886 0.9937 0.0690
vn -0.1332 0.9905 0.0338
vn -0.1106 0.9925 -0.0512
vn 0.0019 0.9984 -0.0570
vn -0.0408 0.9902 0.1337
vn -0.0051 0.9724 0.2334
vn 0.9963 0.0788 -0.0349
vn 0.9966 0.0133 -0.0810
vn 0.9952 0.0594 0.0779
vn 0.9771 0.1998 0.0730
vn 0.9191 0.3941 0.0039
vn 0.8660 0.4996 -0.0201
vn 0.8380 0.5437 -0.0453
vn 0.2973 0.9062 0.3007
vn 0.9878 -0.0508 -0.1474
vn 0.9932 -0.0025 0.1162
vn 0.9783 0.0472 0.2018
vn 0.9917 -0.1209 0.0447
vn 0.9984 -0.0212 0.0517
vn 0.9952 0.0975 0.0009
vn 0.9791 0.2032 -0.0021
vn 0.9948 0.0877 -0.0520
vn 0.8431 0.5365 -0.0384
vn 0.9728 0.1441 0.1812
vn 0.9581 0.2854 -0.0244
vn 0.9855 0.1507 -0.0777
vn 0.9880 0.1425 -0.0587
vn 0.9900 0.1407 -0.0062
vn 0.9915 0.1255 -0.0334
vn 0.9935 0.1118 -0.0215
vn 0.9985 0.0535 0.0115
vn 0.9958 0.0920 -0.0011
vn 0.9940 -0.0408 0.1020
vn 0.9752 -0.1281 0.1803
vn 0.9855 -0.1192 0.1210
vn 0.9751 -0.0914 -0.2018
vn 0.9594 -0.0083 -0.2819
vn 0.9920 0.0225 0.1239
vn 0.9963 0.0230 0.0826
vn 0.9958 0.0916 -0.0093
vn 0.9920 -0.1224 0.0314
vn 0.9842 -0.1064 -0.1415
vn 0.9956 -0.0592 -0.0722
vn 0.9885 -0.0628 -0.1378
vn 0.9959 0.0359 -0.0831
vn 0.9910 -0.0405 -0.1276
vn -0.4447 0.8648 -0.2331
vn -0.1100 0.9931 0.0405
vn 0.8243 0.5453 -0.1519
vn -0.2119 0.9754 0.0601
vn -0.1738 0.9832 0.0549
vn 0.8446 0.5341 -0.0357
vn -0.0909 0.9949 0.0426
vn -0.0089 0.9994 0.0349
vn 0.8910 0.4539 -0.0090
vn 0.0953 0.9951 0.0261
vn 0.2626 0.9646 0.0252
vn 0.9428 0.3329 0.0155
vn 0.3598 0.9330 0.0058
vn 0.4833 0.8745 0.0398
vn 0.9844 0.1760 -0.0076
vn 0.5754 0.8143 0.0762
vn 0.6470 0.7588 0.0748
vn 0.9961 -0.0536 0.0698
vn 0.7003 0.7111 0.0631
vn 0.7465 0.6632 0.0527
vn 0.9956 0.0145 -0.0925
vn 0.8009 0.5959 0.0588
vn 0.8638 0.4978 0.0778
vn 0.9902 0.1395 0.0051
vn -0.1683 0.6861 0.7078
vn -0.0055 0.9986 -0.0533
vn -0.0488 0.9710 -0.2342
vn 0.0046 0.9994 -0.0352
vn 0.0067 1.0000 0.0073
vn 0.0042 0.9993 -0.0366
vn 0.0043 0.9993 -0.0361
vn 0.0034 0.9993 -0.0363
vn 0.0044 0.9993 -0.0367
vn -0.1147 0.9887 -0.0962
vn 0.0022 0.9982 -0.0601
vn -0.0128 0.9997 -0.0191
vn -0.1397 0.9896 -0.0343
vn -0.0519 0.9983 0.0269
vn -0.0478 0.9981 0.0377
vn -0.1141 0.9919 0.0566
vn -0.0019 0.9991 0.0427
vn -0.0336 0.9971 0.0689
vn -0.0018 0.9998 0.0209
vn -0.0046 0.9998 -0.0208
vn 0.1084 0.9930 0.0478
vn 0.0348 0.8591 0.5106
vn -0.0019 0.9987 -0.0516
vn -0.0020 0.9985 -0.0553
vn -0.0015 0.9990 -0.0437
vn 0.0048 0.9993 -0.0368
vn 0.0043 0.9991 -0.0416
vn 0.0028 0.9998 0.0178
vn 0.0022 0.9999 0.0126
vn -0.0028 0.9998 0.0209
vn -0.0029 0.9998 0.0209
vn -0.0039 0.9998 0.0212
vn -0.0029 0.9998 0.0205
vn -0.0032 0.9998 0.0212
vn 0.0004 0.9999 0.0168
vn 0.0007 0.9999 0.0146
vn 0.0007 0.9999 0.0148
vn 0.0328 0.9085 0.4167
vn -0.0018 0.9988 -0.0486
vn -0.0023 0.9987 -0.0500
vn -0.0014 0.9992 -0.0409
vn -0.0012 0.9993 -0.0373
vn 0.0047 0.9994 -0.0353
vn 0.0063 0.9996 0.0290
vn 0.0064 0.9997 0.0220
vn -0.0026 0.9998 0.0208
vn -0.0020 0.9998 0.0190
vn -0.0005 0.9998 0.0175
vn 0.0008 0.9999 0.0143
vn 0.0009 0.9999 0.0143
vn 0.0301 0.8882 0.4584
vn -0.0026 0.9981 -0.0613
vn -0.0177 0.9987 -0.0475
vn -0.0013 0.9990 -0.0440
vn 0.0061 0.9992 -0.0387
vn 0.0017 0.9994 -0.0360
vn 0.0122 0.9993 -0.0367
vn -0.0071 0.9996 -0.0285
vn -0.0014 0.9991 0.0417
vn 0.0053 0.9994 0.0356
vn 0.0007 0.9998 0.0205
vn -0.0027 0.9998 0.0201
vn 0.0011 0.9999 0.0162
vn 0.0007 0.9999 0.0140
vn 0.0008 0.9999 0.0142
vn 0.0424 0.9865 0.1582
vn 0.0315 0.9984 -0.0471
vn -0.0016 0.9986 -0.0533
vn -0.0032 0.9990 -0.0437
vn -0.0017 0.9990 -0.0442
vn -0.0020 0.9990 -0.0443
vn -0.0004 0.9990 -0.0438
vn -0.0015 0.9992 -0.0389
vn 0.0061 0.9991 -0.0417
vn 0.0048 0.9991 -0.0419
vn 0.0187 0.9997 0.0129
vn 0.0017 0.9998 0.0205
vn 0.0006 0.9992 0.0409
vn 0.0013 0.9999 0.0163
vn 0.0012 0.9999 0.0163
vn 0.0013 0.9999 0.0162
vn -0.5305 0.8472 0.0287
vn -0.4925 0.8698 0.0288
vn 0.3593 0.9324 -0.0390
vn -0.4566 0.8894 0.0226
vn -0.4256 0.9047 0.0175
vn 0.3077 0.9494 -0.0622
vn -0.3956 0.9183 0.0129
vn -0.3663 0.9305 0.0061
vn 0.2287 0.9717 -0.0586
vn -0.3346 0.9423 -0.0001
vn -0.2535 0.9670 0.0243
vn 0.0998 0.9935 -0.0544
vn -0.1293 0.9886 0.0774
vn -0.0194 0.9978 0.0628
vn 0.0019 0.9999 0.0170
vn 0.0354 0.9993 0.0143
vn 0.0802 0.9967 0.0108
vn 0.0018 0.9999 0.0164
vn 0.1114 0.9937 0.0087
vn 0.1234 0.9923 0.0079
vn 0.1076 0.9941 0.0091
vn 0.0134 0.9998 0.0134
vn 0.0017 0.9999 0.0139
vn -0.9955 0.0944 0.0043
vn -0.9937 0.1104 0.0189
vn -0.9662 0.2562 0.0298
vn -0.9915 0.1280 0.0238
vn -0.9884 0.1494 0.0271
vn -0.9559 0.2911 0.0389
vn -0.9845 0.1734 0.0267
vn -0.9813 0.1916 0.0174
vn -0.9372 0.3466 0.0393
vn -0.9779 0.2086 0.0096
vn -0.9785 0.2059 -0.0115
vn -0.9010 0.4333 0.0205
vn -0.9803 0.1964 -0.0191
vn -0.9796 0.2006 -0.0074
vn -0.8085 0.5869 0.0434
vn -0.9789 0.2041 -0.0063
vn -0.9788 0.2048 -0.0060
vn -0.6804 0.7319 0.0378
vn -0.9780 0.2086 -0.0032
vn -0.9724 0.2334 0.0059
vn -0.4927 0.8690 0.0443
vn -0.9494 0.3138 0.0103
vn -0.9635 0.2671 0.0151
vn -0.2002 0.9745 0.1013
vn 0.4798 0.8639 -0.1533
vn 0.4964 0.8067 0.3207
vn 0.2832 0.9586 0.0301
vn 0.4072 0.9071 0.1067
vn -0.1895 0.9137 0.3596
vn 0.3814 0.7666 0.5166
vn 0.0948 0.8972 0.4314
vn 0.0350 0.6743 0.7376
vn 0.0802 0.7312 0.6774
vn -0.0264 0.8281 0.5600
vn 0.0189 0.6495 0.7602
vn -0.0060 0.6459 0.7634
vn -0.1888 0.8526 0.4872
vn -0.1887 0.6961 0.6927
vn 0.1395 0.6662 0.7326
vn -0.6190 0.7616 0.1918
vn -0.5914 0.5841 0.5559
vn -0.0778 0.7051 0.7048
vn -0.6979 0.6734 0.2437
vn -0.5530 0.8105 -0.1933
vn -0.2292 0.9443 0.2361
vn -0.9962 0.0870 -0.0039
vn -0.9969 0.0719 0.0326
vn -0.9801 0.1953 0.0367
vn 0.9450 0.3270 -0.0028
vn 0.9786 0.2043 -0.0249
vn 0.9953 0.0867 -0.0427
vn -0.9984 -0.0415 0.0393
vn 0.9502 -0.2892 0.1163
vn 0.4078 -0.8084 -0.4246
vn 0.4036 -0.8412 -0.3599
vn 0.1854 -0.8546 -0.4851
vn -0.0581 -0.8314 -0.5526
vn -0.2595 -0.8772 -0.4039
vn -0.5241 -0.8433 0.1188
vn -0.4882 -0.8719 0.0383
vn 0.4799 -0.8760 0.0478
vn 0.6799 -0.7312 0.0548
vn 0.8151 -0.5780 0.0395
vn 0.9079 -0.4177 0.0362
vn 0.9438 -0.3305 -0.0008
vn 0.9613 -0.2749 -0.0208
vn 0.9699 -0.2413 -0.0309
vn 0.9821 -0.1849 -0.0345
vn -0.0019 -0.9999 -0.0161
vn -0.0019 -0.9999 -0.0166
vn -0.1089 -0.9922 -0.0607
vn -0.2033 -0.9785 0.0347
vn -0.2753 -0.9609 0.0298
vn -0.3683 -0.9273 0.0666
vn -0.3496 -0.9366 -0.0221
vn -0.0008 -0.9999 -0.0164
vn 0.0010 -0.9999 -0.0165
vn -0.0085 -0.9999 -0.0137
vn 0.0001 -0.9992 0.0390
vn 0.0013 -0.9990 0.0442
vn 0.1123 -0.9543 -0.2769
vn 0.0030 -0.9998 -0.0211
vn -0.0054 -0.9995 0.0296
vn -0.0048 -0.9993 0.0361
vn 0.0014 -0.9991 0.0419
vn 0.0018 -0.9990 0.0438
vn -0.1100 -0.9192 -0.3782
vn -0.0009 -0.9999 -0.0165
vn 0.0026 -0.9998 -0.0210
vn -0.0046 -0.9994 0.0354
vn -0.0028 -0.9993 0.0361
vn 0.0019 -0.9990 0.0436
vn 0.0305 -0.9068 -0.4204
vn 0.0023 -0.9998 -0.0197
vn -0.0043 -0.9991 0.0417
vn -0.0049 -0.9993 0.0363
vn 0.0012 -0.9990 0.0438
vn 0.0370 -0.8600 -0.5090
vn 0.0507 -0.9967 -0.0627
vn 0.1256 -0.9898 -0.0680
vn 0.1419 -0.9894 -0.0320
vn 0.1134 -0.9922 0.0516
vn -0.0018 -0.9984 0.0569
vn -0.0026 -0.9994 0.0359
vn 0.2652 -0.9641 0.0138
vn -0.6373 -0.5808 -0.5064
vn -0.9980 -0.0626 0.0057
vn -0.9964 0.0772 0.0357
vn -0.9874 -0.1577 0.0121
vn -0.9455 -0.3166 -0.0757
vn -0.8987 -0.4385 -0.0039
vn -0.8535 -0.5206 0.0198
vn -0.8472 -0.5290 0.0481
vn -0.2477 -0.9266 -0.2830
vn -0.9892 0.0519 0.1374
vn -0.9894 -0.0770 -0.1231
vn -0.9899 -0.0562 -0.1303
vn -0.9918 0.1208 -0.0417
vn -0.9971 -0.0507 -0.0565
vn -0.9901 -0.1401 -0.0038
vn -0.9586 -0.2846 -0.0034
vn -0.9919 -0.0891 0.0906
vn -0.9576 -0.1505 -0.2456
vn -0.8194 -0.5521 0.1543
vn -0.9862 -0.0193 -0.1645
vn -0.9860 -0.1470 0.0785
vn -0.9875 -0.1439 0.0647
vn -0.9792 -0.2028 0.0015
vn -0.9903 -0.1351 0.0329
vn -0.9927 -0.1190 0.0214
vn -0.9952 -0.0967 -0.0142
vn -0.9944 -0.1061 0.0017
vn -0.9905 -0.0836 -0.1092
vn -0.9817 0.0289 -0.1883
vn -0.9914 0.0491 -0.1209
vn -0.9737 0.0992 0.2052
vn -0.9586 0.0106 0.2845
vn -0.9928 -0.0875 -0.0815
vn -0.9965 -0.0266 -0.0790
vn -0.9996 0.0222 0.0194
vn -0.9963 -0.0377 0.0774
vn -0.9885 0.1093 0.1049
vn -0.9918 -0.0225 0.1259
vn -0.9960 0.0736 0.0505
vn -0.9996 -0.0274 0.0070
vn -0.9910 0.0410 0.1277
vn -0.2523 -0.9525 -0.1705
vn 0.4728 -0.8615 0.1851
vn -0.8802 -0.4640 0.0995
vn 0.1353 -0.9893 -0.0550
vn 0.2473 -0.9672 -0.0587
vn -0.8462 -0.5309 0.0455
vn 0.2127 -0.9769 0.0198
vn 0.1241 -0.9916 -0.0369
vn -0.8742 -0.4855 0.0086
vn 0.0433 -0.9987 -0.0276
vn -0.0613 -0.9977 -0.0273
vn -0.9257 -0.3781 -0.0130
vn -0.2337 -0.9723 -0.0026
vn -0.3324 -0.9423 -0.0399
vn -0.9834 -0.1812 0.0074
vn -0.4578 -0.8890 0.0102
vn -0.5516 -0.8341 -0.0023
vn -0.9989 -0.0421 0.0224
vn -0.6257 -0.7800 -0.0058
vn -0.6858 -0.7278 0.0003
vn -0.9995 0.0139 0.0281
vn -0.7391 -0.6735 0.0099
vn -0.8012 -0.5919 -0.0876
vn -0.9951 -0.0934 -0.0317
vn 0.1914 -0.8095 -0.5551
vn 0.0008 -0.9991 0.0431
vn 0.0216 -0.9988 0.0435
vn 0.0030 -0.9992 0.0400
vn -0.0043 -0.9993 0.0362
vn 0.0502 -0.9987 -0.0122
vn -0.0043 -0.9993 0.0361
vn -0.0045 -0.9993 0.0364
vn 0.0283 -0.9942 0.1036
vn -0.0031 -0.9989 0.0463
vn 0.0107 -0.9999 -0.0136
vn 0.1112 -0.9937 0.0120
vn 0.0520 -0.9983 -0.0269
vn 0.0479 -0.9981 -0.0378
vn 0.1413 -0.9884 -0.0555
vn 0.0299 -0.9986 -0.0447
vn 0.0036 -0.9998 -0.0214
vn 0.1034 -0.9922 -0.0694
vn 0.0034 -0.9998 -0.0210
vn 0.0046 -0.9998 0.0207
vn 0.0020 -0.9986 -0.0523
vn 0.0326 -0.8853 -0.4639
vn 0.0014 -0.9991 0.0427
vn 0.0005 -0.9991 0.0427
vn 0.0014 -0.9990 0.0437
vn 0.0013 -0.9992 0.0409
vn -0.0040 -0.9993 0.0368
vn -0.0046 -0.9993 0.0372
vn -0.0030 -0.9997 -0.0223
vn -0.0025 -0.9998 -0.0179
vn 0.0028 -0.9998 -0.0209
vn 0.0029 -0.9998 -0.0209
vn 0.0039 -0.9998 -0.0212
vn 0.0029 -0.9998 -0.0205
vn 0.0032 -0.9998 -0.0212
vn -0.0004 -0.9999 -0.0168
vn -0.0007 -0.9999 -0.0146
vn -0.0007 -0.9999 -0.0148
vn 0.0101 -0.9078 -0.4193
vn 0.0017 -0.9991 0.0427
vn 0.0014 -0.9992 0.0409
vn 0.0012 -0.9993 0.0373
vn -0.0048 -0.9993 0.0362
vn -0.0048 -0.9994 0.0331
vn -0.0067 -0.9993 -0.0356
vn -0.0064 -0.9997 -0.0221
vn 0.0020 -0.9998 -0.0190
vn 0.0005 -0.9998 -0.0175
vn -0.0008 -0.9999 -0.0143
vn -0.0009 -0.9999 -0.0143
vn 0.2195 -0.9354 -0.2771
vn -0.0053 -0.9987 0.0505
vn 0.0182 -0.9990 0.0417
vn 0.0015 -0.9990 0.0441
vn 0.0013 -0.9990 0.0437
vn -0.0017 -0.9994 0.0360
vn -0.0063 -0.9994 0.0352
vn -0.0045 -0.9991 0.0419
vn -0.0138 -0.9998 0.0146
vn 0.0023 -0.9991 -0.0412
vn -0.0057 -0.9991 -0.0413
vn 0.0030 -0.9998 -0.0181
vn 0.0027 -0.9998 -0.0201
vn -0.0011 -0.9999 -0.0162
vn -0.0007 -0.9999 -0.0140
vn -0.0008 -0.9999 -0.0142
vn 0.1197 -0.9780 -0.1705
vn -0.0323 -0.9984 0.0459
vn -0.0067 -0.9987 0.0506
vn 0.0004 -0.9990 0.0446
vn -0.0006 -0.9991 0.0435
vn 0.0011 -0.9990 0.0439
vn 0.0002 -0.9990 0.0438
vn 0.0012 -0.9990 0.0443
vn 0.0011 -0.9990 0.0448
vn -0.0061 -0.9988 0.0483
vn -0.0052 -0.9991 0.0417
vn -0.0198 -0.9994 -0.0300
vn 0.0029 -0.9998 -0.0174
vn 0.0268 -0.9994 -0.0225
vn -0.0015 -0.9999 -0.0164
vn -0.0014 -0.9999 -0.0164
vn -0.0011 -0.9999 -0.0139
vn 0.5486 -0.8357 -0.0263
vn 0.5231 -0.8518 -0.0296
vn -0.3947 -0.9179 0.0406
vn 0.4829 -0.8753 -0.0241
vn 0.4452 -0.8954 0.0103
vn -0.3187 -0.9474 0.0278
vn 0.4119 -0.9111 0.0131
vn 0.3806 -0.9246 0.0184
vn -0.2362 -0.9711 0.0330
vn 0.3508 -0.9361 0.0252
vn 0.3200 -0.9466 0.0391
vn -0.1761 -0.9844 0.0035
vn 0.2365 -0.9715 0.0145
vn 0.1127 -0.9935 0.0174
vn -0.0612 -0.9965 -0.0570
vn 0.0030 -0.9997 0.0251
vn -0.0510 -0.9985 0.0197
vn -0.0016 -0.9999 -0.0161
vn -0.0930 -0.9956 0.0118
vn -0.1215 -0.9926 -0.0013
vn -0.1314 -0.9911 -0.0224
vn -0.1159 -0.9899 -0.0822
vn -0.0019 -0.9999 -0.0142
vn 0.9950 -0.1000 -0.0037
vn 0.9954 -0.0941 -0.0191
vn 0.9742 -0.2240 -0.0290
vn 0.9937 -0.1097 -0.0242
vn 0.9915 -0.1274 -0.0278
vn 0.9666 -0.2553 -0.0217
vn 0.9890 -0.1477 -0.0071
vn 0.9852 -0.1714 -0.0023
vn 0.9546 -0.2976 -0.0105
vn 0.9819 -0.1894 0.0045
vn 0.9784 -0.2063 0.0102
vn 0.9292 -0.3687 0.0244
vn 0.9790 -0.2036 0.0115
vn 0.9812 -0.1926 0.0100
vn 0.8650 -0.5008 0.0320
vn 0.9809 -0.1942 0.0087
vn 0.9807 -0.1953 0.0059
vn 0.7558 -0.6531 0.0479
vn 0.9812 -0.1924 0.0138
vn 0.5867 -0.8081 0.0524
vn 0.9760 -0.2098 0.0591
vn 0.9544 -0.2983 -0.0106
vn 0.3464 -0.9320 -0.1067
vn -0.4792 -0.8631 0.1594
vn -0.4865 -0.7175 -0.4985
vn -0.6329 -0.7212 -0.2817
vn -0.4108 -0.9059 -0.1027
vn -0.3051 -0.7041 -0.6412
vn -0.3742 -0.7644 -0.5250
vn -0.0954 -0.8986 -0.4283
vn -0.0320 -0.6727 -0.7392
vn -0.0773 -0.6731 -0.7355
vn -0.0798 -0.7845 -0.6150
vn 0.0083 -0.6504 -0.7595
vn 0.0076 -0.6464 -0.7630
vn 0.3439 -0.8645 -0.3666
vn 0.1686 -0.7021 -0.6918
vn -0.0410 -0.7240 -0.6886
vn 0.3729 -0.8235 -0.4275
vn 0.5841 -0.5979 -0.5490
vn 0.1864 -0.6882 -0.7012
vn 0.6971 -0.6773 -0.2353
vn 0.3216 -0.9468 0.0099
vn 0.2273 -0.9455 -0.2331
vn 0.9963 -0.0860 0.0035
vn 0.9970 -0.0708 -0.0328
vn 0.9837 -0.1758 -0.0373
vn -0.8684 -0.4803 0.1234
vn -0.9357 -0.3278 0.1301
vn -0.9961 -0.0786 0.0389
vn -0.5139 -0.8540 0.0816
vn 0.0896 -0.1175 0.9890
vn 0.1502 -0.9819 -0.1158
vn 0.0794 -0.0531 -0.9954
vn -0.1777 -0.9834 0.0368
vn -0.2144 -0.9759 0.0416
vn -0.2725 -0.9606 0.0542
vn -0.3554 -0.9325 0.0635
vn -0.4131 -0.9082 0.0668
vn -0.4030 -0.9126 0.0686
vn -0.4006 -0.9128 0.0788
vn -0.4076 -0.9090 0.0870
vn 0.0413 0.0017 0.9991
vn 0.0659 -0.0267 0.9975
vn 0.0684 -0.0113 0.9976
vn 0.0700 -0.0115 0.9975
vn 0.0721 -0.0118 0.9973
vn 0.0712 -0.0051 0.9974
vn -0.0066 -0.1112 0.9938
vn -0.0917 -0.9908 -0.0999
vn 0.0287 -0.9939 -0.1066
vn 0.0594 -0.9935 -0.0969
vn -0.0529 -0.9976 -0.0450
vn -0.0483 -0.9954 -0.0827
vn 0.2126 -0.9744 -0.0725
vn 0.4248 -0.9032 -0.0624
vn 0.2368 -0.9671 -0.0932
vn -0.1007 0.0798 -0.9917
vn -0.2439 -0.0338 -0.9692
vn -0.1718 0.1183 -0.9780
vn -0.0874 0.3446 -0.9347
vn -0.0734 0.4779 -0.8753
vn -0.0097 0.4198 -0.9075
vn -0.0147 0.2639 -0.9644
vn -0.0637 0.1718 -0.9831
vn -0.4609 -0.8851 0.0641
vn -0.0011 -0.1304 0.9915
vn 0.1526 -0.9819 -0.1124
vn 0.0115 -0.0237 -0.9997
vn -0.1702 -0.9847 0.0380
vn -0.1975 -0.9796 0.0379
vn -0.2362 -0.9705 0.0486
vn -0.3138 -0.9476 0.0593
vn -0.3911 -0.9180 0.0664
vn -0.4131 -0.9085 0.0638
vn -0.4001 -0.9134 0.0751
vn -0.3991 -0.9132 0.0825
vn 0.0557 0.0568 0.9968
vn 0.0624 -0.0255 0.9977
vn 0.0657 -0.0113 0.9978
vn 0.0676 -0.0113 0.9976
vn 0.0694 -0.0114 0.9975
vn 0.0702 -0.0116 0.9975
vn 0.0693 -0.0047 0.9976
vn 0.0525 -0.0526 0.9972
vn -0.0620 -0.9929 -0.1016
vn -0.0903 -0.9881 -0.1244
vn 0.0900 -0.9912 -0.0969
vn 0.0466 -0.9969 -0.0630
vn -0.1468 -0.9849 -0.0917
vn 0.1059 -0.9918 -0.0716
vn 0.3092 -0.9492 -0.0591
vn 0.4124 -0.9079 -0.0746
vn -0.0600 0.1027 -0.9929
vn -0.2013 0.0269 -0.9792
vn -0.2272 0.0062 -0.9738
vn -0.1180 0.2383 -0.9640
vn -0.0742 0.4207 -0.9041
vn -0.0253 0.4907 -0.8710
vn -0.0101 0.3065 -0.9518
vn -0.0529 0.2825 -0.9578
vt 0.944444 0.944444
vt 1.000000 1.000000
vt 0.944444 1.000000
vt 0.055556 0.944444
vt 0.111111 1.000000
vt 0.055556 1.000000
vt 0.166667 0.944444
vt 0.222222 1.000000
vt 0.166667 1.000000
vt 0.277778 0.944444
vt 0.333333 1.000000
vt 0.277778 1.000000
vt 0.388889 0.944444
vt 0.444444 1.000000
vt 0.388889 1.000000
vt 0.555556 0.944444
vt 0.500000 1.000000
vt 0.500000 0.944444
vt 0.666667 0.944444
vt 0.611111 1.000000
vt 0.611111 0.944444
vt 0.777778 0.944444
vt 0.722222 1.000000
vt 0.722222 0.944444
vt 0.888889 0.944444
vt 0.833333 1.000000
vt 0.833333 0.944444
vt 0.055556 0.055556
vt 0.111111 0.111111
vt 0.055556 0.111111
vt 0.055556 0.166667
vt 0.111111 0.222222
vt 0.055556 0.222222
vt 0.055556 0.277778
vt 0.111111 0.333333
vt 0.055556 0.333333
vt 0.055556 0.388889
vt 0.111111 0.444444
vt 0.055556 0.444444
vt 0.055556 0.500000
vt 0.111111 0.555556
vt 0.055556 0.555556
vt 0.055556 0.611111
vt 0.111111 0.666667
vt 0.055556 0.666667
vt 0.055556 0.722222
vt 0.111111 0.777778
vt 0.055556 0.777778
vt 0.111111 0.833333
vt 0.055556 0.888889
vt 0.055556 0.833333
vt 0.222222 0.055556
vt 0.166667 0.111111
vt 0.166667 0.055556
vt 0.166667 0.166667
vt 0.222222 0.222222
vt 0.166667 0.222222
vt 0.166667 0.277778
vt 0.222222 0.333333
vt 0.166667 0.333333
vt 0.166667 0.388889
vt 0.222222 0.444444
vt 0.166667 0.444444
vt 0.222222 0.500000
vt 0.166667 0.555556
vt 0.166667 0.500000
vt 0.222222 0.611111
vt 0.166667 0.666667
vt 0.166667 0.611111
vt 0.222222 0.722222
vt 0.166667 0.777778
vt 0.166667 0.722222
vt 0.166667 0.833333
vt 0.222222 0.888889
vt 0.166667 0.888889
vt 0.277778 0.055556
vt 0.333333 0.111111
vt 0.277778 0.111111
vt 0.333333 0.166667
vt 0.277778 0.222222
vt 0.277778 0.166667
vt 0.277778 0.277778
vt 0.333333 0.333333
vt 0.277778 0.333333
vt 0.277778 0.388889
vt 0.333333 0.444444
vt 0.277778 0.444444
vt 0.277778 0.500000
vt 0.333333 0.555556
vt 0.277778 0.555556
vt 0.277778 0.611111
vt 0.333333 0.666667
vt 0.277778 0.666667
vt 0.277778 0.722222
vt 0.333333 0.777778
vt 0.277778 0.777778
vt 0.277778 0.833333
vt 0.333333 0.888889
vt 0.277778 0.888889
vt 0.444444 0.055556
vt 0.388889 0.111111
vt 0.388889 0.055556
vt 0.444444 0.166667
vt 0.388889 0.222222
vt 0.388889 0.166667
vt 0.444444 0.277778
vt 0.388889 0.333333
vt 0.388889 0.277778
vt 0.444444 0.388889
vt 0.388889 0.444444
vt 0.388889 0.388889
vt 0.444444 0.500000
vt 0.388889 0.555556
vt 0.388889 0.500000
vt 0.444444 0.611111
vt 0.388889 0.666667
vt 0.388889 0.611111
vt 0.444444 0.722222
vt 0.388889 0.777778
vt 0.388889 0.722222
vt 0.444444 0.833333
vt 0.388889 0.888889
vt 0.388889 0.833333
vt 0.555556 0.055556
vt 0.500000 0.111111
vt 0.500000 0.055556
vt 0.555556 0.166667
vt 0.500000 0.222222
vt 0.500000 0.166667
vt 0.555556 0.277778
vt 0.500000 0.333333
vt 0.500000 0.277778
vt 0.555556 0.388889
vt 0.500000 0.444444
vt 0.500000 0.388889
vt 0.555556 0.500000
vt 0.500000 0.555556
vt 0.500000 0.500000
vt 0.555556 0.611111
vt 0.500000 0.666667
vt 0.500000 0.611111
vt 0.555556 0.722222
vt 0.500000 0.777778
vt 0.500000 0.722222
vt 0.500000 0.833333
vt 0.555556 0.888889
vt 0.500000 0.888889
vt 0.666667 0.055556
vt 0.611111 0.111111
vt 0.611111 0.055556
vt 0.666667 0.166667
vt 0.611111 0.222222
vt 0.611111 0.166667
vt 0.666667 0.277778
vt 0.611111 0.333333
vt 0.611111 0.277778
vt 0.666667 0.388889
vt 0.611111 0.444444
vt 0.611111 0.388889
vt 0.666667 0.500000
vt 0.611111 0.555556
vt 0.611111 0.500000
vt 0.611111 0.611111
vt 0.666667 0.666667
vt 0.611111 0.666667
vt 0.611111 0.722222
vt 0.666667 0.777778
vt 0.611111 0.777778
vt 0.611111 0.833333
vt 0.666667 0.888889
vt 0.611111 0.888889
vt 0.722222 0.055556
vt 0.777778 0.111111
vt 0.722222 0.111111
vt 0.722222 0.166667
vt 0.777778 0.222222
vt 0.722222 0.222222
vt 0.722222 0.277778
vt 0.777778 0.333333
vt 0.722222 0.333333
vt 0.722222 0.388889
vt 0.777778 0.444444
vt 0.722222 0.444444
vt 0.777778 0.500000
vt 0.722222 0.555556
vt 0.722222 0.500000
vt 0.722222 0.611111
vt 0.777778 0.666667
vt 0.722222 0.666667
vt 0.722222 0.722222
vt 0.777778 0.777778
vt 0.722222 0.777778
vt 0.722222 0.833333
vt 0.777778 0.888889
vt 0.722222 0.888889
vt 0.888889 0.055556
vt 0.833333 0.111111
vt 0.833333 0.055556
vt 0.833333 0.166667
vt 0.888889 0.222222
vt 0.833333 0.222222
vt 0.833333 0.277778
vt 0.888889 0.333333
vt 0.833333 0.333333
vt 0.833333 0.388889
vt 0.888889 0.444444
vt 0.833333 0.444444
vt 0.833333 0.500000
vt 0.888889 0.555556
vt 0.833333 0.555556
vt 0.833333 0.611111
vt 0.888889 0.666667
vt 0.833333 0.666667
vt 0.833333 0.722222
vt 0.888889 0.777778
vt 0.833333 0.777778
vt 0.888889 0.833333
vt 0.833333 0.888889
vt 0.833333 0.833333
vt 1.000000 0.055556
vt 0.944444 0.111111
vt 0.944444 0.055556
vt 0.944444 0.166667
vt 1.000000 0.222222
vt 0.944444 0.222222
vt 1.000000 0.277778
vt 0.944444 0.333333
vt 0.944444 0.277778
vt 1.000000 0.388889
vt 0.944444 0.444444
vt 0.944444 0.388889
vt 0.944444 0.500000
vt 1.000000 0.555556
vt 0.944444 0.555556
vt 0.944444 0.611111
vt 1.000000 0.666667
vt 0.944444 0.666667
vt 0.944444 0.722222
vt 1.000000 0.777778
vt 0.944444 0.777778
vt 1.000000 0.833333
vt 0.944444 0.888889
vt 0.944444 0.833333
vt 0.888889 0.888889
vt 0.888889 0.722222
vt 1.000000 0.722222
vt 0.888889 0.611111
vt 1.000000 0.611111
vt 0.888889 0.500000
vt 1.000000 0.500000
vt 0.888889 0.388889
vt 1.000000 0.333333
vt 0.888889 0.277778
vt 0.888889 0.166667
vt 0.888889 0.111111
vt 1.000000 0.166667
vt 0.944444 0.000000
vt 0.888889 0.000000
vt 1.000000 0.000000
vt 0.777778 0.833333
vt 0.777778 0.722222
vt 0.777778 0.611111
vt 0.777778 0.555556
vt 0.777778 0.388889
vt 0.777778 0.277778
vt 0.777778 0.166667
vt 0.777778 0.055556
vt 0.777778 0.000000
vt 0.833333 0.000000
vt 0.666667 0.833333
vt 0.666667 0.722222
vt 0.666667 0.611111
vt 0.666667 0.555556
vt 0.666667 0.444444
vt 0.666667 0.333333
vt 0.666667 0.222222
vt 0.666667 0.111111
vt 0.722222 0.000000
vt 0.666667 0.000000
vt 0.555556 0.833333
vt 0.555556 0.777778
vt 0.555556 0.666667
vt 0.555556 0.555556
vt 0.555556 0.444444
vt 0.555556 0.333333
vt 0.555556 0.222222
vt 0.555556 0.111111
vt 0.611111 0.000000
vt 0.555556 0.000000
vt 0.444444 0.888889
vt 0.444444 0.777778
vt 0.444444 0.666667
vt 0.444444 0.555556
vt 0.444444 0.444444
vt 0.444444 0.333333
vt 0.444444 0.222222
vt 0.444444 0.111111
vt 0.500000 0.000000
vt 0.444444 0.000000
vt 0.333333 0.833333
vt 0.333333 0.722222
vt 0.333333 0.611111
vt 0.333333 0.500000
vt 0.333333 0.388889
vt 0.333333 0.277778
vt 0.333333 0.222222
vt 0.333333 0.055556
vt 0.388889 0.000000
vt 0.333333 0.000000
vt 0.222222 0.833333
vt 0.222222 0.777778
vt 0.222222 0.666667
vt 0.222222 0.555556
vt 0.222222 0.388889
vt 0.222222 0.277778
vt 0.222222 0.166667
vt 0.222222 0.111111
vt 0.222222 0.000000
vt 0.277778 0.000000
vt 0.111111 0.888889
vt 0.111111 0.722222
vt 0.111111 0.611111
vt 0.111111 0.500000
vt 0.111111 0.388889
vt 0.111111 0.277778
vt 0.111111 0.166667
vt 0.111111 0.055556
vt 0.111111 0.000000
vt 0.166667 0.000000
vt 0.000000 0.833333
vt 0.000000 0.888889
vt 0.000000 0.777778
vt 0.000000 0.722222
vt 0.000000 0.666667
vt 0.000000 0.611111
vt 0.000000 0.555556
vt 0.000000 0.500000
vt 0.000000 0.444444
vt 0.000000 0.388889
vt 0.000000 0.333333
vt 0.000000 0.277778
vt 0.000000 0.222222
vt 0.000000 0.166667
vt 0.000000 0.111111
vt 0.000000 0.055556
vt 0.000000 0.000000
vt 0.055556 0.000000
vt 0.777778 1.000000
vt 0.666667 1.000000
vt 0.555556 1.000000
vt 0.444444 0.944444
vt 0.333333 0.944444
vt 0.222222 0.944444
vt 0.111111 0.944444
vt 0.000000 1.000000
vt 0.000000 0.944444
vt 0.888889 1.000000
vt 1.000000 0.944444
vt 1.000000 0.111111
vt 1.000000 0.888889
vt 1.000000 0.444444
s 0
f 361/1/1 4/2/1 129/3/1
f 360/4/2 36/5/2 104/6/2
f 359/7/3 35/8/3 136/9/3
f 358/10/4 34/11/4 135/12/4
f 357/13/5 33/14/5 134/15/5
f 173/16/6 133/17/6 356/18/6
f 182/19/7 132/20/7 355/21/7
f 191/22/8 131/23/8 354/24/8
f 200/25/9 130/26/9 353/27/9
f 352/28/10 37/29/10 209/30/10
f 351/31/11 38/32/11 210/33/11
f 350/34/12 39/35/12 211/36/12
f 349/37/13 40/38/13 212/39/13
f 348/40/14 41/41/14 213/42/14
f 347/43/15 42/44/15 214/45/15
f 346/46/16 43/47/16 215/48/16
f 145/49/17 216/50/17 345/51/17
f 147/52/18 217/53/18 344/54/18
f 343/55/18 46/56/18 218/57/18
f 342/58/19 47/59/19 219/60/19
f 341/61/20 48/62/20 220/63/20
f 151/64/21 221/65/21 340/66/21
f 152/67/22 222/68/22 339/69/22
f 153/70/23 223/71/23 338/72/23
f 337/73/24 52/74/24 224/75/24
f 336/76/25 53/77/25 225/78/25
f 157/79/26 226/80/26 335/81/26
f 334/82/27 55/83/27 227/84/27
f 333/85/28 56/86/28 228/87/28
f 332/88/29 57/89/29 229/90/29
f 331/91/30 58/92/30 230/93/30
f 330/94/31 59/95/31 231/96/31
f 329/97/32 60/98/32 232/99/32
f 165/100/33 233/101/33 328/102/33
f 166/103/34 234/104/34 327/105/34
f 167/106/35 235/107/35 326/108/35
f 168/109/36 236/110/36 325/111/36
f 169/112/37 237/113/37 324/114/37
f 170/115/38 238/116/38 323/117/38
f 171/118/39 239/119/39 322/120/39
f 172/121/40 240/122/40 321/123/40
f 174/124/41 241/125/41 320/126/41
f 175/127/42 242/128/42 319/129/42
f 176/130/43 243/131/43 318/132/43
f 177/133/44 244/134/44 317/135/44
f 178/136/45 245/137/45 316/138/45
f 179/139/46 246/140/46 315/141/46
f 180/142/47 247/143/47 314/144/47
f 313/145/48 76/146/48 248/147/48
f 183/148/49 249/149/49 312/150/49
f 184/151/50 250/152/50 311/153/50
f 185/154/51 251/155/51 310/156/51
f 186/157/52 252/158/52 309/159/52
f 187/160/53 253/161/53 308/162/53
f 307/163/54 82/164/54 254/165/54
f 306/166/55 83/167/55 255/168/55
f 305/169/56 84/170/56 256/171/56
f 304/172/57 85/173/57 257/174/57
f 303/175/58 86/176/58 258/177/58
f 302/178/59 87/179/59 259/180/59
f 301/181/60 88/182/60 260/183/60
f 196/184/61 261/185/61 300/186/61
f 299/187/62 90/188/62 262/189/62
f 298/190/63 91/191/63 263/192/63
f 297/193/64 92/194/64 264/195/64
f 201/196/65 265/197/65 296/198/65
f 295/199/66 94/200/66 266/201/66
f 294/202/67 95/203/67 267/204/67
f 293/205/68 96/206/68 268/207/68
f 292/208/69 97/209/69 269/210/69
f 291/211/70 98/212/70 270/213/70
f 290/214/71 99/215/71 271/216/71
f 208/217/72 272/218/72 289/219/72
f 121/220/73 273/221/73 288/222/73
f 287/223/74 22/224/74 274/225/74
f 123/226/75 275/227/75 286/228/75
f 124/229/76 276/230/76 285/231/76
f 284/232/77 25/233/77 277/234/77
f 283/235/78 26/236/78 278/237/78
f 282/238/79 27/239/79 279/240/79
f 128/241/80 280/242/80 281/243/80
f 208/217/81 280/242/81 100/244/81
f 99/215/82 281/243/82 208/217/82
f 279/240/83 128/241/83 281/243/83
f 207/245/84 279/240/84 99/215/84
f 98/212/85 282/238/85 207/245/85
f 278/237/86 127/246/86 282/238/86
f 206/247/87 278/237/87 98/212/87
f 97/209/88 283/235/88 206/247/88
f 277/234/89 126/248/89 283/235/89
f 205/249/90 277/234/90 97/209/90
f 96/206/91 284/232/91 205/249/91
f 276/230/92 125/250/92 284/232/92
f 204/251/93 276/230/93 96/206/93
f 275/227/94 204/251/94 95/203/94
f 23/252/95 285/231/95 275/227/95
f 203/253/96 275/227/96 95/203/96
f 94/200/97 286/228/97 203/253/97
f 274/225/98 123/226/98 286/228/98
f 202/254/99 274/225/99 94/200/99
f 273/221/100 202/254/100 93/255/100
f 273/221/101 122/256/101 287/223/101
f 288/222/102 93/255/102 201/196/102
f 102/257/103 201/196/103 20/258/103
f 2/259/104 288/222/104 102/257/104
f 199/260/105 272/218/105 92/194/105
f 91/191/106 289/219/106 199/260/106
f 271/216/107 208/217/107 289/219/107
f 198/261/108 271/216/108 91/191/108
f 90/188/109 290/214/109 198/261/109
f 270/213/110 207/245/110 290/214/110
f 197/262/111 270/213/111 90/188/111
f 89/263/112 291/211/112 197/262/112
f 269/210/113 206/247/113 291/211/113
f 196/184/114 269/210/114 89/263/114
f 88/182/115 292/208/115 196/184/115
f 268/207/116 205/249/116 292/208/116
f 195/264/117 268/207/117 88/182/117
f 87/179/118 293/205/118 195/264/118
f 267/204/119 204/251/119 293/205/119
f 194/265/120 267/204/120 87/179/120
f 86/176/121 294/202/121 194/265/121
f 266/201/122 203/253/122 294/202/122
f 193/266/123 266/201/123 86/176/123
f 85/173/124 295/199/124 193/266/124
f 93/255/125 295/199/125 265/197/125
f 192/267/126 265/197/126 85/173/126
f 19/268/127 296/198/127 192/267/127
f 120/269/128 201/196/128 296/198/128
f 297/193/129 84/170/129 190/270/129
f 263/192/130 190/270/130 83/167/130
f 91/191/131 297/193/131 263/192/131
f 189/271/132 263/192/132 83/167/132
f 82/164/45 298/190/45 189/271/45
f 262/189/133 198/261/133 298/190/133
f 188/272/134 262/189/134 82/164/134
f 261/185/135 188/272/135 81/273/135
f 261/185/136 197/262/136 299/187/136
f 300/186/137 81/273/137 187/160/137
f 260/183/138 187/160/138 80/274/138
f 260/183/139 196/184/139 300/186/139
f 301/181/140 80/274/140 186/157/140
f 259/180/141 186/157/141 79/275/141
f 259/180/142 195/264/142 301/181/142
f 302/178/143 79/275/143 185/154/143
f 258/177/144 185/154/144 78/276/144
f 258/177/145 194/265/145 302/178/145
f 184/151/144 258/177/144 78/276/144
f 77/277/146 303/175/146 184/151/146
f 257/174/147 193/266/147 303/175/147
f 183/148/148 257/174/148 77/277/148
f 119/278/149 183/148/149 18/279/149
f 119/278/150 192/267/150 304/172/150
f 181/280/151 256/171/151 76/146/151
f 75/281/152 305/169/152 181/280/152
f 255/168/153 190/270/153 305/169/153
f 180/142/154 255/168/154 75/281/154
f 74/282/155 306/166/155 180/142/155
f 254/165/156 189/271/156 306/166/156
f 179/139/157 254/165/157 74/282/157
f 253/161/158 179/139/158 73/283/158
f 81/273/53 307/163/53 253/161/53
f 308/162/158 73/283/158 178/136/158
f 72/284/134 308/162/134 178/136/134
f 252/158/53 187/160/53 308/162/53
f 309/159/159 72/284/159 177/133/159
f 251/155/160 177/133/160 71/285/160
f 79/275/161 309/159/161 251/155/161
f 310/156/162 71/285/162 176/130/162
f 250/152/163 176/130/163 70/286/163
f 78/276/164 310/156/164 250/152/164
f 311/153/162 70/286/162 175/127/162
f 249/149/165 175/127/165 69/287/165
f 77/277/166 311/153/166 249/149/166
f 312/150/167 69/287/167 174/124/167
f 118/288/168 174/124/168 17/289/168
f 18/279/169 312/150/169 118/288/169
f 172/121/170 248/147/170 68/290/170
f 247/143/171 172/121/171 67/291/171
f 247/143/172 181/280/172 313/145/172
f 314/144/173 67/291/173 171/118/173
f 246/140/173 171/118/173 66/292/173
f 74/282/174 314/144/174 246/140/174
f 315/141/175 66/292/175 170/115/175
f 245/137/37 170/115/37 65/293/37
f 73/283/134 315/141/134 245/137/134
f 316/138/176 65/293/176 169/112/176
f 244/134/177 169/112/177 64/294/177
f 244/134/45 178/136/45 316/138/45
f 317/135/178 64/294/178 168/109/178
f 243/131/179 168/109/179 63/295/179
f 71/285/180 317/135/180 243/131/180
f 318/132/162 63/295/162 167/106/162
f 242/128/181 167/106/181 62/296/181
f 70/286/182 318/132/182 242/128/182
f 319/129/26 62/296/26 166/103/26
f 241/125/183 166/103/183 61/297/183
f 69/287/183 319/129/183 241/125/183
f 320/126/25 61/297/25 165/100/25
f 117/298/184 165/100/184 16/299/184
f 17/289/168 320/126/168 117/298/168
f 163/300/185 240/122/185 60/98/185
f 59/95/186 321/123/186 163/300/186
f 67/291/187 321/123/187 239/119/187
f 162/301/188 239/119/188 59/95/188
f 58/92/39 322/120/39 162/301/39
f 66/292/188 322/120/188 238/116/188
f 161/302/189 238/116/189 58/92/189
f 57/89/190 323/117/190 161/302/190
f 65/293/191 323/117/191 237/113/191
f 160/303/192 237/113/192 57/89/192
f 56/86/193 324/114/193 160/303/193
f 236/110/37 169/112/37 324/114/37
f 159/304/194 236/110/194 56/86/194
f 55/83/195 325/111/195 159/304/195
f 63/295/196 325/111/196 235/107/196
f 158/305/197 235/107/197 55/83/197
f 234/104/25 158/305/25 54/306/25
f 62/296/198 326/108/198 234/104/198
f 327/105/34 54/306/34 157/79/34
f 233/101/41 157/79/41 53/77/41
f 61/297/26 327/105/26 233/101/26
f 328/102/26 53/77/26 156/307/26
f 116/308/199 156/307/199 15/309/199
f 16/299/200 328/102/200 116/308/200
f 154/310/201 232/99/201 52/74/201
f 231/96/202 154/310/202 51/311/202
f 231/96/203 163/300/203 329/97/203
f 330/94/204 51/311/204 153/70/204
f 230/93/205 153/70/205 50/312/205
f 230/93/206 162/301/206 330/94/206
f 331/91/207 50/312/207 152/67/207
f 229/90/208 152/67/208 49/313/208
f 229/90/209 161/302/209 331/91/209
f 332/88/210 49/313/210 151/64/210
f 228/87/211 151/64/211 48/62/211
f 228/87/212 160/303/212 332/88/212
f 333/85/213 48/62/213 150/314/213
f 47/59/214 333/85/214 150/314/214
f 227/84/215 159/304/215 333/85/215
f 149/315/216 227/84/216 47/59/216
f 46/56/217 334/82/217 149/315/217
f 226/80/218 158/305/218 334/82/218
f 148/316/219 226/80/219 46/56/219
f 45/317/220 335/81/220 148/316/220
f 53/77/221 335/81/221 225/78/221
f 147/52/220 225/78/220 45/317/220
f 14/318/222 336/76/222 147/52/222
f 115/319/223 156/307/223 336/76/223
f 145/49/224 224/75/224 44/320/224
f 43/47/225 337/73/225 145/49/225
f 223/71/226 154/310/226 337/73/226
f 144/321/227 223/71/227 43/47/227
f 42/44/228 338/72/228 144/321/228
f 50/312/229 338/72/229 222/68/229
f 143/322/230 222/68/230 42/44/230
f 41/41/231 339/69/231 143/322/231
f 49/313/232 339/69/232 221/65/232
f 142/323/233 221/65/233 41/41/233
f 40/38/234 340/66/234 142/323/234
f 220/63/235 151/64/235 340/66/235
f 141/324/236 220/63/236 40/38/236
f 39/35/237 341/61/237 141/324/237
f 219/60/238 150/314/238 341/61/238
f 140/325/239 219/60/239 39/35/239
f 38/32/240 342/58/240 140/325/240
f 218/57/241 149/315/241 342/58/241
f 139/326/242 218/57/242 38/32/242
f 37/29/243 343/55/243 139/326/243
f 217/53/244 148/316/244 343/55/244
f 138/327/245 217/53/245 37/29/245
f 13/328/246 344/54/246 138/327/246
f 14/318/247 344/54/247 114/329/247
f 106/330/248 216/50/248 5/331/248
f 6/332/249 345/51/249 106/330/249
f 215/48/250 145/49/250 345/51/250
f 107/333/251 215/48/251 6/332/251
f 7/334/252 346/46/252 107/333/252
f 214/45/253 144/321/253 346/46/253
f 108/335/254 214/45/254 7/334/254
f 8/336/255 347/43/255 108/335/255
f 213/42/256 143/322/256 347/43/256
f 109/337/257 213/42/257 8/336/257
f 9/338/258 348/40/258 109/337/258
f 212/39/259 142/323/259 348/40/259
f 110/339/260 212/39/260 9/338/260
f 10/340/261 349/37/261 110/339/261
f 211/36/262 141/324/262 349/37/262
f 111/341/263 211/36/263 10/340/263
f 11/342/264 350/34/264 111/341/264
f 210/33/265 140/325/265 350/34/265
f 112/343/266 210/33/266 11/342/266
f 12/344/267 351/31/267 112/343/267
f 209/30/268 139/326/268 351/31/268
f 101/345/269 209/30/269 12/344/269
f 1/346/270 352/28/270 101/345/270
f 113/347/271 138/327/271 352/28/271
f 353/27/272 30/348/272 191/22/272
f 272/218/273 191/22/273 92/194/273
f 272/218/274 200/25/274 353/27/274
f 354/24/275 31/349/275 182/19/275
f 84/170/276 354/24/276 182/19/276
f 92/194/277 354/24/277 264/195/277
f 355/21/278 32/350/278 173/16/278
f 256/171/279 173/16/279 76/146/279
f 84/170/280 355/21/280 256/171/280
f 164/351/281 133/17/281 33/14/281
f 68/290/282 356/18/282 164/351/282
f 76/146/283 356/18/283 248/147/283
f 155/352/284 134/15/284 34/11/284
f 60/98/285 357/13/285 155/352/285
f 240/122/286 164/351/286 357/13/286
f 146/353/287 135/12/287 35/8/287
f 232/99/288 146/353/288 52/74/288
f 232/99/289 155/352/289 358/10/289
f 359/7/290 36/5/290 137/354/290
f 44/320/291 359/7/291 137/354/291
f 52/74/292 359/7/292 224/75/292
f 360/4/293 3/355/293 105/356/293
f 216/50/294 105/356/294 5/331/294
f 44/320/295 360/4/295 216/50/295
f 200/25/296 129/3/296 29/357/296
f 100/244/297 361/1/297 200/25/297
f 280/242/298 103/358/298 361/1/298
f 722/1/299 365/2/299 464/358/299
f 465/6/300 498/354/300 721/4/300
f 497/9/301 507/353/301 720/7/301
f 496/12/302 516/352/302 719/10/302
f 718/13/303 394/14/303 525/351/303
f 717/18/304 393/350/304 534/16/304
f 716/21/305 392/349/305 543/19/305
f 492/23/306 552/22/306 715/24/306
f 491/26/307 561/25/307 714/27/307
f 713/28/308 398/29/308 499/327/308
f 712/31/309 399/32/309 500/326/309
f 711/34/310 400/35/310 501/325/310
f 710/37/311 401/38/311 502/324/311
f 709/40/312 402/41/312 503/323/312
f 708/43/313 403/44/313 504/322/313
f 576/48/314 505/321/314 707/46/314
f 577/50/315 506/49/315 706/51/315
f 705/54/316 406/317/316 508/52/316
f 704/55/317 407/56/317 509/316/317
f 703/58/318 408/59/318 510/315/318
f 702/61/319 409/62/319 511/314/319
f 701/66/320 410/313/320 512/64/320
f 700/69/321 411/312/321 513/67/321
f 584/71/322 514/70/322 699/72/322
f 585/75/323 515/310/323 698/73/323
f 697/76/324 414/77/324 517/307/324
f 587/80/325 518/79/325 696/81/325
f 695/82/326 416/83/326 519/305/326
f 694/85/327 417/86/327 520/304/327
f 693/88/328 418/89/328 521/303/328
f 692/91/329 419/92/329 522/302/329
f 691/94/330 420/95/330 523/301/330
f 593/99/331 524/300/331 690/97/331
f 594/101/332 526/100/332 689/102/332
f 595/104/333 527/103/333 688/105/333
f 596/107/334 528/106/334 687/108/334
f 686/111/335 425/294/335 529/109/335
f 598/113/336 530/112/336 685/114/336
f 599/116/337 531/115/337 684/117/337
f 600/119/338 532/118/338 683/120/338
f 601/122/339 533/121/339 682/123/339
f 602/125/340 535/124/340 681/126/340
f 603/128/341 536/127/341 680/129/341
f 604/131/342 537/130/342 679/132/342
f 678/135/343 433/284/343 538/133/343
f 606/137/344 539/136/344 677/138/344
f 607/140/345 540/139/345 676/141/345
f 608/143/346 541/142/346 675/144/346
f 674/145/347 437/146/347 542/280/347
f 610/149/348 544/148/348 673/150/348
f 611/152/349 545/151/349 672/153/349
f 612/155/350 546/154/350 671/156/350
f 670/159/351 441/274/351 547/157/351
f 614/161/352 548/160/352 669/162/352
f 668/163/336 443/164/336 549/272/336
f 667/166/353 444/167/353 550/271/353
f 666/169/354 445/170/354 551/270/354
f 618/174/355 553/267/355 665/172/355
f 619/177/356 554/266/356 664/175/356
f 620/180/357 555/265/357 663/178/357
f 662/181/358 449/182/358 556/264/358
f 622/185/359 557/184/359 661/186/359
f 623/189/360 558/262/360 660/187/360
f 659/190/361 452/191/361 559/261/361
f 658/193/362 453/194/362 560/260/362
f 657/198/363 454/255/363 562/196/363
f 656/199/364 455/200/364 563/254/364
f 655/202/365 456/203/365 564/253/365
f 629/207/366 565/251/366 654/205/366
f 630/210/367 566/249/367 653/208/367
f 631/213/368 567/247/368 652/211/368
f 651/214/369 460/215/369 568/245/369
f 633/218/370 569/217/370 650/219/370
f 649/222/371 382/359/371 482/220/371
f 635/225/372 483/256/372 648/223/372
f 647/228/373 384/252/373 484/226/373
f 637/230/374 485/229/374 646/231/374
f 638/234/375 486/250/375 645/232/375
f 639/237/376 487/248/376 644/235/376
f 640/240/377 488/246/377 643/238/377
f 642/243/378 389/360/378 489/241/378
f 569/217/379 641/242/379 642/243/379
f 460/215/380 642/243/380 640/240/380
f 640/240/381 489/241/381 388/239/381
f 568/245/382 640/240/382 643/238/382
f 459/212/383 643/238/383 639/237/383
f 643/238/384 387/236/384 639/237/384
f 459/212/385 644/235/385 567/247/385
f 567/247/386 638/234/386 458/209/386
f 644/235/387 386/233/387 638/234/387
f 458/209/388 645/232/388 566/249/388
f 566/249/389 637/230/389 457/206/389
f 645/232/390 385/361/390 637/230/390
f 457/206/391 646/231/391 565/251/391
f 565/251/392 636/227/392 456/203/392
f 646/231/393 384/252/393 636/227/393
f 564/253/394 636/227/394 647/228/394
f 455/200/395 647/228/395 635/225/395
f 647/228/396 383/224/396 635/225/396
f 563/254/397 635/225/397 648/223/397
f 454/255/398 648/223/398 634/221/398
f 634/221/399 483/256/399 382/359/399
f 562/196/400 634/221/400 649/222/400
f 381/258/401 649/222/401 463/257/401
f 649/222/402 363/259/402 463/257/402
f 560/260/403 633/218/403 650/219/403
f 452/191/404 650/219/404 632/216/404
f 632/216/405 569/217/405 460/215/405
f 452/191/406 651/214/406 559/261/406
f 559/261/407 631/213/407 451/188/407
f 631/213/408 568/245/408 459/212/408
f 558/262/409 631/213/409 652/211/409
f 558/262/410 630/210/410 450/263/410
f 652/211/411 458/209/411 630/210/411
f 450/263/412 653/208/412 557/184/412
f 557/184/413 629/207/413 449/182/413
f 653/208/414 457/206/414 629/207/414
f 449/182/415 654/205/415 556/264/415
f 556/264/416 628/204/416 448/179/416
f 654/205/417 456/203/417 628/204/417
f 555/265/418 628/204/418 655/202/418
f 447/176/419 655/202/419 627/201/419
f 627/201/420 564/253/420 455/200/420
f 554/266/421 627/201/421 656/199/421
f 446/173/422 656/199/422 626/197/422
f 626/197/423 563/254/423 454/255/423
f 553/267/424 626/197/424 657/198/424
f 553/267/425 481/269/425 380/268/425
f 481/269/426 562/196/426 381/258/426
f 551/270/427 625/195/427 658/193/427
f 444/167/428 658/193/428 624/192/428
f 624/192/429 560/260/429 452/191/429
f 550/271/430 624/192/430 659/190/430
f 443/164/431 659/190/431 623/189/431
f 659/190/432 451/188/432 623/189/432
f 549/272/433 623/189/433 660/187/433
f 549/272/434 622/185/434 442/273/434
f 660/187/435 450/263/435 622/185/435
f 442/273/436 661/186/436 548/160/436
f 441/274/437 661/186/437 621/183/437
f 661/186/438 449/182/438 621/183/438
f 547/157/439 621/183/439 662/181/439
f 440/275/440 662/181/440 620/180/440
f 620/180/441 556/264/441 448/179/441
f 440/275/442 663/178/442 546/154/442
f 546/154/443 619/177/443 439/276/443
f 663/178/444 447/176/444 619/177/444
f 439/276/445 664/175/445 545/151/445
f 545/151/446 618/174/446 438/277/446
f 664/175/447 446/173/447 618/174/447
f 438/277/448 665/172/448 544/148/448
f 544/148/449 480/278/449 379/279/449
f 665/172/450 380/268/450 480/278/450
f 542/280/451 617/171/451 666/169/451
f 436/281/452 666/169/452 616/168/452
f 616/168/453 551/270/453 444/167/453
f 541/142/454 616/168/454 667/166/454
f 435/282/455 667/166/455 615/165/455
f 615/165/336 550/271/336 443/164/336
f 435/282/456 668/163/456 540/139/456
f 540/139/457 614/161/457 434/283/457
f 668/163/352 442/273/352 614/161/352
f 434/283/457 669/162/457 539/136/457
f 433/284/456 669/162/456 613/158/456
f 613/158/457 548/160/457 441/274/457
f 538/133/458 613/158/458 670/159/458
f 432/285/459 670/159/459 612/155/459
f 612/155/460 547/157/460 440/275/460
f 432/285/461 671/156/461 537/130/461
f 537/130/462 611/152/462 431/286/462
f 671/156/463 439/276/463 611/152/463
f 431/286/461 672/153/461 536/127/461
f 536/127/464 610/149/464 430/287/464
f 672/153/465 438/277/465 610/149/465
f 430/287/466 673/150/466 535/124/466
f 535/124/467 479/288/467 378/289/467
f 673/150/468 379/279/468 479/288/468
f 429/290/469 674/145/469 533/121/469
f 533/121/470 608/143/470 428/291/470
f 674/145/471 436/281/471 608/143/471
f 428/291/472 675/144/472 532/118/472
f 532/118/472 607/140/472 427/292/472
f 675/144/473 435/282/473 607/140/473
f 427/292/474 676/141/474 531/115/474
f 531/115/336 606/137/336 426/293/336
f 676/141/456 434/283/456 606/137/456
f 426/293/475 677/138/475 530/112/475
f 530/112/476 605/134/476 425/294/476
f 605/134/344 539/136/344 433/284/344
f 529/109/477 605/134/477 678/135/477
f 424/295/478 678/135/478 604/131/478
f 678/135/479 432/285/479 604/131/479
f 424/295/480 679/132/480 528/106/480
f 528/106/481 603/128/481 423/296/481
f 679/132/482 431/286/482 603/128/482
f 423/296/325 680/129/325 527/103/325
f 527/103/483 602/125/483 422/297/483
f 680/129/483 430/287/483 602/125/483
f 422/297/484 681/126/484 526/100/484
f 526/100/485 478/298/485 377/299/485
f 681/126/467 378/289/467 478/298/467
f 524/300/486 601/122/486 682/123/486
f 420/95/487 682/123/487 600/119/487
f 682/123/488 428/291/488 600/119/488
f 523/301/338 600/119/338 683/120/338
f 419/92/489 683/120/489 599/116/489
f 683/120/489 427/292/489 599/116/489
f 522/302/490 599/116/490 684/117/490
f 418/89/491 684/117/491 598/113/491
f 684/117/492 426/293/492 598/113/492
f 521/303/336 598/113/336 685/114/336
f 417/86/493 685/114/493 597/110/493
f 597/110/336 530/112/336 425/294/336
f 520/304/494 597/110/494 686/111/494
f 416/83/495 686/111/495 596/107/495
f 596/107/496 529/109/496 424/295/496
f 519/305/497 596/107/497 687/108/497
f 519/305/484 595/104/484 415/306/484
f 687/108/498 423/296/498 595/104/498
f 415/306/333 688/105/333 518/79/333
f 518/79/340 594/101/340 414/77/340
f 688/105/325 422/297/325 594/101/325
f 414/77/325 689/102/325 517/307/325
f 517/307/499 477/308/499 376/309/499
f 689/102/500 377/299/500 477/308/500
f 413/74/501 690/97/501 515/310/501
f 515/310/502 592/96/502 412/311/502
f 690/97/503 420/95/503 592/96/503
f 514/70/504 592/96/504 691/94/504
f 411/312/505 691/94/505 591/93/505
f 591/93/490 523/301/490 419/92/490
f 513/67/506 591/93/506 692/91/506
f 410/313/507 692/91/507 590/90/507
f 590/90/508 522/302/508 418/89/508
f 512/64/509 590/90/509 693/88/509
f 409/62/510 693/88/510 589/87/510
f 589/87/511 521/303/511 417/86/511
f 511/314/512 589/87/512 694/85/512
f 408/59/513 694/85/513 588/84/513
f 588/84/514 520/304/514 416/83/514
f 510/315/515 588/84/515 695/82/515
f 407/56/516 695/82/516 587/80/516
f 587/80/517 519/305/517 415/306/517
f 509/316/324 587/80/324 696/81/324
f 406/317/518 696/81/518 586/78/518
f 696/81/519 414/77/519 586/78/519
f 508/52/520 586/78/520 697/76/520
f 375/318/521 697/76/521 476/319/521
f 476/319/521 517/307/521 376/309/521
f 405/320/522 698/73/522 506/49/522
f 506/49/523 584/71/523 404/47/523
f 698/73/524 412/311/524 584/71/524
f 404/47/525 699/72/525 505/321/525
f 403/44/526 699/72/526 583/68/526
f 583/68/527 514/70/527 411/312/527
f 504/322/528 583/68/528 700/69/528
f 402/41/529 700/69/529 582/65/529
f 582/65/530 513/67/530 410/313/530
f 503/323/531 582/65/531 701/66/531
f 401/38/532 701/66/532 581/63/532
f 581/63/533 512/64/533 409/62/533
f 502/324/534 581/63/534 702/61/534
f 400/35/535 702/61/535 580/60/535
f 580/60/536 511/314/536 408/59/536
f 501/325/537 580/60/537 703/58/537
f 399/32/538 703/58/538 579/57/538
f 579/57/539 510/315/539 407/56/539
f 500/326/540 579/57/540 704/55/540
f 398/29/541 704/55/541 578/53/541
f 578/53/542 509/316/542 406/317/542
f 499/327/543 578/53/543 705/54/543
f 374/328/544 705/54/544 475/329/544
f 475/329/545 508/52/545 375/318/545
f 366/331/546 706/51/546 467/330/546
f 467/330/547 576/48/547 367/332/547
f 706/51/548 404/47/548 576/48/548
f 367/332/549 707/46/549 468/333/549
f 468/333/550 575/45/550 368/334/550
f 575/45/551 505/321/551 403/44/551
f 469/335/552 575/45/552 708/43/552
f 369/336/553 708/43/553 574/42/553
f 574/42/554 504/322/554 402/41/554
f 470/337/555 574/42/555 709/40/555
f 370/338/556 709/40/556 573/39/556
f 573/39/557 503/323/557 401/38/557
f 471/339/558 573/39/558 710/37/558
f 371/340/559 710/37/559 572/36/559
f 572/36/560 502/324/560 400/35/560
f 472/341/561 572/36/561 711/34/561
f 372/342/562 711/34/562 571/33/562
f 571/33/563 501/325/563 399/32/563
f 473/343/564 571/33/564 712/31/564
f 373/344/565 712/31/565 570/30/565
f 570/30/566 500/326/566 398/29/566
f 462/345/567 570/30/567 713/28/567
f 462/345/568 474/347/568 362/346/568
f 713/28/569 374/328/569 474/347/569
f 391/348/570 714/27/570 552/22/570
f 453/194/571 714/27/571 633/218/571
f 633/218/572 561/25/572 461/244/572
f 392/349/573 715/24/573 543/19/573
f 445/170/574 715/24/574 625/195/574
f 715/24/575 453/194/575 625/195/575
f 393/350/576 716/21/576 534/16/576
f 534/16/577 617/171/577 437/146/577
f 617/171/578 543/19/578 445/170/578
f 525/351/579 494/17/579 717/18/579
f 525/351/580 609/147/580 429/290/580
f 717/18/581 437/146/581 609/147/581
f 516/352/582 495/15/582 718/13/582
f 516/352/583 601/122/583 421/98/583
f 601/122/584 525/351/584 429/290/584
f 507/353/585 496/12/585 719/10/585
f 507/353/586 593/99/586 413/74/586
f 719/10/587 421/98/587 593/99/587
f 397/5/588 720/7/588 498/354/588
f 405/320/589 720/7/589 585/75/589
f 720/7/590 413/74/590 585/75/590
f 364/355/591 721/4/591 466/356/591
f 466/356/592 577/50/592 366/331/592
f 721/4/593 405/320/593 577/50/593
f 561/25/594 490/3/594 722/1/594
f 461/244/595 722/1/595 641/242/595
f 641/242/596 464/358/596 389/360/596
f 1/346/597 462/345/597 362/346/597
f 2/259/598 463/257/598 363/259/598
f 4/2/599 464/358/599 365/2/599
f 3/355/600 465/6/600 364/355/600
f 5/331/601 466/356/601 366/331/601
f 6/332/602 467/330/602 367/332/602
f 7/334/603 468/333/603 368/334/603
f 8/336/604 469/335/604 369/336/604
f 9/338/605 470/337/605 370/338/605
f 10/340/606 471/339/606 371/340/606
f 11/342/607 472/341/607 372/342/607
f 12/344/608 473/343/608 373/344/608
f 13/328/609 474/347/609 374/328/609
f 114/329/610 375/318/610 14/318/610
f 15/309/611 476/319/611 376/309/611
f 16/299/612 477/308/612 377/299/612
f 17/289/613 478/298/613 378/289/613
f 18/279/614 479/288/614 379/279/614
f 119/278/615 380/268/615 19/268/615
f 20/258/616 481/269/616 381/258/616
f 121/220/617 382/359/617 21/359/617
f 122/256/618 383/224/618 22/224/618
f 123/226/619 384/252/619 23/252/619
f 24/361/620 485/229/620 385/361/620
f 25/233/621 486/250/621 386/233/621
f 26/236/622 487/248/622 387/236/622
f 27/239/623 488/246/623 388/239/623
f 28/360/624 489/241/624 389/360/624
f 129/3/625 390/357/625 29/357/625
f 130/26/626 391/348/626 30/348/626
f 131/23/627 392/349/627 31/349/627
f 132/20/628 393/350/628 32/350/628
f 133/17/629 394/14/629 33/14/629
f 34/11/630 495/15/630 395/11/630
f 35/8/631 496/12/631 396/8/631
f 36/5/632 497/9/632 397/5/632
f 12/344/633 462/345/633 101/345/633
f 102/257/634 381/258/634 463/257/634
f 28/360/635 464/358/635 103/358/635
f 104/6/636 397/5/636 465/6/636
f 105/356/637 364/355/637 466/356/637
f 106/330/638 366/331/638 467/330/638
f 107/333/639 367/332/639 468/333/639
f 108/335/640 368/334/640 469/335/640
f 109/337/641 369/336/641 470/337/641
f 110/339/642 370/338/642 471/339/642
f 111/341/643 371/340/643 472/341/643
f 112/343/644 372/342/644 473/343/644
f 1/346/645 474/347/645 113/347/645
f 114/329/646 374/328/646 475/329/646
f 115/319/647 375/318/647 476/319/647
f 15/309/648 477/308/648 116/308/648
f 117/298/649 377/299/649 478/298/649
f 118/288/650 378/289/650 479/288/650
f 18/279/651 480/278/651 119/278/651
f 120/269/652 380/268/652 481/269/652
f 2/259/653 482/220/653 121/220/653
f 122/256/654 382/359/654 483/256/654
f 123/226/655 383/224/655 484/226/655
f 124/229/656 384/252/656 485/229/656
f 125/250/657 385/361/657 486/250/657
f 126/248/658 386/233/658 487/248/658
f 26/236/659 488/246/659 127/246/659
f 128/241/660 388/239/660 489/241/660
f 4/2/661 490/3/661 129/3/661
f 29/357/662 491/26/662 130/26/662
f 30/348/663 492/23/663 131/23/663
f 31/349/664 493/20/664 132/20/664
f 32/350/665 494/17/665 133/17/665
f 134/15/666 394/14/666 495/15/666
f 135/12/667 395/11/667 496/12/667
f 136/9/668 396/8/668 497/9/668
f 361/1/669 103/358/669 4/2/669
f 360/4/670 137/354/670 36/5/670
f 359/7/671 146/353/671 35/8/671
f 358/10/672 155/352/672 34/11/672
f 357/13/673 164/351/673 33/14/673
f 173/16/674 32/350/674 133/17/674
f 182/19/675 31/349/675 132/20/675
f 191/22/676 30/348/676 131/23/676
f 200/25/677 29/357/677 130/26/677
f 352/28/678 138/327/678 37/29/678
f 351/31/679 139/326/679 38/32/679
f 350/34/680 140/325/680 39/35/680
f 349/37/681 141/324/681 40/38/681
f 348/40/682 142/323/682 41/41/682
f 347/43/683 143/322/683 42/44/683
f 346/46/684 144/321/684 43/47/684
f 145/49/685 44/320/685 216/50/685
f 147/52/686 45/317/686 217/53/686
f 343/55/687 148/316/687 46/56/687
f 342/58/216 149/315/216 47/59/216
f 341/61/688 150/314/688 48/62/688
f 151/64/689 49/313/689 221/65/689
f 152/67/690 50/312/690 222/68/690
f 153/70/691 51/311/691 223/71/691
f 337/73/692 154/310/692 52/74/692
f 336/76/219 156/307/219 53/77/219
f 157/79/693 54/306/693 226/80/693
f 334/82/694 158/305/694 55/83/694
f 333/85/695 159/304/695 56/86/695
f 332/88/696 160/303/696 57/89/696
f 331/91/697 161/302/697 58/92/697
f 330/94/698 162/301/698 59/95/698
f 329/97/699 163/300/699 60/98/699
f 165/100/218 61/297/218 233/101/218
f 166/103/34 62/296/34 234/104/34
f 167/106/700 63/295/700 235/107/700
f 168/109/701 64/294/701 236/110/701
f 169/112/702 65/293/702 237/113/702
f 170/115/703 66/292/703 238/116/703
f 171/118/704 67/291/704 239/119/704
f 172/121/705 68/290/705 240/122/705
f 174/124/706 69/287/706 241/125/706
f 175/127/182 70/286/182 242/128/182
f 176/130/707 71/285/707 243/131/707
f 177/133/708 72/284/708 244/134/708
f 178/136/158 73/283/158 245/137/158
f 179/139/709 74/282/709 246/140/709
f 180/142/710 75/281/710 247/143/710
f 313/145/711 181/280/711 76/146/711
f 183/148/712 77/277/712 249/149/712
f 184/151/713 78/276/713 250/152/713
f 185/154/714 79/275/714 251/155/714
f 186/157/715 80/274/715 252/158/715
f 187/160/53 81/273/53 253/161/53
f 307/163/37 188/272/37 82/164/37
f 306/166/716 189/271/716 83/167/716
f 305/169/717 190/270/717 84/170/717
f 304/172/718 192/267/718 85/173/718
f 303/175/719 193/266/719 86/176/719
f 302/178/720 194/265/720 87/179/720
f 301/181/721 195/264/721 88/182/721
f 196/184/722 89/263/722 261/185/722
f 299/187/62 197/262/62 90/188/62
f 298/190/723 198/261/723 91/191/723
f 297/193/724 199/260/724 92/194/724
f 201/196/725 93/255/725 265/197/725
f 295/199/726 202/254/726 94/200/726
f 294/202/727 203/253/727 95/203/727
f 293/205/728 204/251/728 96/206/728
f 292/208/729 205/249/729 97/209/729
f 291/211/730 206/247/730 98/212/730
f 290/214/731 207/245/731 99/215/731
f 208/217/732 100/244/732 272/218/732
f 121/220/733 21/359/733 273/221/733
f 287/223/734 122/256/734 22/224/734
f 123/226/735 23/252/735 275/227/735
f 124/229/736 24/361/736 276/230/736
f 284/232/737 125/250/737 25/233/737
f 283/235/738 126/248/738 26/236/738
f 282/238/739 127/246/739 27/239/739
f 128/241/740 28/360/740 280/242/740
f 208/217/741 281/243/741 280/242/741
f 99/215/742 279/240/742 281/243/742
f 279/240/743 27/239/743 128/241/743
f 207/245/744 282/238/744 279/240/744
f 98/212/745 278/237/745 282/238/745
f 278/237/746 26/236/746 127/246/746
f 206/247/747 283/235/747 278/237/747
f 97/209/748 277/234/748 283/235/748
f 277/234/749 25/233/749 126/248/749
f 205/249/750 284/232/750 277/234/750
f 96/206/751 276/230/751 284/232/751
f 276/230/752 24/361/752 125/250/752
f 204/251/753 285/231/753 276/230/753
f 275/227/754 285/231/754 204/251/754
f 23/252/755 124/229/755 285/231/755
f 203/253/756 286/228/756 275/227/756
f 94/200/757 274/225/757 286/228/757
f 274/225/758 22/224/758 123/226/758
f 202/254/759 287/223/759 274/225/759
f 273/221/760 287/223/760 202/254/760
f 273/221/761 21/359/761 122/256/761
f 288/222/762 273/221/762 93/255/762
f 102/257/763 288/222/763 201/196/763
f 2/259/764 121/220/764 288/222/764
f 199/260/765 289/219/765 272/218/765
f 91/191/766 271/216/766 289/219/766
f 271/216/767 99/215/767 208/217/767
f 198/261/768 290/214/768 271/216/768
f 90/188/769 270/213/769 290/214/769
f 270/213/770 98/212/770 207/245/770
f 197/262/771 291/211/771 270/213/771
f 89/263/772 269/210/772 291/211/772
f 269/210/773 97/209/773 206/247/773
f 196/184/774 292/208/774 269/210/774
f 88/182/775 268/207/775 292/208/775
f 268/207/776 96/206/776 205/249/776
f 195/264/777 293/205/777 268/207/777
f 87/179/778 267/204/778 293/205/778
f 267/204/779 95/203/779 204/251/779
f 194/265/780 294/202/780 267/204/780
f 86/176/781 266/201/781 294/202/781
f 266/201/782 94/200/782 203/253/782
f 193/266/783 295/199/783 266/201/783
f 85/173/784 265/197/784 295/199/784
f 93/255/785 202/254/785 295/199/785
f 192/267/786 296/198/786 265/197/786
f 19/268/787 120/269/787 296/198/787
f 120/269/788 20/258/788 201/196/788
f 297/193/789 264/195/789 84/170/789
f 263/192/790 297/193/790 190/270/790
f 91/191/791 199/260/791 297/193/791
f 189/271/792 298/190/792 263/192/792
f 82/164/176 262/189/176 298/190/176
f 262/189/793 90/188/793 198/261/793
f 188/272/794 299/187/794 262/189/794
f 261/185/795 299/187/795 188/272/795
f 261/185/796 89/263/796 197/262/796
f 300/186/135 261/185/135 81/273/135
f 260/183/797 300/186/797 187/160/797
f 260/183/798 88/182/798 196/184/798
f 301/181/799 260/183/799 80/274/799
f 259/180/800 301/181/800 186/157/800
f 259/180/801 87/179/801 195/264/801
f 302/178/802 259/180/802 79/275/802
f 258/177/803 302/178/803 185/154/803
f 258/177/804 86/176/804 194/265/804
f 184/151/805 303/175/805 258/177/805
f 77/277/146 257/174/146 303/175/146
f 257/174/806 85/173/806 193/266/806
f 183/148/807 304/172/807 257/174/807
f 119/278/808 304/172/808 183/148/808
f 119/278/809 19/268/809 192/267/809
f 181/280/810 305/169/810 256/171/810
f 75/281/811 255/168/811 305/169/811
f 255/168/812 83/167/812 190/270/812
f 180/142/813 306/166/813 255/168/813
f 74/282/814 254/165/814 306/166/814
f 254/165/37 82/164/37 189/271/37
f 179/139/158 307/163/158 254/165/158
f 253/161/158 307/163/158 179/139/158
f 81/273/54 188/272/54 307/163/54
f 308/162/158 253/161/158 73/283/158
f 72/284/134 252/158/134 308/162/134
f 252/158/158 80/274/158 187/160/158
f 309/159/815 252/158/815 72/284/815
f 251/155/816 309/159/816 177/133/816
f 79/275/817 186/157/817 309/159/817
f 310/156/818 251/155/818 71/285/818
f 250/152/819 310/156/819 176/130/819
f 78/276/820 185/154/820 310/156/820
f 311/153/163 250/152/163 70/286/163
f 249/149/821 311/153/821 175/127/821
f 77/277/822 184/151/822 311/153/822
f 312/150/823 249/149/823 69/287/823
f 118/288/824 312/150/824 174/124/824
f 18/279/825 183/148/825 312/150/825
f 172/121/826 313/145/826 248/147/826
f 247/143/827 313/145/827 172/121/827
f 247/143/828 75/281/828 181/280/828
f 314/144/188 247/143/188 67/291/188
f 246/140/47 314/144/47 171/118/47
f 74/282/829 180/142/829 314/144/829
f 315/141/830 246/140/830 66/292/830
f 245/137/157 315/141/157 170/115/157
f 73/283/53 179/139/53 315/141/53
f 316/138/37 245/137/37 65/293/37
f 244/134/134 316/138/134 169/112/134
f 244/134/45 72/284/45 178/136/45
f 317/135/831 244/134/831 64/294/831
f 243/131/832 317/135/832 168/109/832
f 71/285/833 177/133/833 317/135/833
f 318/132/182 243/131/182 63/295/182
f 242/128/819 318/132/819 167/106/819
f 70/286/834 176/130/834 318/132/834
f 319/129/835 242/128/835 62/296/835
f 241/125/183 319/129/183 166/103/183
f 69/287/836 175/127/836 319/129/836
f 320/126/183 241/125/183 61/297/183
f 117/298/837 320/126/837 165/100/837
f 17/289/838 174/124/838 320/126/838
f 163/300/839 321/123/839 240/122/839
f 59/95/840 239/119/840 321/123/840
f 67/291/841 172/121/841 321/123/841
f 162/301/39 322/120/39 239/119/39
f 58/92/188 238/116/188 322/120/188
f 66/292/173 171/118/173 322/120/173
f 161/302/842 323/117/842 238/116/842
f 57/89/843 237/113/843 323/117/843
f 65/293/844 170/115/844 323/117/844
f 160/303/37 324/114/37 237/113/37
f 56/86/845 236/110/845 324/114/845
f 236/110/37 64/294/37 169/112/37
f 159/304/846 325/111/846 236/110/846
f 55/83/847 235/107/847 325/111/847
f 63/295/848 168/109/848 325/111/848
f 158/305/849 326/108/849 235/107/849
f 234/104/823 326/108/823 158/305/823
f 62/296/850 167/106/850 326/108/850
f 327/105/34 234/104/34 54/306/34
f 233/101/34 327/105/34 157/79/34
f 61/297/25 166/103/25 327/105/25
f 328/102/851 233/101/851 53/77/851
f 116/308/852 328/102/852 156/307/852
f 16/299/853 165/100/853 328/102/853
f 154/310/854 329/97/854 232/99/854
f 231/96/855 329/97/855 154/310/855
f 231/96/856 59/95/856 163/300/856
f 330/94/857 231/96/857 51/311/857
f 230/93/188 330/94/188 153/70/188
f 230/93/842 58/92/842 162/301/842
f 331/91/858 230/93/858 50/312/858
f 229/90/859 331/91/859 152/67/859
f 229/90/860 57/89/860 161/302/860
f 332/88/861 229/90/861 49/313/861
f 228/87/862 332/88/862 151/64/862
f 228/87/863 56/86/863 160/303/863
f 333/85/864 228/87/864 48/62/864
f 47/59/865 227/84/865 333/85/865
f 227/84/866 55/83/866 159/304/866
f 149/315/867 334/82/867 227/84/867
f 46/56/868 226/80/868 334/82/868
f 226/80/218 54/306/218 158/305/218
f 148/316/219 335/81/219 226/80/219
f 45/317/220 225/78/220 335/81/220
f 53/77/183 157/79/183 335/81/183
f 147/52/869 336/76/869 225/78/869
f 14/318/223 115/319/223 336/76/223
f 115/319/223 15/309/223 156/307/223
f 145/49/870 337/73/870 224/75/870
f 43/47/871 223/71/871 337/73/871
f 223/71/872 51/311/872 154/310/872
f 144/321/873 338/72/873 223/71/873
f 42/44/874 222/68/874 338/72/874
f 50/312/875 153/70/875 338/72/875
f 143/322/876 339/69/876 222/68/876
f 41/41/877 221/65/877 339/69/877
f 49/313/878 152/67/878 339/69/878
f 142/323/879 340/66/879 221/65/879
f 40/38/880 220/63/880 340/66/880
f 220/63/881 48/62/881 151/64/881
f 141/324/882 341/61/882 220/63/882
f 39/35/883 219/60/883 341/61/883
f 219/60/884 47/59/884 150/314/884
f 140/325/885 342/58/885 219/60/885
f 38/32/886 218/57/886 342/58/886
f 218/57/887 46/56/887 149/315/887
f 139/326/888 343/55/888 218/57/888
f 37/29/889 217/53/889 343/55/889
f 217/53/244 45/317/244 148/316/244
f 138/327/890 344/54/890 217/53/890
f 13/328/891 114/329/891 344/54/891
f 14/318/892 147/52/892 344/54/892
f 106/330/893 345/51/893 216/50/893
f 6/332/894 215/48/894 345/51/894
f 215/48/895 43/47/895 145/49/895
f 107/333/896 346/46/896 215/48/896
f 7/334/897 214/45/897 346/46/897
f 214/45/898 42/44/898 144/321/898
f 108/335/899 347/43/899 214/45/899
f 8/336/900 213/42/900 347/43/900
f 213/42/901 41/41/901 143/322/901
f 109/337/902 348/40/902 213/42/902
f 9/338/903 212/39/903 348/40/903
f 212/39/904 40/38/904 142/323/904
f 110/339/905 349/37/905 212/39/905
f 10/340/906 211/36/906 349/37/906
f 211/36/907 39/35/907 141/324/907
f 111/341/908 350/34/908 211/36/908
f 11/342/909 210/33/909 350/34/909
f 210/33/910 38/32/910 140/325/910
f 112/343/911 351/31/911 210/33/911
f 12/344/912 209/30/912 351/31/912
f 209/30/913 37/29/913 139/326/913
f 101/345/914 352/28/914 209/30/914
f 1/346/915 113/347/915 352/28/915
f 113/347/916 13/328/916 138/327/916
f 353/27/917 130/26/917 30/348/917
f 272/218/918 353/27/918 191/22/918
f 272/218/919 100/244/919 200/25/919
f 354/24/920 131/23/920 31/349/920
f 84/170/921 264/195/921 354/24/921
f 92/194/922 191/22/922 354/24/922
f 355/21/923 132/20/923 32/350/923
f 256/171/924 355/21/924 173/16/924
f 84/170/925 182/19/925 355/21/925
f 164/351/926 356/18/926 133/17/926
f 68/290/927 248/147/927 356/18/927
f 76/146/928 173/16/928 356/18/928
f 155/352/929 357/13/929 134/15/929
f 60/98/930 240/122/930 357/13/930
f 240/122/931 68/290/931 164/351/931
f 146/353/932 358/10/932 135/12/932
f 232/99/933 358/10/933 146/353/933
f 232/99/934 60/98/934 155/352/934
f 359/7/935 136/9/935 36/5/935
f 44/320/936 224/75/936 359/7/936
f 52/74/937 146/353/937 359/7/937
f 360/4/938 104/6/938 3/355/938
f 216/50/939 360/4/939 105/356/939
f 44/320/940 137/354/940 360/4/940
f 200/25/941 361/1/941 129/3/941
f 100/244/942 280/242/942 361/1/942
f 280/242/943 28/360/943 103/358/943
f 722/1/944 490/3/944 365/2/944
f 465/6/945 397/5/945 498/354/945
f 497/9/946 396/8/946 507/353/946
f 496/12/947 395/11/947 516/352/947
f 718/13/948 495/15/948 394/14/948
f 717/18/949 494/17/949 393/350/949
f 716/21/950 493/20/950 392/349/950
f 492/23/951 391/348/951 552/22/951
f 491/26/952 390/357/952 561/25/952
f 713/28/953 570/30/953 398/29/953
f 712/31/954 571/33/954 399/32/954
f 711/34/955 572/36/955 400/35/955
f 710/37/956 573/39/956 401/38/956
f 709/40/957 574/42/957 402/41/957
f 708/43/958 575/45/958 403/44/958
f 576/48/959 404/47/959 505/321/959
f 577/50/960 405/320/960 506/49/960
f 705/54/317 578/53/317 406/317/317
f 704/55/961 579/57/961 407/56/961
f 703/58/962 580/60/962 408/59/962
f 702/61/963 581/63/963 409/62/963
f 701/66/964 582/65/964 410/313/964
f 700/69/965 583/68/965 411/312/965
f 584/71/966 412/311/966 514/70/966
f 585/75/967 413/74/967 515/310/967
f 697/76/484 586/78/484 414/77/484
f 587/80/968 415/306/968 518/79/968
f 695/82/969 588/84/969 416/83/969
f 694/85/970 589/87/970 417/86/970
f 693/88/971 590/90/971 418/89/971
f 692/91/972 591/93/972 419/92/972
f 691/94/503 592/96/503 420/95/503
f 593/99/973 421/98/973 524/300/973
f 594/101/517 422/297/517 526/100/517
f 595/104/333 423/296/333 527/103/333
f 596/107/974 424/295/974 528/106/974
f 686/111/975 597/110/975 425/294/975
f 598/113/976 426/293/976 530/112/976
f 599/116/977 427/292/977 531/115/977
f 600/119/978 428/291/978 532/118/978
f 601/122/979 429/290/979 533/121/979
f 602/125/980 430/287/980 535/124/980
f 603/128/482 431/286/482 536/127/482
f 604/131/981 432/285/981 537/130/981
f 678/135/982 605/134/982 433/284/982
f 606/137/457 434/283/457 539/136/457
f 607/140/983 435/282/983 540/139/983
f 608/143/984 436/281/984 541/142/984
f 674/145/985 609/147/985 437/146/985
f 610/149/986 438/277/986 544/148/986
f 611/152/445 439/276/445 545/151/445
f 612/155/350 440/275/350 546/154/350
f 670/159/987 613/158/987 441/274/987
f 614/161/352 442/273/352 548/160/352
f 668/163/988 615/165/988 443/164/988
f 667/166/989 616/168/989 444/167/989
f 666/169/990 617/171/990 445/170/990
f 618/174/991 446/173/991 553/267/991
f 619/177/992 447/176/992 554/266/992
f 620/180/993 448/179/993 555/265/993
f 662/181/994 621/183/994 449/182/994
f 622/185/995 450/263/995 557/184/995
f 623/189/996 451/188/996 558/262/996
f 659/190/997 624/192/997 452/191/997
f 658/193/998 625/195/998 453/194/998
f 657/198/999 626/197/999 454/255/999
f 656/199/1000 627/201/1000 455/200/1000
f 655/202/1001 628/204/1001 456/203/1001
f 629/207/1002 457/206/1002 565/251/1002
f 630/210/1003 458/209/1003 566/249/1003
f 631/213/1004 459/212/1004 567/247/1004
f 651/214/1005 632/216/1005 460/215/1005
f 633/218/1006 461/244/1006 569/217/1006
f 649/222/1007 634/221/1007 382/359/1007
f 635/225/1008 383/224/1008 483/256/1008
f 647/228/1009 636/227/1009 384/252/1009
f 637/230/1010 385/361/1010 485/229/1010
f 638/234/1011 386/233/1011 486/250/1011
f 639/237/1012 387/236/1012 487/248/1012
f 640/240/1013 388/239/1013 488/246/1013
f 642/243/1014 641/242/1014 389/360/1014
f 569/217/1015 461/244/1015 641/242/1015
f 460/215/1016 569/217/1016 642/243/1016
f 640/240/1017 642/243/1017 489/241/1017
f 568/245/1018 460/215/1018 640/240/1018
f 459/212/1019 568/245/1019 643/238/1019
f 643/238/1020 488/246/1020 387/236/1020
f 459/212/1021 639/237/1021 644/235/1021
f 567/247/1022 644/235/1022 638/234/1022
f 644/235/1023 487/248/1023 386/233/1023
f 458/209/1024 638/234/1024 645/232/1024
f 566/249/1025 645/232/1025 637/230/1025
f 645/232/1026 486/250/1026 385/361/1026
f 457/206/1027 637/230/1027 646/231/1027
f 565/251/1028 646/231/1028 636/227/1028
f 646/231/1029 485/229/1029 384/252/1029
f 564/253/1030 456/203/1030 636/227/1030
f 455/200/1031 564/253/1031 647/228/1031
f 647/228/1032 484/226/1032 383/224/1032
f 563/254/1033 455/200/1033 635/225/1033
f 454/255/1034 563/254/1034 648/223/1034
f 634/221/1035 648/223/1035 483/256/1035
f 562/196/1036 454/255/1036 634/221/1036
f 381/258/1037 562/196/1037 649/222/1037
f 649/222/1038 482/220/1038 363/259/1038
f 560/260/1039 453/194/1039 633/218/1039
f 452/191/1040 560/260/1040 650/219/1040
f 632/216/1041 650/219/1041 569/217/1041
f 452/191/1042 632/216/1042 651/214/1042
f 559/261/1043 651/214/1043 631/213/1043
f 631/213/1044 651/214/1044 568/245/1044
f 558/262/1045 451/188/1045 631/213/1045
f 558/262/1046 652/211/1046 630/210/1046
f 652/211/1047 567/247/1047 458/209/1047
f 450/263/1048 630/210/1048 653/208/1048
f 557/184/1049 653/208/1049 629/207/1049
f 653/208/1050 566/249/1050 457/206/1050
f 449/182/1051 629/207/1051 654/205/1051
f 556/264/1052 654/205/1052 628/204/1052
f 654/205/1053 565/251/1053 456/203/1053
f 555/265/1054 448/179/1054 628/204/1054
f 447/176/1055 555/265/1055 655/202/1055
f 627/201/1056 655/202/1056 564/253/1056
f 554/266/1057 447/176/1057 627/201/1057
f 446/173/1058 554/266/1058 656/199/1058
f 626/197/1059 656/199/1059 563/254/1059
f 553/267/1060 446/173/1060 626/197/1060
f 553/267/1061 657/198/1061 481/269/1061
f 481/269/1062 657/198/1062 562/196/1062
f 551/270/1063 445/170/1063 625/195/1063
f 444/167/1064 551/270/1064 658/193/1064
f 624/192/1065 658/193/1065 560/260/1065
f 550/271/1066 444/167/1066 624/192/1066
f 443/164/1067 550/271/1067 659/190/1067
f 659/190/1068 559/261/1068 451/188/1068
f 549/272/456 443/164/456 623/189/456
f 549/272/1069 660/187/1069 622/185/1069
f 660/187/435 558/262/435 450/263/435
f 442/273/1070 622/185/1070 661/186/1070
f 441/274/436 548/160/436 661/186/436
f 661/186/1071 557/184/1071 449/182/1071
f 547/157/1072 441/274/1072 621/183/1072
f 440/275/1073 547/157/1073 662/181/1073
f 620/180/1074 662/181/1074 556/264/1074
f 440/275/1075 620/180/1075 663/178/1075
f 546/154/1076 663/178/1076 619/177/1076
f 663/178/1077 555/265/1077 447/176/1077
f 439/276/1078 619/177/1078 664/175/1078
f 545/151/1079 664/175/1079 618/174/1079
f 664/175/1080 554/266/1080 446/173/1080
f 438/277/1081 618/174/1081 665/172/1081
f 544/148/1082 665/172/1082 480/278/1082
f 665/172/1083 553/267/1083 380/268/1083
f 542/280/1084 437/146/1084 617/171/1084
f 436/281/1085 542/280/1085 666/169/1085
f 616/168/1086 666/169/1086 551/270/1086
f 541/142/1087 436/281/1087 616/168/1087
f 435/282/1088 541/142/1088 667/166/1088
f 615/165/1089 667/166/1089 550/271/1089
f 435/282/352 615/165/352 668/163/352
f 540/139/457 668/163/457 614/161/457
f 668/163/988 549/272/988 442/273/988
f 434/283/457 614/161/457 669/162/457
f 433/284/456 539/136/456 669/162/456
f 613/158/352 669/162/352 548/160/352
f 538/133/1090 433/284/1090 613/158/1090
f 432/285/1091 538/133/1091 670/159/1091
f 612/155/1092 670/159/1092 547/157/1092
f 432/285/1093 612/155/1093 671/156/1093
f 537/130/1094 671/156/1094 611/152/1094
f 671/156/1095 546/154/1095 439/276/1095
f 431/286/462 611/152/462 672/153/462
f 536/127/1096 672/153/1096 610/149/1096
f 672/153/1097 545/151/1097 438/277/1097
f 430/287/1098 610/149/1098 673/150/1098
f 535/124/1099 673/150/1099 479/288/1099
f 673/150/1100 544/148/1100 379/279/1100
f 429/290/1101 609/147/1101 674/145/1101
f 533/121/471 674/145/471 608/143/471
f 674/145/1102 542/280/1102 436/281/1102
f 428/291/489 608/143/489 675/144/489
f 532/118/346 675/144/346 607/140/346
f 675/144/1103 541/142/1103 435/282/1103
f 427/292/1104 607/140/1104 676/141/1104
f 531/115/1105 676/141/1105 606/137/1105
f 676/141/352 540/139/352 434/283/352
f 426/293/336 606/137/336 677/138/336
f 530/112/456 677/138/456 605/134/456
f 605/134/344 677/138/344 539/136/344
f 529/109/1106 425/294/1106 605/134/1106
f 424/295/1107 529/109/1107 678/135/1107
f 678/135/1108 538/133/1108 432/285/1108
f 424/295/482 604/131/482 679/132/482
f 528/106/1094 679/132/1094 603/128/1094
f 679/132/334 537/130/334 431/286/334
f 423/296/1109 603/128/1109 680/129/1109
f 527/103/483 680/129/483 602/125/483
f 680/129/1110 536/127/1110 430/287/1110
f 422/297/483 602/125/483 681/126/483
f 526/100/1111 681/126/1111 478/298/1111
f 681/126/1112 535/124/1112 378/289/1112
f 524/300/1113 421/98/1113 601/122/1113
f 420/95/1114 524/300/1114 682/123/1114
f 682/123/1115 533/121/1115 428/291/1115
f 523/301/489 420/95/489 600/119/489
f 419/92/338 523/301/338 683/120/338
f 683/120/472 532/118/472 427/292/472
f 522/302/1116 419/92/1116 599/116/1116
f 418/89/1117 522/302/1117 684/117/1117
f 684/117/1118 531/115/1118 426/293/1118
f 521/303/1119 418/89/1119 598/113/1119
f 417/86/1120 521/303/1120 685/114/1120
f 597/110/336 685/114/336 530/112/336
f 520/304/1121 417/86/1121 597/110/1121
f 416/83/1122 520/304/1122 686/111/1122
f 596/107/1123 686/111/1123 529/109/1123
f 519/305/1124 416/83/1124 596/107/1124
f 519/305/1098 687/108/1098 595/104/1098
f 687/108/1125 528/106/1125 423/296/1125
f 415/306/333 595/104/333 688/105/333
f 518/79/333 688/105/333 594/101/333
f 688/105/484 527/103/484 422/297/484
f 414/77/1126 594/101/1126 689/102/1126
f 517/307/1127 689/102/1127 477/308/1127
f 689/102/1128 526/100/1128 377/299/1128
f 413/74/1129 593/99/1129 690/97/1129
f 515/310/1130 690/97/1130 592/96/1130
f 690/97/1131 524/300/1131 420/95/1131
f 514/70/1132 412/311/1132 592/96/1132
f 411/312/1133 514/70/1133 691/94/1133
f 591/93/1134 691/94/1134 523/301/1134
f 513/67/1135 411/312/1135 591/93/1135
f 410/313/506 513/67/506 692/91/506
f 590/90/1136 692/91/1136 522/302/1136
f 512/64/1137 410/313/1137 590/90/1137
f 409/62/1138 512/64/1138 693/88/1138
f 589/87/1139 693/88/1139 521/303/1139
f 511/314/1140 409/62/1140 589/87/1140
f 408/59/1141 511/314/1141 694/85/1141
f 588/84/1142 694/85/1142 520/304/1142
f 510/315/1143 408/59/1143 588/84/1143
f 407/56/1144 510/315/1144 695/82/1144
f 587/80/517 695/82/517 519/305/517
f 509/316/324 407/56/324 587/80/324
f 406/317/518 509/316/518 696/81/518
f 696/81/483 518/79/483 414/77/483
f 508/52/518 406/317/518 586/78/518
f 375/318/1145 508/52/1145 697/76/1145
f 476/319/521 697/76/521 517/307/521
f 405/320/1146 585/75/1146 698/73/1146
f 506/49/1147 698/73/1147 584/71/1147
f 698/73/1148 515/310/1148 412/311/1148
f 404/47/1149 584/71/1149 699/72/1149
f 403/44/1150 505/321/1150 699/72/1150
f 583/68/1151 699/72/1151 514/70/1151
f 504/322/1152 403/44/1152 583/68/1152
f 402/41/1153 504/322/1153 700/69/1153
f 582/65/1154 700/69/1154 513/67/1154
f 503/323/1155 402/41/1155 582/65/1155
f 401/38/1156 503/323/1156 701/66/1156
f 581/63/1157 701/66/1157 512/64/1157
f 502/324/1158 401/38/1158 581/63/1158
f 400/35/1159 502/324/1159 702/61/1159
f 580/60/1160 702/61/1160 511/314/1160
f 501/325/1161 400/35/1161 580/60/1161
f 399/32/1162 501/325/1162 703/58/1162
f 579/57/1163 703/58/1163 510/315/1163
f 500/326/1164 399/32/1164 579/57/1164
f 398/29/1165 500/326/1165 704/55/1165
f 578/53/542 704/55/542 509/316/542
f 499/327/1166 398/29/1166 578/53/1166
f 374/328/1167 499/327/1167 705/54/1167
f 475/329/1168 705/54/1168 508/52/1168
f 366/331/1169 577/50/1169 706/51/1169
f 467/330/1170 706/51/1170 576/48/1170
f 706/51/1171 506/49/1171 404/47/1171
f 367/332/1172 576/48/1172 707/46/1172
f 468/333/1173 707/46/1173 575/45/1173
f 575/45/1174 707/46/1174 505/321/1174
f 469/335/1175 368/334/1175 575/45/1175
f 369/336/1176 469/335/1176 708/43/1176
f 574/42/1177 708/43/1177 504/322/1177
f 470/337/1178 369/336/1178 574/42/1178
f 370/338/1179 470/337/1179 709/40/1179
f 573/39/1180 709/40/1180 503/323/1180
f 471/339/1181 370/338/1181 573/39/1181
f 371/340/1182 471/339/1182 710/37/1182
f 572/36/1183 710/37/1183 502/324/1183
f 472/341/1184 371/340/1184 572/36/1184
f 372/342/1185 472/341/1185 711/34/1185
f 571/33/1186 711/34/1186 501/325/1186
f 473/343/564 372/342/564 571/33/564
f 373/344/1187 473/343/1187 712/31/1187
f 570/30/1188 712/31/1188 500/326/1188
f 462/345/1189 373/344/1189 570/30/1189
f 462/345/1190 713/28/1190 474/347/1190
f 713/28/1191 499/327/1191 374/328/1191
f 391/348/1192 491/26/1192 714/27/1192
f 453/194/1193 552/22/1193 714/27/1193
f 633/218/1194 714/27/1194 561/25/1194
f 392/349/1195 492/23/1195 715/24/1195
f 445/170/1196 543/19/1196 715/24/1196
f 715/24/1197 552/22/1197 453/194/1197
f 393/350/1198 493/20/1198 716/21/1198
f 534/16/1199 716/21/1199 617/171/1199
f 617/171/1200 716/21/1200 543/19/1200
f 525/351/1201 394/14/1201 494/17/1201
f 525/351/1202 717/18/1202 609/147/1202
f 717/18/1203 534/16/1203 437/146/1203
f 516/352/1204 395/11/1204 495/15/1204
f 516/352/1205 718/13/1205 601/122/1205
f 601/122/1206 718/13/1206 525/351/1206
f 507/353/1207 396/8/1207 496/12/1207
f 507/353/1208 719/10/1208 593/99/1208
f 719/10/1209 516/352/1209 421/98/1209
f 397/5/1210 497/9/1210 720/7/1210
f 405/320/1211 498/354/1211 720/7/1211
f 720/7/1212 507/353/1212 413/74/1212
f 364/355/1213 465/6/1213 721/4/1213
f 466/356/1214 721/4/1214 577/50/1214
f 721/4/1215 498/354/1215 405/320/1215
f 561/25/1216 390/357/1216 490/3/1216
f 461/244/1217 561/25/1217 722/1/1217
f 641/242/1218 722/1/1218 464/358/1218
f 1/346/1219 101/345/1219 462/345/1219
f 2/259/1220 102/257/1220 463/257/1220
f 4/2/1221 103/358/1221 464/358/1221
f 3/355/1222 104/6/1222 465/6/1222
f 5/331/1223 105/356/1223 466/356/1223
f 6/332/1224 106/330/1224 467/330/1224
f 7/334/1225 107/333/1225 468/333/1225
f 8/336/1226 108/335/1226 469/335/1226
f 9/338/1227 109/337/1227 470/337/1227
f 10/340/1228 110/339/1228 471/339/1228
f 11/342/1229 111/341/1229 472/341/1229
f 12/344/1230 112/343/1230 473/343/1230
f 13/328/1231 113/347/1231 474/347/1231
f 114/329/1232 475/329/1232 375/318/1232
f 15/309/611 115/319/611 476/319/611
f 16/299/1233 116/308/1233 477/308/1233
f 17/289/1234 117/298/1234 478/298/1234
f 18/279/1235 118/288/1235 479/288/1235
f 119/278/1236 480/278/1236 380/268/1236
f 20/258/1237 120/269/1237 481/269/1237
f 121/220/1238 482/220/1238 382/359/1238
f 122/256/1239 483/256/1239 383/224/1239
f 123/226/1240 484/226/1240 384/252/1240
f 24/361/1241 124/229/1241 485/229/1241
f 25/233/1242 125/250/1242 486/250/1242
f 26/236/1243 126/248/1243 487/248/1243
f 27/239/1244 127/246/1244 488/246/1244
f 28/360/1245 128/241/1245 489/241/1245
f 129/3/1246 490/3/1246 390/357/1246
f 130/26/1247 491/26/1247 391/348/1247
f 131/23/1248 492/23/1248 392/349/1248
f 132/20/1249 493/20/1249 393/350/1249
f 133/17/1250 494/17/1250 394/14/1250
f 34/11/1251 134/15/1251 495/15/1251
f 35/8/1252 135/12/1252 496/12/1252
f 36/5/1253 136/9/1253 497/9/1253
f 12/344/1254 373/344/1254 462/345/1254
f 102/257/1255 20/258/1255 381/258/1255
f 28/360/1256 389/360/1256 464/358/1256
f 104/6/1257 36/5/1257 397/5/1257
f 105/356/1258 3/355/1258 364/355/1258
f 106/330/1259 5/331/1259 366/331/1259
f 107/333/1260 6/332/1260 367/332/1260
f 108/335/1261 7/334/1261 368/334/1261
f 109/337/1262 8/336/1262 369/336/1262
f 110/339/1263 9/338/1263 370/338/1263
f 111/341/1264 10/340/1264 371/340/1264
f 112/343/1265 11/342/1265 372/342/1265
f 1/346/1266 362/346/1266 474/347/1266
f 114/329/1267 13/328/1267 374/328/1267
f 115/319/1268 14/318/1268 375/318/1268
f 15/309/1269 376/309/1269 477/308/1269
f 117/298/1270 16/299/1270 377/299/1270
f 118/288/1271 17/289/1271 378/289/1271
f 18/279/1272 379/279/1272 480/278/1272
f 120/269/1273 19/268/1273 380/268/1273
f 2/259/1274 363/259/1274 482/220/1274
f 122/256/1275 21/359/1275 382/359/1275
f 123/226/1276 22/224/1276 383/224/1276
f 124/229/1277 23/252/1277 384/252/1277
f 125/250/1278 24/361/1278 385/361/1278
f 126/248/1279 25/233/1279 386/233/1279
f 26/236/1280 387/236/1280 488/246/1280
f 128/241/1281 27/239/1281 388/239/1281
f 4/2/1282 365/2/1282 490/3/1282
f 29/357/1283 390/357/1283 491/26/1283
f 30/348/1284 391/348/1284 492/23/1284
f 31/349/1285 392/349/1285 493/20/1285
f 32/350/1286 393/350/1286 494/17/1286
f 134/15/1287 33/14/1287 394/14/1287
f 135/12/1288 34/11/1288 395/11/1288
f 136/9/1289 35/8/1289 396/8/1289
o BoxSpring
v -0.370157 0.001219 0.993502
v -0.468531 -0.001225 0.889366
v -0.440853 -0.007361 0.967339
v -0.470245 0.194399 0.884562
v -0.370679 0.190145 0.988414
v -0.442265 0.195934 0.965529
v -0.467710 -0.001064 -1.075645
v -0.374759 -0.005407 -1.181507
v -0.438211 -0.014836 -1.151663
v -0.370652 0.185047 -1.185552
v -0.469864 0.184737 -1.078116
v -0.436725 0.191115 -1.154054
v 0.513288 0.000813 0.888273
v 0.420524 -0.008511 0.991086
v 0.438570 -0.000273 -1.085900
v 0.487352 -0.006976 0.965926
v 0.413987 0.189505 0.997285
v 0.512531 0.184300 0.888152
v -0.398212 0.191552 -1.090739
v 0.488880 0.194614 0.964430
v -0.396451 -0.007835 -1.084212
v 0.414054 -0.012248 -1.181335
v 0.437257 -0.006052 0.898602
v 0.515498 -0.007764 -1.076891
v -0.399405 -0.008181 0.899687
v 0.484411 -0.010904 -1.147328
v 0.445426 0.194458 -1.088908
v 0.513273 0.185328 -1.077739
v -0.394446 0.186505 0.901150
v 0.418246 0.195404 -1.186126
v 0.439971 0.195763 0.895627
v 0.485673 0.190756 -1.155763
vn -0.9425 -0.0036 0.3343
vn 0.4015 0.0038 0.9158
vn -0.9159 -0.0159 -0.4010
vn 0.9549 -0.0050 0.2968
vn 0.0027 -0.0312 0.9995
vn -1.0000 -0.0088 -0.0004
vn -0.0000 -0.0212 -0.9998
vn -0.4310 -0.0099 -0.9023
vn 0.9421 -0.0199 -0.3347
vn 0.4087 -0.0293 -0.9122
vn 1.0000 0.0041 0.0011
vn -0.3477 0.0059 0.9376
vn -0.0866 0.9952 0.0458
vn -0.1071 -0.9900 0.0914
vn 0.1031 0.9947 0.0023
vn 0.0092 -0.9925 0.1222
vn -0.0033 0.9976 -0.0694
vn 0.0895 -0.9960 -0.0028
vn 0.1561 0.9877 0.0006
vn 0.0946 -0.9930 0.0700
vn -0.0463 0.9977 0.0496
vn -0.1001 -0.9950 -0.0003
vn -0.0111 0.9999 0.0026
vn -0.0757 -0.9859 0.1492
vn 0.1296 0.9913 0.0231
vn 0.0025 -1.0000 -0.0002
vn 0.0139 -0.9996 -0.0241
vn -0.0124 -0.9995 -0.0288
vn 0.0001 0.9981 0.0615
vn 0.1024 0.9923 -0.0693
vn -0.9452 -0.0003 0.3266
vn 0.3526 -0.0176 0.9356
vn -0.9321 0.0025 -0.3622
vn 0.9484 0.0041 0.3172
vn -0.0113 0.0269 0.9996
vn -0.9999 -0.0116 -0.0001
vn -0.0004 -0.0231 -0.9997
vn -0.4247 -0.0074 -0.9053
vn 0.9147 0.0088 -0.4041
vn 0.4355 -0.0403 -0.8993
vn 0.9999 0.0115 0.0004
vn -0.3026 0.0248 0.9528
vn 0.0684 0.9965 -0.0485
vn -0.0469 -0.9896 0.1362
vn -0.0955 0.9954 -0.0049
vn -0.0087 -0.9996 -0.0269
vn -0.0131 0.9998 0.0134
vn -0.0974 -0.9952 0.0042
vn 0.1334 0.9911 -0.0003
vn -0.0933 -0.9946 -0.0451
vn 0.1466 0.9853 -0.0878
vn -0.0946 -0.9955 -0.0001
vn -0.0034 1.0000 -0.0007
vn 0.1511 -0.9885 0.0090
vn 0.0736 0.9972 -0.0109
vn 0.0090 -1.0000 -0.0029
vn 0.0798 -0.9941 -0.0731
vn 0.0027 -0.9951 0.0989
vn -0.0113 0.9992 -0.0386
vn 0.1162 0.9915 -0.0589
vt 0.590032 0.000000
vt 0.409968 0.012034
vt 0.409968 0.000000
vt 0.590032 0.774565
vt 0.409968 0.750000
vt 0.590032 0.750000
vt 0.590032 0.250000
vt 0.409968 0.237966
vt 0.590032 0.237966
vt 0.590032 0.737966
vt 0.409968 0.975435
vt 0.409968 0.774565
vt 0.590032 0.012034
vt 0.590032 0.274565
vt 0.409968 0.475435
vt 0.409968 0.274565
vt 0.590032 0.512034
vt 0.409968 0.500000
vt 0.590032 0.500000
vt 0.590032 0.475435
vt 0.409968 0.512034
vt 0.409968 0.737966
vt 0.590032 1.000000
vt 0.409968 1.000000
vt 0.590032 0.418755
vt 0.409968 0.497912
vt 0.590032 0.497912
vt 0.409968 0.418755
vt 0.409968 0.585422
vt 0.590032 0.585422
vt 0.409968 0.497912
vt 0.409968 0.250000
vt 0.590032 0.975435
s 0
f 728/362/1290 724/363/1290 725/364/1290
f 739/365/1291 738/366/1291 742/367/1291
f 734/368/1292 729/369/1292 733/370/1292
f 738/366/1293 740/371/1293 742/367/1293
f 739/365/1294 723/372/1294 736/373/1294
f 726/374/1295 729/369/1295 724/363/1295
f 732/375/1296 744/376/1296 730/377/1296
f 730/377/1297 734/368/1297 732/375/1297
f 750/378/1298 748/379/1298 754/380/1298
f 754/380/1299 744/376/1299 752/381/1299
f 746/382/1300 740/371/1300 735/383/1300
f 723/372/1301 728/384/1301 725/385/1301
f 741/386/1302 734/368/1302 733/370/1302
f 737/387/1303 748/379/1303 746/382/1303
f 741/386/1304 726/374/1304 751/388/1304
f 743/389/1305 744/376/1305 737/387/1305
f 749/388/1306 732/375/1306 741/386/1306
f 737/387/1307 735/383/1307 745/390/1307
f 750/378/1308 753/391/1308 740/371/1308
f 725/385/1309 747/392/1309 723/372/1309
f 742/367/1310 753/391/1310 739/365/1310
f 724/363/1311 743/389/1311 747/392/1311
f 753/391/1312 741/386/1312 751/388/1312
f 731/393/1313 743/389/1313 729/369/1313
f 754/380/1314 749/388/1314 750/378/1314
f 743/389/1315 745/390/1315 747/392/1315
f 745/390/1316 738/366/1316 736/373/1316
f 723/372/1317 745/390/1317 736/373/1317
f 753/391/1318 727/394/1318 739/365/1318
f 751/388/1319 728/384/1319 727/394/1319
f 728/362/1320 726/374/1320 724/363/1320
f 739/365/1321 736/373/1321 738/366/1321
f 734/368/1322 731/393/1322 729/369/1322
f 738/366/1323 735/383/1323 740/371/1323
f 739/365/1324 727/394/1324 723/372/1324
f 726/374/1325 733/370/1325 729/369/1325
f 732/375/1326 752/381/1326 744/376/1326
f 730/377/1327 731/393/1327 734/368/1327
f 750/378/1328 746/382/1328 748/379/1328
f 754/380/1329 748/379/1329 744/376/1329
f 746/382/1330 750/378/1330 740/371/1330
f 723/372/1331 727/394/1331 728/384/1331
f 741/386/1332 732/375/1332 734/368/1332
f 737/387/1333 744/376/1333 748/379/1333
f 741/386/1334 733/370/1334 726/374/1334
f 743/389/1335 730/377/1335 744/376/1335
f 749/388/1336 752/381/1336 732/375/1336
f 737/387/1337 746/382/1337 735/383/1337
f 750/378/1338 749/388/1338 753/391/1338
f 725/385/1339 724/363/1339 747/392/1339
f 742/367/1340 740/371/1340 753/391/1340
f 724/363/1341 729/369/1341 743/389/1341
f 753/391/1342 749/388/1342 741/386/1342
f 731/393/1343 730/377/1343 743/389/1343
f 754/380/1344 752/381/1344 749/388/1344
f 743/389/1345 737/387/1345 745/390/1345
f 745/390/1346 735/383/1346 738/366/1346
f 723/372/1347 747/392/1347 745/390/1347
f 753/391/1348 751/388/1348 727/394/1348
f 751/388/1349 726/374/1349 728/384/1349
o MattressTwin
v -0.365036 0.196788 0.963616
v -0.369522 0.221304 0.988132
v -0.442821 0.196788 0.879060
v -0.465374 0.221304 0.883937
v -0.420038 0.196788 0.938850
v -0.437300 0.221304 0.957614
v -0.442821 0.372067 0.879060
v -0.465374 0.347550 0.883937
v -0.365036 0.372067 0.963616
v -0.369522 0.347550 0.988132
v -0.420038 0.372067 0.938850
v -0.437300 0.347550 0.957614
v -0.442821 0.196788 -1.067361
v -0.465374 0.221304 -1.072238
v -0.365036 0.196788 -1.151917
v -0.369522 0.221304 -1.176433
v -0.420038 0.196788 -1.127151
v -0.437300 0.221304 -1.145915
v -0.365036 0.372067 -1.151917
v -0.369522 0.347550 -1.176433
v -0.442821 0.372067 -1.067361
v -0.465374 0.347550 -1.072238
v -0.420038 0.372067 -1.127151
v -0.437300 0.347550 -1.145915
v 0.487572 0.196788 0.879060
v 0.510125 0.221304 0.883937
v 0.409787 0.196788 0.963616
v 0.414273 0.221304 0.988132
v 0.464789 0.196788 0.938850
v 0.482050 0.221304 0.957614
v 0.409787 0.372067 0.963616
v 0.414273 0.347550 0.988132
v 0.487572 0.372067 0.879060
v 0.510125 0.347550 0.883937
v 0.464789 0.372067 0.938850
v 0.482050 0.347550 0.957614
v 0.409787 0.196788 -1.151917
v 0.414273 0.221304 -1.176433
v 0.487572 0.196788 -1.067361
v 0.510125 0.221304 -1.072238
v 0.464789 0.196788 -1.127151
v 0.482050 0.221304 -1.145915
v 0.487572 0.372067 -1.067361
v 0.510125 0.347550 -1.072238
v 0.409787 0.372067 -1.151917
v 0.414273 0.347550 -1.176433
v 0.464789 0.372067 -1.127151
v 0.482050 0.347550 -1.145915
v -0.472915 0.203306 -0.558808
v -0.450361 0.178790 -0.559886
v 0.502584 0.203306 -0.598203
v 0.480031 0.178790 -0.597459
v -0.450361 0.354069 -0.558690
v -0.472915 0.329552 -0.557947
v 0.502584 0.329552 -0.597341
v 0.480031 0.354069 -0.596263
v -0.427619 0.209739 0.153314
v 0.525326 0.234255 0.272600
v -0.450173 0.360501 0.143313
v 0.502773 0.385018 0.262600
v -0.450173 0.234255 0.149300
v 0.502773 0.209739 0.270912
v -0.427619 0.385018 0.145002
v 0.525326 0.360501 0.266613
vn -0.9345 -0.0000 0.3561
vn -0.9851 -0.0000 0.1719
vn 0.2100 -0.0000 0.9777
vn 0.4106 -0.0000 0.9118
vn -0.9345 -0.0000 -0.3561
vn -0.9817 -0.0000 -0.1902
vn -0.0059 0.9999 0.0130
vn -0.0000 1.0000 -0.0000
vn -0.0006 0.9999 0.0112
vn 0.9345 -0.0000 0.3561
vn 0.9814 0.0001 0.1921
vn -0.2100 -0.0000 0.9777
vn -1.0000 -0.0000 0.0089
vn -0.9825 -0.0000 -0.1863
vn -1.0000 -0.0001 0.0085
vn -0.2100 -0.0000 -0.9777
vn 0.2100 -0.0000 -0.9777
vn -0.4106 -0.0000 -0.9118
vn 0.9853 -0.0000 -0.1710
vn 0.9345 -0.0000 -0.3561
vn 0.9845 -0.0000 -0.1755
vn 0.4106 -0.0000 -0.9118
vn 1.0000 -0.0000 -0.0002
vn 0.9809 -0.0000 0.1944
vn -0.4106 -0.0000 0.9118
vn -0.2922 -0.7025 0.6490
vn -0.1455 -0.7128 0.6861
vn -0.2922 0.7025 0.6490
vn -0.1455 0.7128 0.6861
vn -0.1496 0.7127 0.6853
vn -0.6841 -0.6812 0.2607
vn -0.7186 -0.6850 0.1202
vn -0.7193 -0.6849 0.1162
vn -0.6841 0.6812 0.2607
vn -0.7161 0.6852 0.1331
vn -0.2922 0.7025 -0.6490
vn -0.1455 0.7128 -0.6861
vn -0.2922 -0.7025 -0.6490
vn -0.1455 -0.7128 -0.6861
vn -0.1496 -0.7127 -0.6853
vn -0.6841 0.6812 -0.2607
vn -0.7176 0.6851 -0.1254
vn -0.7177 0.6851 -0.1249
vn -0.6841 -0.6812 -0.2607
vn -0.7124 -0.6854 -0.1509
vn 0.6841 0.6812 -0.2607
vn 0.7197 0.6848 -0.1143
vn 0.6841 -0.6812 -0.2607
vn 0.7143 -0.6853 -0.1420
vn 0.7156 -0.6852 -0.1355
vn 0.2922 0.7024 -0.6490
vn 0.1455 0.7128 -0.6861
vn 0.1496 0.7127 -0.6853
vn 0.2922 -0.7025 -0.6490
vn 0.1455 -0.7128 -0.6861
vn 0.2922 0.7024 0.6490
vn 0.1455 0.7128 0.6861
vn 0.2922 0.7025 0.6490
vn 0.2922 -0.7025 0.6490
vn 0.1455 -0.7128 0.6861
vn 0.1496 -0.7127 0.6853
vn 0.6841 0.6812 0.2607
vn 0.7128 0.6854 0.1491
vn 0.7134 0.6853 0.1461
vn 0.6841 -0.6812 0.2607
vn 0.7159 -0.6852 0.1339
vn -0.7356 -0.6773 0.0100
vn -0.7134 -0.6853 -0.1467
vn -0.7358 -0.6771 0.0083
vn 0.7358 -0.6772 0.0044
vn 0.7161 -0.6852 0.1331
vn -0.1496 -0.7127 0.6853
vn -0.7359 0.6770 0.0034
vn -0.7359 0.6771 0.0036
vn 0.1496 0.7127 0.6853
vn 0.7360 0.6769 -0.0024
vn 0.7201 0.6848 -0.1119
vn 0.7359 0.6771 -0.0039
vn -0.1496 0.7127 -0.6853
vn -0.0070 -0.9999 -0.0158
vn -0.0000 -1.0000 -0.0000
vn 0.0011 -0.9999 -0.0108
vn 0.7366 0.6763 -0.0084
vn 0.7362 0.6768 -0.0028
vn 0.0083 0.9999 0.0147
vn 0.0067 0.9998 0.0198
vn -0.0000 1.0000 -0.0024
vn -0.7358 0.6772 -0.0047
vn -0.7358 0.6772 -0.0046
vn 1.0000 -0.0000 -0.0052
vn 1.0000 -0.0000 -0.0050
vn 0.7358 -0.6771 -0.0048
vn 0.0079 -0.9999 -0.0141
vn 0.0055 -0.9998 -0.0203
vn -0.0004 -1.0000 0.0062
vn -1.0000 0.0002 0.0053
vn -0.7371 -0.6756 0.0156
vn -0.7367 -0.6761 0.0097
vn 0.0001 0.9999 -0.0135
vn 0.0007 1.0000 -0.0053
vn -0.7172 0.6851 0.1272
vn -0.9855 -0.0001 0.1698
vn 0.7359 -0.6771 -0.0045
vn -0.0017 -1.0000 -0.0006
vn 0.0004 -0.9999 0.0133
vn -0.0439 0.9989 0.0167
vn 1.0000 -0.0001 -0.0015
vn 0.2922 0.7025 -0.6490
vn 0.1496 -0.7127 -0.6853
vn -0.0018 -1.0000 0.0063
vn -0.0597 -0.9980 -0.0227
vn -0.0957 0.9947 0.0365
vn -0.0144 0.9995 0.0286
vn -0.0002 1.0000 -0.0051
vn -0.0963 -0.9947 -0.0367
vn -0.0134 -0.9995 -0.0271
vn -1.0000 0.0003 0.0065
vt 0.590032 0.000000
vt 0.409968 0.012034
vt 0.409968 0.000000
vt 0.409968 0.774565
vt 0.590032 0.750000
vt 0.590032 0.774565
vt 0.409968 0.250000
vt 0.590032 0.237966
vt 0.590032 0.250000
vt 0.863381 0.744308
vt 0.650715 0.747168
vt 0.630780 0.737402
vt 0.409968 0.750000
vt 0.590032 0.737966
vt 0.409968 0.975435
vt 0.590032 0.178567
vt 0.409968 0.237966
vt 0.409968 0.178666
vt 0.590032 0.274565
vt 0.409968 0.475435
vt 0.409968 0.274565
vt 0.409968 0.512034
vt 0.590032 0.500000
vt 0.590032 0.512034
vt 0.409968 0.500000
vt 0.590032 0.475435
vt 0.409968 0.667359
vt 0.409968 0.737966
vt 0.590032 0.975435
vt 0.409968 1.000000
vt 0.136619 0.744308
vt 0.149565 0.750000
vt 0.132195 0.746475
vt 0.850435 0.750000
vt 0.849285 0.747168
vt 0.125000 0.737966
vt 0.130780 0.737402
vt 0.875000 0.737966
vt 0.867805 0.746475
vt 0.863381 0.505692
vt 0.850435 0.500000
vt 0.867805 0.503525
vt 0.136619 0.505692
vt 0.149565 0.500000
vt 0.150715 0.502832
vt 0.875000 0.512034
vt 0.869220 0.512597
vt 0.125000 0.512034
vt 0.132195 0.503525
vt 0.636619 0.505692
vt 0.625000 0.512034
vt 0.632195 0.503525
vt 0.363381 0.505692
vt 0.375000 0.512034
vt 0.369220 0.512597
vt 0.649565 0.500000
vt 0.650715 0.502832
vt 0.350435 0.500000
vt 0.367805 0.503525
vt 0.636619 0.744308
vt 0.649565 0.750000
vt 0.632195 0.746475
vt 0.363381 0.744308
vt 0.350435 0.750000
vt 0.349285 0.747168
vt 0.625000 0.737966
vt 0.375000 0.737966
vt 0.367805 0.746475
vt 0.125000 0.571334
vt 0.130780 0.512598
vt 0.130780 0.571209
vt 0.369220 0.737403
vt 0.369220 0.667164
vt 0.150715 0.747168
vt 0.875000 0.571433
vt 0.869220 0.571347
vt 0.590032 0.566883
vt 0.630780 0.512598
vt 0.630780 0.567008
vt 0.849285 0.502832
vt 0.630780 0.666203
vt 0.590032 0.666667
vt 0.630780 0.553699
vt 0.875000 0.652426
vt 0.869220 0.652621
vt 0.409968 0.566784
vt 0.349286 0.502832
vt 0.409968 0.096882
vt 0.125000 0.653118
vt 0.130780 0.653581
vt 0.869220 0.737403
vt 0.590032 0.012034
vt 0.369220 0.566869
vt 0.590032 1.000000
vt 0.590032 0.097574
s 1
f 766/395/1350 758/396/1351 760/397/1350
f 782/398/1352 790/399/1353 786/400/1352
f 772/401/1354 776/402/1355 778/403/1354
f 765/404/1356 785/405/1357 787/406/1358
f 784/407/1359 788/408/1360 790/399/1359
f 786/400/1352 756/409/1361 782/398/1352
f 808/410/1362 768/411/1363 803/412/1364
f 774/413/1365 792/414/1366 770/415/1365
f 770/415/1365 778/403/1367 774/413/1365
f 794/416/1368 802/417/1369 798/418/1370
f 796/419/1371 800/420/1366 802/417/1371
f 812/421/1372 788/408/1360 780/422/1373
f 764/423/1361 760/424/1374 756/409/1361
f 759/425/1375 756/426/1376 760/427/1375
f 765/404/1377 764/428/1378 763/429/1379
f 759/425/1380 758/430/1381 757/431/1382
f 765/404/1383 762/432/1384 766/433/1383
f 777/434/1385 774/435/1386 778/436/1385
f 771/437/1387 770/438/1388 769/439/1389
f 777/434/1390 776/440/1391 775/441/1392
f 771/437/1393 768/442/1394 772/443/1393
f 801/444/1395 798/445/1396 802/446/1395
f 795/447/1397 794/448/1398 793/449/1399
f 801/444/1400 800/450/1401 799/451/1402
f 795/447/1403 792/452/1404 796/453/1403
f 789/454/1405 786/455/1406 790/456/1407
f 783/457/1408 782/458/1409 781/459/1410
f 789/454/1411 788/460/1412 787/406/1413
f 783/457/1414 780/461/1415 784/462/1414
f 803/463/1416 767/464/1417 804/465/1418
f 792/452/1404 769/439/1389 770/438/1388
f 812/421/1419 779/466/1420 816/467/1419
f 782/458/1409 755/468/1421 781/459/1410
f 775/441/1392 808/469/1422 807/470/1423
f 763/429/1379 786/455/1406 785/405/1424
f 809/471/1425 797/472/1426 810/473/1427
f 800/450/1401 773/474/1428 799/451/1402
f 783/457/1429 755/468/1430 757/431/1431
f 809/471/1425 814/475/1432 818/476/1433
f 773/474/1434 775/441/1435 810/477/1436
f 807/470/1423 813/478/1437 817/479/1438
f 794/416/1368 809/471/1439 805/480/1440
f 805/480/1441 793/449/1399 794/416/1398
f 791/481/1442 793/449/1443 804/465/1444
f 815/482/1445 808/410/1362 803/412/1364
f 815/483/1446 804/465/1418 811/484/1447
f 810/473/1436 817/479/1448 814/475/1449
f 818/476/1433 787/406/1413 788/408/1412
f 761/485/1450 813/478/1437 762/432/1384
f 762/486/1451 815/482/1445 758/396/1351
f 809/471/1439 812/421/1372 805/480/1440
f 805/480/1441 816/467/1419 806/487/1452
f 806/487/1453 811/484/1454 804/465/1444
f 815/483/1446 757/431/1382 758/430/1381
f 766/395/1350 762/486/1451 758/396/1351
f 782/398/1352 784/407/1353 790/399/1353
f 772/401/1354 768/411/1363 776/402/1355
f 787/406/1358 814/475/1449 817/479/1448
f 817/479/1448 761/485/1455 765/404/1356
f 765/404/1356 763/429/1357 785/405/1357
f 785/405/1357 789/454/1357 787/406/1358
f 787/406/1358 817/479/1448 765/404/1356
f 784/407/1359 780/422/1373 788/408/1360
f 786/400/1352 764/423/1361 756/409/1361
f 808/410/1362 776/402/1355 768/411/1363
f 774/413/1365 800/420/1366 792/414/1366
f 770/415/1365 772/401/1367 778/403/1367
f 794/416/1368 796/419/1369 802/417/1369
f 796/419/1371 792/414/1366 800/420/1366
f 812/421/1372 818/476/1456 788/408/1360
f 764/423/1361 766/488/1374 760/424/1374
f 759/425/1375 755/468/1421 756/426/1376
f 765/404/1377 766/433/1377 764/428/1378
f 759/425/1380 760/427/1380 758/430/1381
f 765/404/1383 761/485/1450 762/432/1384
f 777/434/1385 773/474/1428 774/435/1386
f 771/437/1387 772/443/1387 770/438/1388
f 777/434/1390 778/436/1390 776/440/1391
f 771/437/1393 767/464/1417 768/442/1394
f 801/444/1395 797/472/1426 798/445/1396
f 795/447/1397 796/453/1397 794/448/1398
f 801/444/1400 802/446/1457 800/450/1401
f 795/447/1403 791/481/1458 792/452/1404
f 789/454/1405 785/405/1424 786/455/1406
f 783/457/1408 784/462/1408 782/458/1409
f 789/454/1411 790/456/1411 788/460/1412
f 783/457/1414 779/466/1420 780/461/1415
f 803/463/1416 768/442/1394 767/464/1417
f 792/452/1404 791/481/1458 769/439/1389
f 812/421/1419 780/422/1415 779/466/1420
f 782/458/1409 756/426/1376 755/468/1421
f 775/441/1392 776/440/1391 808/469/1422
f 763/429/1379 764/428/1378 786/455/1406
f 809/471/1425 798/418/1396 797/472/1426
f 800/450/1401 774/435/1386 773/474/1428
f 757/431/1431 811/484/1454 816/467/1459
f 816/467/1459 779/466/1460 783/457/1429
f 783/457/1429 781/459/1430 755/468/1430
f 755/468/1430 759/425/1430 757/431/1431
f 757/431/1431 816/467/1459 783/457/1429
f 809/471/1425 810/473/1427 814/475/1432
f 810/477/1436 797/472/1461 801/444/1462
f 801/444/1462 799/451/1357 773/474/1434
f 773/474/1434 777/434/1357 775/441/1435
f 775/441/1435 807/470/1463 810/477/1436
f 810/477/1436 801/444/1462 773/474/1434
f 807/470/1423 808/469/1422 813/478/1437
f 794/416/1368 798/418/1370 809/471/1439
f 805/480/1441 806/487/1452 793/449/1399
f 804/465/1444 767/464/1464 771/437/1465
f 771/437/1465 769/439/1430 791/481/1442
f 791/481/1442 795/447/1430 793/449/1443
f 793/449/1443 806/487/1453 804/465/1444
f 804/465/1444 771/437/1465 791/481/1442
f 815/482/1445 813/489/1466 808/410/1362
f 815/483/1446 803/463/1416 804/465/1418
f 810/473/1436 807/470/1463 817/479/1448
f 818/476/1433 814/475/1432 787/406/1413
f 761/485/1450 817/479/1438 813/478/1437
f 762/486/1451 813/489/1466 815/482/1445
f 809/471/1439 818/476/1456 812/421/1372
f 805/480/1441 812/421/1419 816/467/1419
f 806/487/1453 816/467/1459 811/484/1454
f 815/483/1446 811/484/1447 757/431/1382
o Pillow
v -0.259282 0.421917 -0.739620
v -0.261386 0.439363 -0.739041
v -0.262548 0.414588 -1.112378
v -0.263763 0.444883 -1.120880
v 0.305314 0.414582 -0.745391
v 0.301729 0.445148 -0.737798
v 0.305291 0.415673 -1.114299
v 0.301779 0.444492 -1.115402
v 0.260124 0.400872 -1.116213
v -0.211098 0.401276 -1.120088
v -0.214068 0.455645 -1.117449
v 0.261662 0.456745 -1.118543
v -0.212525 0.414337 -0.740107
v 0.264403 0.401962 -0.742786
v 0.258178 0.457805 -0.738117
v -0.210161 0.445882 -0.736599
v -0.263683 0.393809 -1.073987
v -0.260800 0.406938 -0.777892
v -0.263421 0.451030 -0.779689
v -0.256673 0.465583 -1.076112
v 0.303538 0.393843 -0.771703
v 0.302816 0.393082 -1.078360
v 0.301931 0.465044 -1.080153
v 0.307407 0.464749 -0.775143
v 0.233279 0.494475 -1.062125
v 0.237237 0.494005 -0.789682
v -0.187213 0.495354 -1.062806
v -0.191810 0.493780 -0.794035
v -0.191299 0.363495 -1.060699
v -0.190446 0.365029 -0.797601
v 0.236852 0.365091 -1.066082
v 0.238544 0.364227 -0.797904
v 0.148234 0.398193 -1.138508
v -0.102238 0.408824 -1.146051
v -0.102579 0.471760 -1.139720
v 0.146550 0.460995 -1.143375
v -0.098622 0.418424 -0.717000
v 0.144250 0.402744 -0.711774
v 0.149492 0.456292 -0.718740
v -0.097631 0.462990 -0.714729
v 0.136527 0.356369 -1.082517
v -0.092999 0.366235 -1.083557
v 0.134315 0.355034 -0.779455
v -0.088755 0.367217 -0.773666
v -0.095585 0.513859 -1.079703
v 0.140327 0.504375 -1.082914
v -0.095851 0.514302 -0.775329
v 0.134109 0.504277 -0.774381
vn -0.7365 0.6565 -0.1631
vn -0.9953 0.0620 0.0740
vn -0.7997 -0.5725 -0.1808
vn 0.2047 -0.5368 -0.8185
vn 0.6311 0.3413 -0.6966
vn 0.1785 -0.4303 -0.8849
vn 0.7843 0.5856 0.2048
vn 0.9989 -0.0162 0.0430
vn 0.7342 -0.6346 0.2411
vn -0.2224 0.4363 0.8719
vn -0.0979 -0.5334 0.8402
vn -0.1626 -0.5367 0.8280
vn 0.1713 -0.5505 0.8170
vn 0.2261 -0.9487 0.2211
vn -0.8268 0.5319 0.1829
vn -0.3389 0.9016 0.2688
vn 0.1638 0.4976 0.8518
vn 0.5632 0.2955 0.7716
vn -0.1180 0.4166 0.9014
vn -0.1066 0.9313 0.3484
vn -0.7807 -0.5874 0.2134
vn 0.1088 -0.4056 0.9076
vn 0.0435 -0.9511 0.3058
vn 0.2059 -0.4930 0.8453
vn -0.1085 -0.4186 0.9017
vn -0.1580 -0.5114 -0.8447
vn -0.2157 0.5228 -0.8247
vn -0.2224 -0.5150 -0.8278
vn 0.1018 -0.4859 -0.8681
vn 0.2117 0.5100 -0.8337
vn 0.2228 -0.9442 -0.2427
vn 0.0418 -0.9458 -0.3220
vn -0.2248 -0.9344 0.2763
vn -0.1225 0.5171 -0.8471
vn -0.2840 0.9310 -0.2292
vn -0.0973 0.9484 -0.3018
vn 0.7605 0.6198 -0.1935
vn 0.2326 0.9475 -0.2194
vn 0.7693 -0.6097 -0.1911
vn 0.9984 0.0451 0.0330
vn -0.9954 -0.0880 0.0389
vn 0.0859 0.9328 0.3500
vn 0.2183 0.9433 0.2501
vn 0.0996 0.9434 -0.3163
vn 0.1242 0.4233 -0.8974
vn -0.0346 -0.9501 -0.3101
vn -0.1778 -0.9607 -0.2132
vn -0.0645 -0.9246 0.3754
vn -0.0932 -0.4049 -0.9096
vn 0.1219 0.4612 0.8789
vn -0.9880 0.0038 0.1547
vn -0.0427 -0.0383 0.9984
vn -0.1343 0.9507 0.2796
vn 0.1231 -0.2635 -0.9568
vn -0.1689 0.9045 -0.3915
vn -0.9926 -0.1202 0.0152
vt 0.625000 0.166667
vt 0.375000 0.250000
vt 0.375000 0.166667
vt 0.375000 0.416667
vt 0.625000 0.500000
vt 0.375000 0.500000
vt 0.625000 0.666667
vt 0.375000 0.750000
vt 0.375000 0.666667
vt 0.625000 0.916667
vt 0.375000 1.000000
vt 0.375000 0.916667
vt 0.291667 0.750000
vt 0.291667 0.666667
vt 0.875000 0.666667
vt 0.791667 0.750000
vt 0.791667 0.666667
vt 0.708333 0.750000
vt 0.625000 0.750000
vt 0.763889 0.750000
vt 0.763889 0.666667
vt 0.125000 0.666667
vt 0.208333 0.750000
vt 0.125000 0.750000
vt 0.263889 0.750000
vt 0.263889 0.666667
vt 0.375000 0.833333
vt 0.375000 0.888889
vt 0.625000 0.333333
vt 0.375000 0.333333
vt 0.375000 0.388889
vt 0.625000 0.416667
vt 0.263889 0.500000
vt 0.291667 0.583333
vt 0.263889 0.583333
vt 0.208333 0.500000
vt 0.125000 0.583333
vt 0.125000 0.500000
vt 0.208333 0.666667
vt 0.763889 0.500000
vt 0.791667 0.583333
vt 0.763889 0.583333
vt 0.708333 0.500000
vt 0.625000 0.583333
vt 0.708333 0.583333
vt 0.791667 0.500000
vt 0.875000 0.583333
vt 0.291667 0.500000
vt 0.375000 0.583333
vt 0.375000 0.000000
vt 0.625000 0.083333
vt 0.375000 0.083333
vt 0.736111 0.666667
vt 0.708333 0.666667
vt 0.736111 0.583333
vt 0.736111 0.500000
vt 0.236111 0.583333
vt 0.208333 0.583333
vt 0.236111 0.666667
vt 0.236111 0.500000
vt 0.375000 0.361111
vt 0.625000 0.388889
vt 0.625000 0.861111
vt 0.375000 0.861111
vt 0.625000 0.888889
vt 0.236111 0.750000
vt 0.736111 0.750000
vt 0.625000 0.250000
vt 0.625000 1.000000
vt 0.875000 0.750000
vt 0.625000 0.833333
vt 0.875000 0.500000
vt 0.625000 0.000000
vt 0.625000 0.361111
s 1
f 838/490/1467 821/491/1468 835/492/1469
f 827/493/1470 826/494/1471 825/495/1472
f 842/496/1473 823/497/1474 839/498/1475
f 834/499/1476 819/500/1477 831/501/1478
f 839/498/1475 832/502/1479 850/503/1480
f 837/504/1481 834/505/1476 846/506/1482
f 842/496/1473 833/507/1483 824/508/1484
f 846/506/1482 858/509/1485 865/510/1486
f 836/511/1487 831/512/1478 819/513/1477
f 850/503/1480 856/514/1488 861/515/1489
f 824/508/1484 832/516/1479 823/497/1490
f 855/517/1491 834/499/1476 831/501/1478
f 821/491/1492 829/518/1493 828/519/1494
f 851/520/1495 830/521/1496 827/493/1470
f 851/522/1495 849/523/1497 859/524/1498
f 859/524/1498 850/503/1480 861/515/1489
f 828/525/1494 835/526/1469 821/527/1492
f 835/526/1469 848/528/1499 836/511/1487
f 853/529/1500 845/530/1501 863/531/1502
f 845/530/1501 865/510/1486 863/531/1502
f 830/532/1496 841/533/1503 826/494/1471
f 843/534/1504 842/496/1473 841/533/1503
f 829/535/1493 838/536/1467 845/530/1501
f 838/536/1467 846/506/1482 845/530/1501
f 827/537/1470 840/538/1505 849/523/1497
f 840/538/1505 850/503/1480 849/523/1497
f 825/495/1506 841/533/1503 840/538/1505
f 840/538/1505 842/496/1473 839/498/1475
f 819/539/1507 837/540/1481 836/541/1487
f 837/540/1481 835/492/1469 836/541/1487
f 843/534/1504 866/542/1508 844/543/1509
f 863/531/1502 866/542/1508 864/544/1510
f 854/545/1511 843/534/1504 830/532/1496
f 853/529/1500 864/544/1510 854/545/1511
f 860/546/1512 848/528/1499 847/547/1513
f 860/546/1512 861/515/1489 862/548/1514
f 828/525/1494 860/546/1512 847/547/1513
f 851/522/1495 860/546/1512 852/549/1515
f 829/518/1493 852/550/1515 828/519/1494
f 852/550/1515 854/551/1511 851/520/1495
f 832/516/1479 857/552/1516 856/553/1488
f 856/553/1488 858/554/1485 855/517/1491
f 848/528/1499 855/555/1491 831/512/1478
f 862/548/1514 856/514/1488 855/555/1491
f 844/543/1509 857/556/1516 833/507/1483
f 866/542/1508 858/509/1485 857/556/1516
f 838/490/1467 822/557/1517 821/491/1468
f 827/493/1470 830/521/1496 826/494/1471
f 842/496/1473 824/508/1484 823/497/1474
f 834/499/1476 820/558/1518 819/500/1477
f 839/498/1475 823/497/1490 832/502/1479
f 837/504/1481 820/559/1519 834/505/1476
f 842/496/1473 844/543/1509 833/507/1483
f 846/506/1482 834/505/1476 858/509/1485
f 836/511/1487 848/528/1499 831/512/1478
f 850/503/1480 832/502/1479 856/514/1488
f 824/508/1484 833/560/1483 832/516/1479
f 855/517/1491 858/554/1485 834/499/1476
f 821/491/1492 822/557/1520 829/518/1493
f 851/520/1495 854/551/1511 830/521/1496
f 851/522/1495 827/537/1470 849/523/1497
f 859/524/1498 849/523/1497 850/503/1480
f 828/525/1494 847/547/1513 835/526/1469
f 835/526/1469 847/547/1513 848/528/1499
f 853/529/1500 829/535/1493 845/530/1501
f 845/530/1501 846/506/1482 865/510/1486
f 830/532/1496 843/534/1504 841/533/1503
f 843/534/1504 844/543/1509 842/496/1473
f 829/535/1493 822/561/1521 838/536/1467
f 838/536/1467 837/504/1481 846/506/1482
f 827/537/1470 825/495/1472 840/538/1505
f 840/538/1505 839/498/1475 850/503/1480
f 825/495/1506 826/494/1471 841/533/1503
f 840/538/1505 841/533/1503 842/496/1473
f 819/539/1507 820/562/1522 837/540/1481
f 837/540/1481 838/490/1467 835/492/1469
f 843/534/1504 864/544/1510 866/542/1508
f 863/531/1502 865/510/1486 866/542/1508
f 854/545/1511 864/544/1510 843/534/1504
f 853/529/1500 863/531/1502 864/544/1510
f 860/546/1512 862/548/1514 848/528/1499
f 860/546/1512 859/524/1498 861/515/1489
f 828/525/1494 852/549/1515 860/546/1512
f 851/522/1495 859/524/1498 860/546/1512
f 829/518/1493 853/563/1500 852/550/1515
f 852/550/1515 853/563/1500 854/551/1511
f 832/516/1479 833/560/1483 857/552/1516
f 856/553/1488 857/552/1516 858/554/1485
f 848/528/1499 862/548/1514 855/555/1491
f 862/548/1514 861/515/1489 856/514/1488
f 844/543/1509 866/542/1508 857/556/1516
f 866/542/1508 865/510/1486 858/509/1485
