# Blender 4.0.2
# www.blender.org
mtllib BottleWine01.mtl
o BottleWine01
v 0.000000 0.060233 0.000000
v 0.034821 0.051179 0.000000
v 0.056214 0.032309 0.000000
v 0.056214 0.220113 0.000000
v 0.047335 0.259139 -0.000000
v 0.015887 0.300259 0.000000
v 0.015887 0.428009 0.000000
v 0.016647 0.428259 0.000000
v 0.017345 0.428510 0.000000
v 0.018002 0.428761 0.000000
v 0.018638 0.429011 0.000000
v 0.019273 0.429262 0.000000
v 0.019930 0.429512 0.000000
v 0.020628 0.429763 0.000000
v 0.021388 0.430014 0.000000
v 0.022232 0.430264 0.000000
v 0.023178 0.430515 0.000000
v 0.024250 0.430766 0.000000
v 0.025466 0.431016 0.000000
v 0.029420 0.428969 0.000000
v 0.031481 0.304711 0.000000
v 0.037495 0.291178 0.000000
v 0.056580 0.267759 0.000000
v 0.068083 0.246528 0.000000
v 0.070408 0.222011 0.000000
v 0.070408 0.006211 0.000000
v 0.066292 0.000239 0.000000
v 0.058642 0.000239 0.000000
v 0.032457 0.035862 0.000000
v 0.000000 0.043844 0.000000
v 0.032171 0.051179 -0.013326
v 0.051935 0.032309 -0.021512
v 0.051935 0.220113 -0.021512
v 0.043732 0.259139 -0.018114
v 0.014678 0.300259 -0.006080
v 0.014678 0.428009 -0.006080
v 0.015380 0.428259 -0.006371
v 0.016025 0.428510 -0.006638
v 0.016632 0.428761 -0.006889
v 0.017219 0.429011 -0.007132
v 0.017806 0.429262 -0.007376
v 0.018413 0.429512 -0.007627
v 0.019058 0.429763 -0.007894
v 0.019760 0.430014 -0.008185
v 0.020539 0.430264 -0.008508
v 0.021414 0.430515 -0.008870
v 0.022404 0.430766 -0.009280
v 0.023528 0.431016 -0.009745
v 0.027181 0.428969 -0.011259
v 0.029084 0.304711 -0.012047
v 0.034641 0.291178 -0.014349
v 0.052273 0.267759 -0.021652
v 0.062901 0.246528 -0.026054
v 0.065049 0.222011 -0.026944
v 0.065049 0.006211 -0.026944
v 0.061246 0.000239 -0.025369
v 0.054178 0.000239 -0.022441
v 0.029987 0.035862 -0.012421
v 0.024622 0.051179 -0.024622
v 0.039749 0.032309 -0.039749
v 0.039750 0.220113 -0.039749
v 0.033471 0.259139 -0.033471
v 0.011234 0.300259 -0.011234
v 0.011234 0.428009 -0.011234
v 0.011771 0.428259 -0.011771
v 0.012265 0.428510 -0.012265
v 0.012729 0.428761 -0.012729
v 0.013179 0.429011 -0.013179
v 0.013628 0.429262 -0.013628
v 0.014093 0.429512 -0.014093
v 0.014586 0.429763 -0.014586
v 0.015124 0.430014 -0.015124
v 0.015720 0.430264 -0.015720
v 0.016390 0.430515 -0.016390
v 0.017147 0.430766 -0.017147
v 0.018007 0.431016 -0.018007
v 0.020803 0.428969 -0.020803
v 0.022260 0.304711 -0.022260
v 0.026513 0.291178 -0.026513
v 0.040008 0.267759 -0.040008
v 0.048142 0.246528 -0.048142
v 0.049786 0.222011 -0.049786
v 0.049786 0.006211 -0.049786
v 0.046876 0.000239 -0.046876
v 0.041466 0.000239 -0.041466
v 0.022951 0.035862 -0.022951
v 0.013326 0.051179 -0.032171
v 0.021512 0.032309 -0.051935
v 0.021512 0.220113 -0.051935
v 0.018114 0.259139 -0.043732
v 0.006080 0.300259 -0.014678
v 0.006080 0.428009 -0.014678
v 0.006371 0.428259 -0.015380
v 0.006638 0.428510 -0.016025
v 0.006889 0.428761 -0.016632
v 0.007132 0.429011 -0.017219
v 0.007376 0.429262 -0.017806
v 0.007627 0.429512 -0.018413
v 0.007894 0.429763 -0.019058
v 0.008185 0.430014 -0.019760
v 0.008508 0.430264 -0.020539
v 0.008870 0.430515 -0.021414
v 0.009280 0.430766 -0.022404
v 0.009746 0.431016 -0.023528
v 0.011259 0.428969 -0.027181
v 0.012047 0.304711 -0.029084
v 0.014349 0.291178 -0.034641
v 0.021652 0.267759 -0.052273
v 0.026054 0.246528 -0.062901
v 0.026944 0.222011 -0.065049
v 0.026944 0.006211 -0.065049
v 0.025369 0.000239 -0.061246
v 0.022441 0.000239 -0.054178
v 0.012421 0.035862 -0.029987
v 0.000000 0.051179 -0.034821
v 0.000000 0.032309 -0.056214
v 0.000000 0.220113 -0.056214
v -0.000000 0.259139 -0.047335
v -0.000000 0.300259 -0.015887
v -0.000000 0.428009 -0.015887
v 0.000000 0.428259 -0.016647
v 0.000000 0.428510 -0.017345
v 0.000000 0.428761 -0.018002
v 0.000000 0.429011 -0.018638
v 0.000000 0.429262 -0.019273
v 0.000000 0.429512 -0.019930
v 0.000000 0.429763 -0.020628
v 0.000000 0.430014 -0.021388
v 0.000000 0.430264 -0.022232
v 0.000000 0.430515 -0.023178
v 0.000000 0.430766 -0.024250
v 0.000000 0.431016 -0.025466
v 0.000000 0.428969 -0.029420
v -0.000000 0.304711 -0.031481
v -0.000000 0.291178 -0.037495
v 0.000000 0.267759 -0.056580
v 0.000000 0.246528 -0.068083
v 0.000000 0.222011 -0.070408
v -0.000000 0.006211 -0.070408
v -0.000000 0.000239 -0.066292
v 0.000000 0.000239 -0.058642
v 0.000000 0.035862 -0.032457
v -0.013326 0.051179 -0.032171
v -0.021512 0.032309 -0.051935
v -0.021512 0.220113 -0.051935
v -0.018114 0.259139 -0.043732
v -0.006080 0.300259 -0.014678
v -0.006080 0.428009 -0.014678
v -0.006371 0.428259 -0.015380
v -0.006638 0.428510 -0.016025
v -0.006889 0.428761 -0.016632
v -0.007132 0.429011 -0.017219
v -0.007376 0.429262 -0.017806
v -0.007627 0.429512 -0.018413
v -0.007894 0.429763 -0.019058
v -0.008185 0.430014 -0.019760
v -0.008508 0.430264 -0.020539
v -0.008870 0.430515 -0.021414
v -0.009280 0.430766 -0.022404
v -0.009745 0.431016 -0.023528
v -0.011259 0.428969 -0.027181
v -0.012047 0.304711 -0.029084
v -0.014349 0.291178 -0.034641
v -0.021652 0.267759 -0.052273
v -0.026054 0.246528 -0.062901
v -0.026944 0.222011 -0.065049
v -0.026944 0.006211 -0.065049
v -0.025369 0.000239 -0.061246
v -0.022441 0.000239 -0.054178
v -0.012421 0.035862 -0.029987
v -0.024622 0.051179 -0.024622
v -0.039749 0.032309 -0.039749
v -0.039749 0.220113 -0.039750
v -0.033471 0.259139 -0.033471
v -0.011234 0.300259 -0.011234
v -0.011234 0.428009 -0.011234
v -0.011771 0.428259 -0.011771
v -0.012265 0.428510 -0.012265
v -0.012729 0.428761 -0.012729
v -0.013179 0.429011 -0.013179
v -0.013628 0.429262 -0.013628
v -0.014093 0.429512 -0.014093
v -0.014586 0.429763 -0.014586
v -0.015124 0.430014 -0.015124
v -0.015720 0.430264 -0.015720
v -0.016390 0.430515 -0.016390
v -0.017147 0.430766 -0.017147
v -0.018007 0.431016 -0.018007
v -0.020803 0.428969 -0.020803
v -0.022260 0.304711 -0.022260
v -0.026513 0.291178 -0.026513
v -0.040008 0.267759 -0.040008
v -0.048142 0.246528 -0.048142
v -0.049786 0.222011 -0.049786
v -0.049786 0.006211 -0.049786
v -0.046876 0.000239 -0.046876
v -0.041466 0.000239 -0.041466
v -0.022951 0.035862 -0.022951
v -0.032171 0.051179 -0.013326
v -0.051935 0.032309 -0.021512
v -0.051935 0.220113 -0.021512
v -0.043732 0.259139 -0.018114
v -0.014678 0.300259 -0.006080
v -0.014678 0.428009 -0.006080
v -0.015380 0.428259 -0.006371
v -0.016025 0.428510 -0.006638
v -0.016632 0.428761 -0.006889
v -0.017219 0.429011 -0.007132
v -0.017806 0.429262 -0.007376
v -0.018413 0.429512 -0.007627
v -0.019058 0.429763 -0.007894
v -0.019760 0.430014 -0.008185
v -0.020539 0.430264 -0.008508
v -0.021414 0.430515 -0.008870
v -0.022404 0.430766 -0.009280
v -0.023528 0.431016 -0.009746
v -0.027181 0.428969 -0.011259
v -0.029084 0.304711 -0.012047
v -0.034641 0.291178 -0.014349
v -0.052273 0.267759 -0.021652
v -0.062901 0.246528 -0.026054
v -0.065049 0.222011 -0.026944
v -0.065049 0.006211 -0.026944
v -0.061246 0.000239 -0.025369
v -0.054178 0.000239 -0.022441
v -0.029987 0.035862 -0.012421
v -0.034821 0.051179 -0.000000
v -0.056214 0.032309 -0.000000
v -0.056214 0.220113 -0.000000
v -0.047335 0.259139 0.000000
v -0.015887 0.300259 0.000000
v -0.015887 0.428009 0.000000
v -0.016647 0.428259 -0.000000
v -0.017345 0.428510 -0.000000
v -0.018002 0.428761 -0.000000
v -0.018638 0.429011 -0.000000
v -0.019273 0.429262 -0.000000
v -0.019930 0.429512 -0.000000
v -0.020628 0.429763 -0.000000
v -0.021388 0.430014 -0.000000
v -0.022232 0.430264 -0.000000
v -0.023178 0.430515 -0.000000
v -0.024250 0.430766 -0.000000
v -0.025466 0.431016 -0.000000
v -0.029420 0.428969 -0.000000
v -0.031481 0.304711 0.000000
v -0.037495 0.291178 0.000000
v -0.056580 0.267759 -0.000000
v -0.068083 0.246528 -0.000000
v -0.070408 0.222011 -0.000000
v -0.070408 0.006211 0.000000
v -0.066292 0.000239 0.000000
v -0.058642 0.000239 0.000000
v -0.032457 0.035862 -0.000000
v -0.032171 0.051179 0.013326
v -0.051935 0.032309 0.021512
v -0.051935 0.220113 0.021512
v -0.043732 0.259139 0.018114
v -0.014678 0.300259 0.006080
v -0.014678 0.428009 0.006080
v -0.015380 0.428259 0.006371
v -0.016025 0.428510 0.006638
v -0.016632 0.428761 0.006889
v -0.017219 0.429011 0.007132
v -0.017806 0.429262 0.007376
v -0.018413 0.429512 0.007627
v -0.019058 0.429763 0.007894
v -0.019760 0.430014 0.008185
v -0.020539 0.430264 0.008508
v -0.021414 0.430515 0.008870
v -0.022404 0.430766 0.009280
v -0.023528 0.431016 0.009745
v -0.027181 0.428969 0.011259
v -0.029084 0.304711 0.012047
v -0.034641 0.291178 0.014349
v -0.052273 0.267759 0.021652
v -0.062901 0.246528 0.026054
v -0.065049 0.222011 0.026944
v -0.065049 0.006211 0.026944
v -0.061246 0.000239 0.025369
v -0.054178 0.000239 0.022441
v -0.029987 0.035862 0.012421
v -0.024622 0.051179 0.024622
v -0.039749 0.032309 0.039749
v -0.039749 0.220113 0.039749
v -0.033471 0.259139 0.033471
v -0.011234 0.300259 0.011234
v -0.011234 0.428009 0.011234
v -0.011771 0.428259 0.011771
v -0.012265 0.428510 0.012265
v -0.012729 0.428761 0.012729
v -0.013179 0.429011 0.013179
v -0.013628 0.429262 0.013628
v -0.014093 0.429512 0.014093
v -0.014586 0.429763 0.014586
v -0.015124 0.430014 0.015124
v -0.015720 0.430264 0.015720
v -0.016390 0.430515 0.016390
v -0.017147 0.430766 0.017147
v -0.018007 0.431016 0.018007
v -0.020803 0.428969 0.020803
v -0.022260 0.304711 0.022260
v -0.026513 0.291178 0.026513
v -0.040008 0.267759 0.040008
v -0.048142 0.246528 0.048142
v -0.049786 0.222011 0.049786
v -0.049786 0.006211 0.049786
v -0.046876 0.000239 0.046876
v -0.041466 0.000239 0.041466
v -0.022951 0.035862 0.022951
v -0.013326 0.051179 0.032171
v -0.021512 0.032309 0.051935
v -0.021512 0.220113 0.051935
v -0.018114 0.259139 0.043732
v -0.006080 0.300259 0.014678
v -0.006080 0.428009 0.014678
v -0.006371 0.428259 0.015380
v -0.006638 0.428510 0.016025
v -0.006889 0.428761 0.016632
v -0.007132 0.429011 0.017219
v -0.007376 0.429262 0.017806
v -0.007627 0.429512 0.018413
v -0.007894 0.429763 0.019058
v -0.008185 0.430014 0.019760
v -0.008508 0.430264 0.020539
v -0.008870 0.430515 0.021414
v -0.009280 0.430766 0.022404
v -0.009746 0.431016 0.023528
v -0.011259 0.428969 0.027181
v -0.012047 0.304711 0.029084
v -0.014349 0.291178 0.034641
v -0.021652 0.267759 0.052273
v -0.026054 0.246528 0.062901
v -0.026944 0.222011 0.065049
v -0.026944 0.006211 0.065049
v -0.025369 0.000239 0.061246
v -0.022441 0.000239 0.054178
v -0.012421 0.035862 0.029987
v -0.000000 0.051179 0.034821
v -0.000000 0.032309 0.056214
v -0.000000 0.220113 0.056214
v 0.000000 0.259139 0.047335
v 0.000000 0.300259 0.015887
v 0.000000 0.428009 0.015887
v -0.000000 0.428259 0.016647
v -0.000000 0.428510 0.017345
v -0.000000 0.428761 0.018002
v -0.000000 0.429011 0.018638
v -0.000000 0.429262 0.019273
v -0.000000 0.429512 0.019930
v -0.000000 0.429763 0.020628
v -0.000000 0.430014 0.021388
v -0.000000 0.430264 0.022232
v -0.000000 0.430515 0.023178
v -0.000000 0.430766 0.024250
v -0.000000 0.431016 0.025466
v -0.000000 0.428969 0.029420
v 0.000000 0.304711 0.031481
v 0.000000 0.291178 0.037495
v -0.000000 0.267759 0.056580
v -0.000000 0.246528 0.068083
v -0.000000 0.222011 0.070408
v -0.000000 0.006211 0.070408
v -0.000000 0.000239 0.066292
v -0.000000 0.000239 0.058642
v -0.000000 0.035862 0.032457
v 0.013326 0.051179 0.032171
v 0.021512 0.032309 0.051935
v 0.021512 0.220113 0.051935
v 0.018114 0.259139 0.043732
v 0.006080 0.300259 0.014678
v 0.006080 0.428009 0.014678
v 0.006371 0.428259 0.015380
v 0.006638 0.428510 0.016025
v 0.006889 0.428761 0.016632
v 0.007132 0.429011 0.017219
v 0.007376 0.429262 0.017806
v 0.007627 0.429512 0.018413
v 0.007894 0.429763 0.019058
v 0.008185 0.430014 0.019760
v 0.008508 0.430264 0.020539
v 0.008870 0.430515 0.021414
v 0.009280 0.430766 0.022404
v 0.009745 0.431016 0.023528
v 0.011259 0.428969 0.027181
v 0.012047 0.304711 0.029084
v 0.014349 0.291178 0.034641
v 0.021652 0.267759 0.052273
v 0.026054 0.246528 0.062901
v 0.026944 0.222011 0.065049
v 0.026944 0.006211 0.065049
v 0.025369 0.000239 0.061246
v 0.022441 0.000239 0.054178
v 0.012421 0.035862 0.029987
v 0.024622 0.051179 0.024622
v 0.039749 0.032309 0.039749
v 0.039749 0.220113 0.039749
v 0.033471 0.259139 0.033471
v 0.011234 0.300259 0.011234
v 0.011234 0.428009 0.011234
v 0.011771 0.428259 0.011771
v 0.012265 0.428510 0.012265
v 0.012729 0.428761 0.012729
v 0.013179 0.429011 0.013179
v 0.013628 0.429262 0.013628
v 0.014093 0.429512 0.014093
v 0.014586 0.429763 0.014586
v 0.015124 0.430014 0.015124
v 0.015720 0.430264 0.015720
v 0.016390 0.430515 0.016390
v 0.017147 0.430766 0.017147
v 0.018007 0.431016 0.018007
v 0.020803 0.428969 0.020803
v 0.022260 0.304711 0.022260
v 0.026513 0.291178 0.026513
v 0.040008 0.267759 0.040008
v 0.048142 0.246528 0.048142
v 0.049786 0.222011 0.049786
v 0.049786 0.006211 0.049786
v 0.046876 0.000239 0.046876
v 0.041466 0.000239 0.041466
v 0.022951 0.035862 0.022951
v 0.032171 0.051179 0.013326
v 0.051935 0.032309 0.021512
v 0.051935 0.220113 0.021512
v 0.043732 0.259139 0.018114
v 0.014678 0.300259 0.006080
v 0.014678 0.428009 0.006080
v 0.015380 0.428259 0.006371
v 0.016025 0.428510 0.006638
v 0.016632 0.428761 0.006889
v 0.017219 0.429011 0.007132
v 0.017806 0.429262 0.007376
v 0.018413 0.429512 0.007627
v 0.019058 0.429763 0.007894
v 0.019760 0.430014 0.008185
v 0.020539 0.430264 0.008508
v 0.021414 0.430515 0.008870
v 0.022404 0.430766 0.009280
v 0.023528 0.431016 0.009746
v 0.027181 0.428969 0.011259
v 0.029084 0.304711 0.012047
v 0.034641 0.291178 0.014349
v 0.052273 0.267759 0.021652
v 0.062901 0.246528 0.026054
v 0.065049 0.222011 0.026944
v 0.065049 0.006211 0.026944
v 0.061246 0.000239 0.025369
v 0.054178 0.000239 0.022441
v 0.029987 0.035862 0.012421
vn -0.0000 1.0000 -0.0000
vn 0.4914 0.8709 -0.0000
vn 0.4540 0.8709 -0.1880
vn 0.3475 0.8709 -0.3475
vn 0.1880 0.8709 -0.4540
vn -0.0000 0.8709 -0.4914
vn -0.1880 0.8709 -0.4540
vn -0.3475 0.8709 -0.3475
vn -0.4540 0.8709 -0.1880
vn -0.4914 0.8709 -0.0000
vn -0.4540 0.8709 0.1880
vn -0.3475 0.8709 0.3475
vn -0.1880 0.8709 0.4540
vn -0.0000 0.8709 0.4914
vn 0.1880 0.8709 0.4540
vn 0.3475 0.8709 0.3475
vn 0.4540 0.8709 0.1880
vn -0.4972 0.8676 -0.0000
vn -0.4593 0.8676 0.1903
vn -0.3516 0.8676 0.3516
vn -0.1903 0.8676 0.4593
vn -0.0000 0.8676 0.4972
vn 0.1903 0.8676 0.4593
vn 0.3516 0.8676 0.3516
vn 0.4593 0.8676 0.1903
vn 0.4972 0.8676 -0.0000
vn 0.4593 0.8676 -0.1903
vn 0.3516 0.8676 -0.3516
vn 0.1903 0.8676 -0.4593
vn -0.0000 0.8676 -0.4972
vn -0.1903 0.8676 -0.4593
vn -0.3516 0.8676 -0.3516
vn -0.4593 0.8676 -0.1903
vn -0.9939 -0.1101 -0.0000
vn -0.9183 -0.1101 0.3804
vn -0.7028 -0.1101 0.7028
vn -0.3804 -0.1101 0.9183
vn -0.0000 -0.1101 0.9939
vn 0.3804 -0.1101 0.9183
vn 0.7028 -0.1101 0.7028
vn 0.9183 -0.1101 0.3804
vn 0.9939 -0.1101 -0.0000
vn 0.9183 -0.1101 -0.3804
vn 0.7028 -0.1101 -0.7028
vn 0.3804 -0.1101 -0.9183
vn -0.0000 -0.1101 -0.9939
vn -0.3804 -0.1101 -0.9183
vn -0.7028 -0.1101 -0.7028
vn -0.9183 -0.1101 -0.3804
vn -0.9100 -0.4146 -0.0000
vn -0.8408 -0.4146 0.3483
vn -0.6435 -0.4146 0.6435
vn -0.3483 -0.4146 0.8408
vn -0.0000 -0.4146 0.9100
vn 0.3483 -0.4146 0.8408
vn 0.6435 -0.4146 0.6435
vn 0.8408 -0.4146 0.3483
vn 0.9100 -0.4146 -0.0000
vn 0.8408 -0.4146 -0.3483
vn 0.6435 -0.4146 -0.6435
vn 0.3483 -0.4146 -0.8408
vn -0.0000 -0.4146 -0.9100
vn -0.3483 -0.4146 -0.8408
vn -0.6435 -0.4146 -0.6435
vn -0.8408 -0.4146 -0.3483
vn -0.9428 -0.3335 -0.0000
vn -0.8710 -0.3335 0.3608
vn -0.6666 -0.3335 0.6666
vn -0.3608 -0.3335 0.8710
vn -0.0000 -0.3335 0.9428
vn 0.3608 -0.3335 0.8710
vn 0.6666 -0.3335 0.6666
vn 0.8710 -0.3335 0.3608
vn 0.9428 -0.3335 -0.0000
vn 0.8710 -0.3335 -0.3608
vn 0.6666 -0.3335 -0.6666
vn 0.3608 -0.3335 -0.8710
vn -0.0000 -0.3335 -0.9428
vn -0.3608 -0.3335 -0.8710
vn -0.6666 -0.3335 -0.6666
vn -0.8710 -0.3335 -0.3608
vn -0.7820 0.6233 -0.0000
vn -0.7225 0.6233 0.2993
vn -0.5530 0.6233 0.5529
vn -0.2993 0.6233 0.7225
vn -0.0000 0.6233 0.7820
vn 0.2993 0.6233 0.7225
vn 0.5530 0.6233 0.5529
vn 0.7225 0.6233 0.2992
vn 0.7820 0.6233 -0.0000
vn 0.7225 0.6233 -0.2993
vn 0.5529 0.6233 -0.5529
vn 0.2993 0.6233 -0.7225
vn -0.0000 0.6233 -0.7820
vn -0.2992 0.6233 -0.7225
vn -0.5530 0.6233 -0.5529
vn -0.7225 0.6233 -0.2992
vn -0.3270 0.9450 -0.0000
vn -0.3021 0.9450 0.1251
vn -0.2312 0.9450 0.2312
vn -0.1251 0.9450 0.3021
vn -0.0000 0.9450 0.3270
vn 0.1251 0.9450 0.3021
vn 0.2312 0.9450 0.2312
vn 0.3021 0.9450 0.1251
vn 0.3270 0.9450 -0.0000
vn 0.3021 0.9450 -0.1251
vn 0.2312 0.9450 -0.2312
vn 0.1251 0.9450 -0.3021
vn -0.0000 0.9450 -0.3270
vn -0.1251 0.9450 -0.3021
vn -0.2312 0.9450 -0.2312
vn -0.3021 0.9450 -0.1251
vn -0.3484 0.9374 -0.0000
vn -0.3219 0.9374 0.1333
vn -0.2463 0.9374 0.2463
vn -0.1333 0.9374 0.3218
vn -0.0000 0.9374 0.3484
vn 0.1333 0.9374 0.3218
vn 0.2463 0.9374 0.2463
vn 0.3218 0.9374 0.1333
vn 0.3484 0.9374 -0.0000
vn 0.3219 0.9373 -0.1333
vn 0.2463 0.9374 -0.2463
vn 0.1333 0.9374 -0.3218
vn -0.0000 0.9374 -0.3484
vn -0.1333 0.9374 -0.3218
vn -0.2463 0.9374 -0.2463
vn -0.3218 0.9374 -0.1333
vn -0.3623 0.9321 -0.0000
vn -0.3347 0.9321 0.1386
vn -0.2561 0.9321 0.2561
vn -0.1386 0.9321 0.3347
vn -0.0000 0.9321 0.3622
vn 0.1386 0.9321 0.3347
vn 0.2561 0.9321 0.2561
vn 0.3347 0.9321 0.1386
vn 0.3622 0.9321 -0.0000
vn 0.3347 0.9321 -0.1386
vn 0.2561 0.9321 -0.2561
vn 0.1386 0.9321 -0.3347
vn -0.0000 0.9321 -0.3622
vn -0.1386 0.9321 -0.3347
vn -0.2561 0.9321 -0.2561
vn -0.3347 0.9321 -0.1386
vn -0.3667 0.9303 -0.0000
vn -0.3388 0.9303 0.1403
vn -0.2593 0.9303 0.2593
vn -0.1403 0.9303 0.3388
vn -0.0000 0.9303 0.3667
vn 0.1403 0.9303 0.3388
vn 0.2593 0.9303 0.2593
vn 0.3388 0.9303 0.1403
vn 0.3667 0.9303 -0.0000
vn 0.3388 0.9303 -0.1403
vn 0.2593 0.9303 -0.2593
vn 0.1403 0.9303 -0.3388
vn -0.0000 0.9303 -0.3667
vn -0.1403 0.9303 -0.3388
vn -0.2593 0.9303 -0.2593
vn -0.3388 0.9303 -0.1403
vn -0.3611 0.9325 -0.0000
vn -0.3336 0.9325 0.1382
vn -0.2553 0.9325 0.2553
vn -0.1382 0.9325 0.3336
vn -0.0000 0.9325 0.3611
vn 0.1382 0.9325 0.3336
vn 0.2553 0.9325 0.2553
vn 0.3336 0.9325 0.1382
vn 0.3611 0.9325 -0.0000
vn 0.3336 0.9325 -0.1382
vn 0.2553 0.9325 -0.2553
vn 0.1382 0.9325 -0.3336
vn -0.0000 0.9325 -0.3611
vn -0.1382 0.9325 -0.3336
vn -0.2553 0.9325 -0.2553
vn -0.3336 0.9325 -0.1382
vn -0.3462 0.9382 -0.0000
vn -0.3198 0.9382 0.1325
vn -0.2448 0.9382 0.2448
vn -0.1325 0.9382 0.3198
vn -0.0000 0.9382 0.3462
vn 0.1325 0.9382 0.3198
vn 0.2448 0.9382 0.2448
vn 0.3198 0.9382 0.1325
vn 0.3462 0.9382 -0.0000
vn 0.3198 0.9382 -0.1325
vn 0.2448 0.9382 -0.2448
vn 0.1325 0.9382 -0.3198
vn -0.0000 0.9382 -0.3462
vn -0.1325 0.9382 -0.3198
vn -0.2448 0.9382 -0.2448
vn -0.3198 0.9382 -0.1325
vn -0.3241 0.9460 -0.0000
vn -0.2994 0.9460 0.1240
vn -0.2291 0.9460 0.2291
vn -0.1240 0.9460 0.2994
vn -0.0000 0.9460 0.3240
vn 0.1240 0.9460 0.2994
vn 0.2291 0.9460 0.2291
vn 0.2994 0.9460 0.1240
vn 0.3240 0.9460 -0.0000
vn 0.2994 0.9460 -0.1240
vn 0.2291 0.9460 -0.2291
vn 0.1240 0.9460 -0.2994
vn -0.0000 0.9460 -0.3240
vn -0.1240 0.9460 -0.2994
vn -0.2291 0.9460 -0.2291
vn -0.2994 0.9460 -0.1240
vn -0.2973 0.9548 -0.0000
vn -0.2747 0.9548 0.1138
vn -0.2103 0.9548 0.2102
vn -0.1138 0.9548 0.2747
vn -0.0000 0.9548 0.2973
vn 0.1138 0.9548 0.2747
vn 0.2102 0.9548 0.2102
vn 0.2747 0.9548 0.1138
vn 0.2973 0.9548 -0.0000
vn 0.2747 0.9548 -0.1138
vn 0.2102 0.9548 -0.2102
vn 0.1138 0.9548 -0.2747
vn -0.0000 0.9548 -0.2973
vn -0.1138 0.9548 -0.2747
vn -0.2102 0.9548 -0.2102
vn -0.2747 0.9548 -0.1138
vn -0.2687 0.9632 -0.0000
vn -0.2482 0.9632 0.1028
vn -0.1900 0.9632 0.1900
vn -0.1028 0.9632 0.2482
vn -0.0000 0.9632 0.2687
vn 0.1028 0.9632 0.2482
vn 0.1900 0.9632 0.1900
vn 0.2482 0.9632 0.1028
vn 0.2687 0.9632 -0.0000
vn 0.2482 0.9632 -0.1028
vn 0.1900 0.9632 -0.1900
vn 0.1028 0.9632 -0.2482
vn -0.0000 0.9632 -0.2687
vn -0.1028 0.9632 -0.2482
vn -0.1900 0.9632 -0.1900
vn -0.2482 0.9632 -0.1028
vn -0.2401 0.9707 -0.0000
vn -0.2219 0.9707 0.0919
vn -0.1698 0.9707 0.1698
vn -0.0919 0.9707 0.2219
vn -0.0000 0.9707 0.2401
vn 0.0919 0.9707 0.2219
vn 0.1698 0.9707 0.1698
vn 0.2219 0.9707 0.0919
vn 0.2401 0.9707 -0.0000
vn 0.2219 0.9707 -0.0919
vn 0.1698 0.9707 -0.1698
vn 0.0919 0.9707 -0.2219
vn -0.0000 0.9707 -0.2401
vn -0.0919 0.9707 -0.2219
vn -0.1698 0.9707 -0.1698
vn -0.2218 0.9707 -0.0919
vn -0.2132 0.9770 -0.0000
vn -0.1969 0.9770 0.0816
vn -0.1507 0.9770 0.1507
vn -0.0816 0.9770 0.1969
vn -0.0000 0.9770 0.2132
vn 0.0816 0.9770 0.1970
vn 0.1507 0.9770 0.1507
vn 0.1969 0.9770 0.0816
vn 0.2132 0.9770 -0.0000
vn 0.1970 0.9770 -0.0816
vn 0.1507 0.9770 -0.1507
vn 0.0816 0.9770 -0.1969
vn -0.0000 0.9770 -0.2132
vn -0.0816 0.9770 -0.1969
vn -0.1507 0.9770 -0.1507
vn -0.1969 0.9770 -0.0816
vn 0.1773 0.9842 -0.0000
vn 0.1638 0.9842 -0.0678
vn 0.1254 0.9842 -0.1254
vn 0.0678 0.9842 -0.1638
vn -0.0000 0.9842 -0.1773
vn -0.0678 0.9842 -0.1638
vn -0.1254 0.9842 -0.1254
vn -0.1638 0.9842 -0.0678
vn -0.1773 0.9842 -0.0000
vn -0.1638 0.9842 0.0678
vn -0.1253 0.9842 0.1254
vn -0.0678 0.9842 0.1638
vn -0.0000 0.9842 0.1773
vn 0.0678 0.9842 0.1638
vn 0.1253 0.9842 0.1254
vn 0.1638 0.9842 0.0678
vn 0.8660 0.5001 -0.0000
vn 0.8000 0.5001 -0.3314
vn 0.6123 0.5001 -0.6123
vn 0.3314 0.5001 -0.8000
vn -0.0000 0.5001 -0.8660
vn -0.3314 0.5001 -0.8000
vn -0.6123 0.5001 -0.6123
vn -0.8000 0.5001 -0.3314
vn -0.8660 0.5001 -0.0000
vn -0.8000 0.5001 0.3314
vn -0.6123 0.5001 0.6123
vn -0.3314 0.5001 0.8000
vn -0.0000 0.5001 0.8660
vn 0.3314 0.5001 0.8000
vn 0.6123 0.5001 0.6123
vn 0.8000 0.5001 0.3314
vn 0.9753 0.2211 -0.0000
vn 0.9010 0.2211 -0.3732
vn 0.6896 0.2211 -0.6896
vn 0.3732 0.2211 -0.9010
vn -0.0000 0.2211 -0.9753
vn -0.3732 0.2211 -0.9010
vn -0.6896 0.2211 -0.6896
vn -0.9010 0.2211 -0.3732
vn -0.9753 0.2211 -0.0000
vn -0.9010 0.2211 0.3732
vn -0.6896 0.2211 0.6896
vn -0.3732 0.2211 0.9010
vn -0.0000 0.2211 0.9753
vn 0.3732 0.2211 0.9010
vn 0.6896 0.2211 0.6896
vn 0.9010 0.2211 0.3732
vn 0.8474 0.5310 -0.0000
vn 0.7829 0.5310 -0.3243
vn 0.5992 0.5310 -0.5992
vn 0.3243 0.5310 -0.7829
vn -0.0000 0.5310 -0.8474
vn -0.3243 0.5310 -0.7829
vn -0.5992 0.5310 -0.5992
vn -0.7829 0.5310 -0.3243
vn -0.8474 0.5310 -0.0000
vn -0.7829 0.5310 0.3243
vn -0.5992 0.5310 0.5992
vn -0.3243 0.5310 0.7829
vn -0.0000 0.5310 0.8474
vn 0.3243 0.5310 0.7829
vn 0.5992 0.5310 0.5992
vn 0.7829 0.5310 0.3243
vn 0.8344 0.5512 -0.0000
vn 0.7709 0.5512 -0.3193
vn 0.5900 0.5512 -0.5900
vn 0.3193 0.5512 -0.7709
vn -0.0000 0.5512 -0.8344
vn -0.3193 0.5512 -0.7709
vn -0.5900 0.5512 -0.5900
vn -0.7709 0.5512 -0.3193
vn -0.8344 0.5512 -0.0000
vn -0.7709 0.5512 0.3193
vn -0.5900 0.5512 0.5900
vn -0.3193 0.5512 0.7709
vn -0.0000 0.5512 0.8344
vn 0.3193 0.5512 0.7709
vn 0.5900 0.5512 0.5900
vn 0.7709 0.5512 0.3193
vn 0.9587 0.2846 -0.0000
vn 0.8857 0.2846 -0.3669
vn 0.6779 0.2846 -0.6779
vn 0.3669 0.2846 -0.8857
vn -0.0000 0.2846 -0.9587
vn -0.3669 0.2846 -0.8857
vn -0.6779 0.2846 -0.6779
vn -0.8857 0.2846 -0.3669
vn -0.9587 0.2846 -0.0000
vn -0.8857 0.2846 0.3669
vn -0.6779 0.2846 0.6779
vn -0.3669 0.2846 0.8857
vn -0.0000 0.2846 0.9587
vn 0.3669 0.2846 0.8857
vn 0.6779 0.2846 0.6779
vn 0.8857 0.2846 0.3669
vn 0.9989 0.0470 -0.0000
vn 0.9229 0.0470 -0.3823
vn 0.7063 0.0470 -0.7063
vn 0.3823 0.0470 -0.9229
vn -0.0000 0.0470 -0.9989
vn -0.3823 0.0470 -0.9229
vn -0.7063 0.0470 -0.7063
vn -0.9229 0.0470 -0.3823
vn -0.9989 0.0470 -0.0000
vn -0.9229 0.0470 0.3823
vn -0.7063 0.0470 0.7063
vn -0.3823 0.0470 0.9229
vn -0.0000 0.0470 0.9989
vn 0.3823 0.0470 0.9229
vn 0.7063 0.0470 0.7063
vn 0.9229 0.0470 0.3823
vn 0.9579 -0.2872 -0.0000
vn 0.8850 -0.2872 -0.3666
vn 0.6773 -0.2872 -0.6773
vn 0.3666 -0.2872 -0.8850
vn -0.0000 -0.2872 -0.9579
vn -0.3666 -0.2872 -0.8850
vn -0.6773 -0.2872 -0.6773
vn -0.8850 -0.2872 -0.3666
vn -0.9579 -0.2872 -0.0000
vn -0.8850 -0.2872 0.3666
vn -0.6773 -0.2872 0.6773
vn -0.3666 -0.2872 0.8850
vn -0.0000 -0.2872 0.9579
vn 0.3666 -0.2872 0.8850
vn 0.6773 -0.2872 0.6773
vn 0.8850 -0.2872 0.3666
vn 0.5081 -0.8613 -0.0000
vn 0.4695 -0.8613 -0.1945
vn 0.3593 -0.8613 -0.3593
vn 0.1945 -0.8613 -0.4695
vn -0.0000 -0.8613 -0.5081
vn -0.1945 -0.8613 -0.4695
vn -0.3593 -0.8613 -0.3593
vn -0.4695 -0.8613 -0.1945
vn -0.5081 -0.8613 -0.0000
vn -0.4695 -0.8613 0.1945
vn -0.3593 -0.8613 0.3593
vn -0.1945 -0.8613 0.4695
vn -0.0000 -0.8613 0.5081
vn 0.1945 -0.8613 0.4695
vn 0.3593 -0.8613 0.3593
vn 0.4695 -0.8613 0.1945
vn -0.4044 -0.9146 -0.0000
vn -0.3736 -0.9146 0.1548
vn -0.2860 -0.9146 0.2860
vn -0.1548 -0.9146 0.3736
vn -0.0000 -0.9146 0.4044
vn 0.1548 -0.9146 0.3736
vn 0.2860 -0.9146 0.2860
vn 0.3736 -0.9146 0.1548
vn 0.4044 -0.9146 -0.0000
vn 0.3736 -0.9146 -0.1548
vn 0.2860 -0.9146 -0.2860
vn 0.1548 -0.9146 -0.3736
vn -0.0000 -0.9146 -0.4044
vn -0.1548 -0.9146 -0.3736
vn -0.2860 -0.9146 -0.2860
vn -0.3736 -0.9146 -0.1548
vn -0.5836 -0.8120 -0.0000
vn -0.5392 -0.8120 0.2233
vn -0.4127 -0.8120 0.4127
vn -0.2233 -0.8120 0.5392
vn -0.0000 -0.8120 0.5836
vn 0.2233 -0.8120 0.5392
vn 0.4127 -0.8120 0.4127
vn 0.5392 -0.8120 0.2233
vn 0.5836 -0.8120 -0.0000
vn 0.5392 -0.8120 -0.2233
vn 0.4127 -0.8120 -0.4127
vn 0.2233 -0.8120 -0.5392
vn -0.0000 -0.8120 -0.5836
vn -0.2233 -0.8120 -0.5392
vn -0.4127 -0.8120 -0.4127
vn -0.5392 -0.8120 -0.2233
vn -0.0000 -1.0000 -0.0000
vt 0.031250 0.060233
vt 0.000000 0.051179
vt 0.062500 0.051179
vt 0.093750 0.060233
vt 0.125000 0.051179
vt 0.156250 0.060233
vt 0.187500 0.051179
vt 0.218750 0.060233
vt 0.250000 0.051179
vt 0.281250 0.060233
vt 0.312500 0.051179
vt 0.343750 0.060233
vt 0.375000 0.051179
vt 0.406250 0.060233
vt 0.437500 0.051179
vt 0.468750 0.060233
vt 0.500000 0.051179
vt 0.531250 0.060233
vt 0.562500 0.051179
vt 0.593750 0.060233
vt 0.625000 0.051179
vt 0.656250 0.060233
vt 0.687500 0.051179
vt 0.718750 0.060233
vt 0.750000 0.051179
vt 0.781250 0.060233
vt 0.812500 0.051179
vt 0.843750 0.060233
vt 0.875000 0.051179
vt 0.906250 0.060233
vt 0.937500 0.051179
vt 0.968750 0.060233
vt 1.000000 0.051179
vt 0.000000 0.032309
vt 0.062500 0.032309
vt 0.125000 0.032309
vt 0.187500 0.032309
vt 0.250000 0.032309
vt 0.312500 0.032309
vt 0.375000 0.032309
vt 0.437500 0.032309
vt 0.500000 0.032309
vt 0.562500 0.032309
vt 0.625000 0.032309
vt 0.687500 0.032309
vt 0.750000 0.032309
vt 0.812500 0.032309
vt 0.875000 0.032309
vt 0.937500 0.032309
vt 1.000000 0.032309
vt 0.000000 0.220113
vt 0.062500 0.220113
vt 0.125000 0.220113
vt 0.187500 0.220113
vt 0.250000 0.220113
vt 0.312500 0.220113
vt 0.375000 0.220113
vt 0.437500 0.220113
vt 0.500000 0.220113
vt 0.562500 0.220113
vt 0.625000 0.220113
vt 0.687500 0.220113
vt 0.750000 0.220113
vt 0.812500 0.220113
vt 0.875000 0.220113
vt 0.937500 0.220113
vt 1.000000 0.220113
vt 0.000000 0.259139
vt 0.062500 0.259139
vt 0.125000 0.259139
vt 0.187500 0.259139
vt 0.250000 0.259139
vt 0.312500 0.259139
vt 0.375000 0.259139
vt 0.437500 0.259139
vt 0.500000 0.259139
vt 0.562500 0.259139
vt 0.625000 0.259139
vt 0.687500 0.259139
vt 0.750000 0.259139
vt 0.812500 0.259139
vt 0.875000 0.259139
vt 0.937500 0.259139
vt 1.000000 0.259139
vt 0.000000 0.300259
vt 0.062500 0.300259
vt 0.125000 0.300259
vt 0.187500 0.300259
vt 0.250000 0.300259
vt 0.312500 0.300259
vt 0.375000 0.300259
vt 0.437500 0.300259
vt 0.500000 0.300259
vt 0.562500 0.300259
vt 0.625000 0.300259
vt 0.687500 0.300259
vt 0.750000 0.300259
vt 0.812500 0.300259
vt 0.875000 0.300259
vt 0.937500 0.300259
vt 1.000000 0.300259
vt 0.000000 0.428009
vt 0.062500 0.428009
vt 0.125000 0.428009
vt 0.187500 0.428009
vt 0.250000 0.428009
vt 0.312500 0.428009
vt 0.375000 0.428009
vt 0.437500 0.428009
vt 0.500000 0.428009
vt 0.562500 0.428009
vt 0.625000 0.428009
vt 0.687500 0.428009
vt 0.750000 0.428009
vt 0.812500 0.428009
vt 0.875000 0.428009
vt 0.937500 0.428009
vt 1.000000 0.428009
vt 0.000000 0.428259
vt 0.062500 0.428259
vt 0.125000 0.428259
vt 0.187500 0.428259
vt 0.250000 0.428259
vt 0.312500 0.428259
vt 0.375000 0.428259
vt 0.437500 0.428259
vt 0.500000 0.428259
vt 0.562500 0.428259
vt 0.625000 0.428259
vt 0.687500 0.428259
vt 0.750000 0.428259
vt 0.812500 0.428259
vt 0.875000 0.428259
vt 0.937500 0.428259
vt 1.000000 0.428259
vt 0.000000 0.428510
vt 0.062500 0.428510
vt 0.125000 0.428510
vt 0.187500 0.428510
vt 0.250000 0.428510
vt 0.312500 0.428510
vt 0.375000 0.428510
vt 0.437500 0.428510
vt 0.500000 0.428510
vt 0.562500 0.428510
vt 0.625000 0.428510
vt 0.687500 0.428510
vt 0.750000 0.428510
vt 0.812500 0.428510
vt 0.875000 0.428510
vt 0.937500 0.428510
vt 1.000000 0.428510
vt 0.000000 0.428761
vt 0.062500 0.428761
vt 0.125000 0.428761
vt 0.187500 0.428761
vt 0.250000 0.428761
vt 0.312500 0.428761
vt 0.375000 0.428761
vt 0.437500 0.428761
vt 0.500000 0.428761
vt 0.562500 0.428761
vt 0.625000 0.428761
vt 0.687500 0.428761
vt 0.750000 0.428761
vt 0.812500 0.428761
vt 0.875000 0.428761
vt 0.937500 0.428761
vt 1.000000 0.428761
vt 0.000000 0.429011
vt 0.062500 0.429011
vt 0.125000 0.429011
vt 0.187500 0.429011
vt 0.250000 0.429011
vt 0.312500 0.429011
vt 0.375000 0.429011
vt 0.437500 0.429011
vt 0.500000 0.429011
vt 0.562500 0.429011
vt 0.625000 0.429011
vt 0.687500 0.429011
vt 0.750000 0.429011
vt 0.812500 0.429011
vt 0.875000 0.429011
vt 0.937500 0.429011
vt 1.000000 0.429011
vt 0.000000 0.429262
vt 0.062500 0.429262
vt 0.125000 0.429262
vt 0.187500 0.429262
vt 0.250000 0.429262
vt 0.312500 0.429262
vt 0.375000 0.429262
vt 0.437500 0.429262
vt 0.500000 0.429262
vt 0.562500 0.429262
vt 0.625000 0.429262
vt 0.687500 0.429262
vt 0.750000 0.429262
vt 0.812500 0.429262
vt 0.875000 0.429262
vt 0.937500 0.429262
vt 1.000000 0.429262
vt 0.000000 0.429512
vt 0.062500 0.429512
vt 0.125000 0.429512
vt 0.187500 0.429512
vt 0.250000 0.429512
vt 0.312500 0.429512
vt 0.375000 0.429512
vt 0.437500 0.429512
vt 0.500000 0.429512
vt 0.562500 0.429512
vt 0.625000 0.429512
vt 0.687500 0.429512
vt 0.750000 0.429512
vt 0.812500 0.429512
vt 0.875000 0.429512
vt 0.937500 0.429512
vt 1.000000 0.429512
vt 0.000000 0.429763
vt 0.062500 0.429763
vt 0.125000 0.429763
vt 0.187500 0.429763
vt 0.250000 0.429763
vt 0.312500 0.429763
vt 0.375000 0.429763
vt 0.437500 0.429763
vt 0.500000 0.429763
vt 0.562500 0.429763
vt 0.625000 0.429763
vt 0.687500 0.429763
vt 0.750000 0.429763
vt 0.812500 0.429763
vt 0.875000 0.429763
vt 0.937500 0.429763
vt 1.000000 0.429763
vt 0.000000 0.430014
vt 0.062500 0.430014
vt 0.125000 0.430014
vt 0.187500 0.430014
vt 0.250000 0.430014
vt 0.312500 0.430014
vt 0.375000 0.430014
vt 0.437500 0.430014
vt 0.500000 0.430014
vt 0.562500 0.430014
vt 0.625000 0.430014
vt 0.687500 0.430014
vt 0.750000 0.430014
vt 0.812500 0.430014
vt 0.875000 0.430014
vt 0.937500 0.430014
vt 1.000000 0.430014
vt 0.000000 0.430264
vt 0.062500 0.430264
vt 0.125000 0.430264
vt 0.187500 0.430264
vt 0.250000 0.430264
vt 0.312500 0.430264
vt 0.375000 0.430264
vt 0.437500 0.430264
vt 0.500000 0.430264
vt 0.562500 0.430264
vt 0.625000 0.430264
vt 0.687500 0.430264
vt 0.750000 0.430264
vt 0.812500 0.430264
vt 0.875000 0.430264
vt 0.937500 0.430264
vt 1.000000 0.430264
vt 0.000000 0.430515
vt 0.062500 0.430515
vt 0.125000 0.430515
vt 0.187500 0.430515
vt 0.250000 0.430515
vt 0.312500 0.430515
vt 0.375000 0.430515
vt 0.437500 0.430515
vt 0.500000 0.430515
vt 0.562500 0.430515
vt 0.625000 0.430515
vt 0.687500 0.430515
vt 0.750000 0.430515
vt 0.812500 0.430515
vt 0.875000 0.430515
vt 0.937500 0.430515
vt 1.000000 0.430515
vt 0.000000 0.430766
vt 0.062500 0.430766
vt 0.125000 0.430766
vt 0.187500 0.430766
vt 0.250000 0.430766
vt 0.312500 0.430766
vt 0.375000 0.430766
vt 0.437500 0.430766
vt 0.500000 0.430766
vt 0.562500 0.430766
vt 0.625000 0.430766
vt 0.687500 0.430766
vt 0.750000 0.430766
vt 0.812500 0.430766
vt 0.875000 0.430766
vt 0.937500 0.430766
vt 1.000000 0.430766
vt 0.000000 0.431016
vt 0.062500 0.431016
vt 0.125000 0.431016
vt 0.187500 0.431016
vt 0.250000 0.431016
vt 0.312500 0.431016
vt 0.375000 0.431016
vt 0.437500 0.431016
vt 0.500000 0.431016
vt 0.562500 0.431016
vt 0.625000 0.431016
vt 0.687500 0.431016
vt 0.750000 0.431016
vt 0.812500 0.431016
vt 0.875000 0.431016
vt 0.937500 0.431016
vt 1.000000 0.431016
vt 0.000000 0.428969
vt 0.062500 0.428969
vt 0.125000 0.428969
vt 0.187500 0.428969
vt 0.250000 0.428969
vt 0.312500 0.428969
vt 0.375000 0.428969
vt 0.437500 0.428969
vt 0.500000 0.428969
vt 0.562500 0.428969
vt 0.625000 0.428969
vt 0.687500 0.428969
vt 0.750000 0.428969
vt 0.812500 0.428969
vt 0.875000 0.428969
vt 0.937500 0.428969
vt 1.000000 0.428969
vt 0.000000 0.304711
vt 0.062500 0.304711
vt 0.125000 0.304711
vt 0.187500 0.304711
vt 0.250000 0.304711
vt 0.312500 0.304711
vt 0.375000 0.304711
vt 0.437500 0.304711
vt 0.500000 0.304711
vt 0.562500 0.304711
vt 0.625000 0.304711
vt 0.687500 0.304711
vt 0.750000 0.304711
vt 0.812500 0.304711
vt 0.875000 0.304711
vt 0.937500 0.304711
vt 1.000000 0.304711
vt 0.000000 0.291178
vt 0.062500 0.291178
vt 0.125000 0.291178
vt 0.187500 0.291178
vt 0.250000 0.291178
vt 0.312500 0.291178
vt 0.375000 0.291178
vt 0.437500 0.291178
vt 0.500000 0.291178
vt 0.562500 0.291178
vt 0.625000 0.291178
vt 0.687500 0.291178
vt 0.750000 0.291178
vt 0.812500 0.291178
vt 0.875000 0.291178
vt 0.937500 0.291178
vt 1.000000 0.291178
vt 0.000000 0.267759
vt 0.062500 0.267759
vt 0.125000 0.267759
vt 0.187500 0.267759
vt 0.250000 0.267759
vt 0.312500 0.267759
vt 0.375000 0.267759
vt 0.437500 0.267759
vt 0.500000 0.267759
vt 0.562500 0.267759
vt 0.625000 0.267759
vt 0.687500 0.267759
vt 0.750000 0.267759
vt 0.812500 0.267759
vt 0.875000 0.267759
vt 0.937500 0.267759
vt 1.000000 0.267759
vt 0.000000 0.246528
vt 0.062500 0.246528
vt 0.125000 0.246528
vt 0.187500 0.246528
vt 0.250000 0.246528
vt 0.312500 0.246528
vt 0.375000 0.246528
vt 0.437500 0.246528
vt 0.500000 0.246528
vt 0.562500 0.246528
vt 0.625000 0.246528
vt 0.687500 0.246528
vt 0.750000 0.246528
vt 0.812500 0.246528
vt 0.875000 0.246528
vt 0.937500 0.246528
vt 1.000000 0.246528
vt 0.000000 0.222011
vt 0.062500 0.222011
vt 0.125000 0.222011
vt 0.187500 0.222011
vt 0.250000 0.222011
vt 0.312500 0.222011
vt 0.375000 0.222011
vt 0.437500 0.222011
vt 0.500000 0.222011
vt 0.562500 0.222011
vt 0.625000 0.222011
vt 0.687500 0.222011
vt 0.750000 0.222011
vt 0.812500 0.222011
vt 0.875000 0.222011
vt 0.937500 0.222011
vt 1.000000 0.222011
vt 0.000000 0.006211
vt 0.062500 0.006211
vt 0.125000 0.006211
vt 0.187500 0.006211
vt 0.250000 0.006211
vt 0.312500 0.006211
vt 0.375000 0.006211
vt 0.437500 0.006211
vt 0.500000 0.006211
vt 0.562500 0.006211
vt 0.625000 0.006211
vt 0.687500 0.006211
vt 0.750000 0.006211
vt 0.812500 0.006211
vt 0.875000 0.006211
vt 0.937500 0.006211
vt 1.000000 0.006211
vt 0.000000 0.000239
vt 0.062500 0.000239
vt 0.125000 0.000239
vt 0.187500 0.000239
vt 0.250000 0.000239
vt 0.312500 0.000239
vt 0.375000 0.000239
vt 0.437500 0.000239
vt 0.500000 0.000239
vt 0.562500 0.000239
vt 0.625000 0.000239
vt 0.687500 0.000239
vt 0.750000 0.000239
vt 0.812500 0.000239
vt 0.875000 0.000239
vt 0.937500 0.000239
vt 1.000000 0.000239
vt 0.000000 0.000239
vt 0.062500 0.000239
vt 0.125000 0.000239
vt 0.187500 0.000239
vt 0.250000 0.000239
vt 0.312500 0.000239
vt 0.375000 0.000239
vt 0.437500 0.000239
vt 0.500000 0.000239
vt 0.562500 0.000239
vt 0.625000 0.000239
vt 0.687500 0.000239
vt 0.750000 0.000239
vt 0.812500 0.000239
vt 0.875000 0.000239
vt 0.937500 0.000239
vt 1.000000 0.000239
vt 0.000000 0.035862
vt 0.062500 0.035862
vt 0.125000 0.035862
vt 0.187500 0.035862
vt 0.250000 0.035862
vt 0.312500 0.035862
vt 0.375000 0.035862
vt 0.437500 0.035862
vt 0.500000 0.035862
vt 0.562500 0.035862
vt 0.625000 0.035862
vt 0.687500 0.035862
vt 0.750000 0.035862
vt 0.812500 0.035862
vt 0.875000 0.035862
vt 0.937500 0.035862
vt 1.000000 0.035862
vt 0.031250 0.043844
vt 0.093750 0.043844
vt 0.156250 0.043844
vt 0.218750 0.043844
vt 0.281250 0.043844
vt 0.343750 0.043844
vt 0.406250 0.043844
vt 0.468750 0.043844
vt 0.531250 0.043844
vt 0.593750 0.043844
vt 0.656250 0.043844
vt 0.718750 0.043844
vt 0.781250 0.043844
vt 0.843750 0.043844
vt 0.906250 0.043844
vt 0.968750 0.043844
s 1
f 1/1/1 2/2/2 31/3/3
f 1/4/1 31/3/3 59/5/4
f 1/6/1 59/5/4 87/7/5
f 1/8/1 87/7/5 115/9/6
f 1/10/1 115/9/6 143/11/7
f 1/12/1 143/11/7 171/13/8
f 1/14/1 171/13/8 199/15/9
f 1/16/1 199/15/9 227/17/10
f 1/18/1 227/17/10 255/19/11
f 1/20/1 255/19/11 283/21/12
f 1/22/1 283/21/12 311/23/13
f 1/24/1 311/23/13 339/25/14
f 1/26/1 339/25/14 367/27/15
f 1/28/1 367/27/15 395/29/16
f 1/30/1 395/29/16 423/31/17
f 1/32/1 423/31/17 2/33/2
f 2/2/2 3/34/18 32/35/19 31/3/3
f 31/3/3 32/35/19 60/36/20 59/5/4
f 59/5/4 60/36/20 88/37/21 87/7/5
f 87/7/5 88/37/21 116/38/22 115/9/6
f 115/9/6 116/38/22 144/39/23 143/11/7
f 143/11/7 144/39/23 172/40/24 171/13/8
f 171/13/8 172/40/24 200/41/25 199/15/9
f 199/15/9 200/41/25 228/42/26 227/17/10
f 227/17/10 228/42/26 256/43/27 255/19/11
f 255/19/11 256/43/27 284/44/28 283/21/12
f 283/21/12 284/44/28 312/45/29 311/23/13
f 311/23/13 312/45/29 340/46/30 339/25/14
f 339/25/14 340/46/30 368/47/31 367/27/15
f 367/27/15 368/47/31 396/48/32 395/29/16
f 395/29/16 396/48/32 424/49/33 423/31/17
f 423/31/17 424/49/33 3/50/18 2/33/2
f 3/34/18 4/51/34 33/52/35 32/35/19
f 32/35/19 33/52/35 61/53/36 60/36/20
f 60/36/20 61/53/36 89/54/37 88/37/21
f 88/37/21 89/54/37 117/55/38 116/38/22
f 116/38/22 117/55/38 145/56/39 144/39/23
f 144/39/23 145/56/39 173/57/40 172/40/24
f 172/40/24 173/57/40 201/58/41 200/41/25
f 200/41/25 201/58/41 229/59/42 228/42/26
f 228/42/26 229/59/42 257/60/43 256/43/27
f 256/43/27 257/60/43 285/61/44 284/44/28
f 284/44/28 285/61/44 313/62/45 312/45/29
f 312/45/29 313/62/45 341/63/46 340/46/30
f 340/46/30 341/63/46 369/64/47 368/47/31
f 368/47/31 369/64/47 397/65/48 396/48/32
f 396/48/32 397/65/48 425/66/49 424/49/33
f 424/49/33 425/66/49 4/67/34 3/50/18
f 4/51/34 5/68/50 34/69/51 33/52/35
f 33/52/35 34/69/51 62/70/52 61/53/36
f 61/53/36 62/70/52 90/71/53 89/54/37
f 89/54/37 90/71/53 118/72/54 117/55/38
f 117/55/38 118/72/54 146/73/55 145/56/39
f 145/56/39 146/73/55 174/74/56 173/57/40
f 173/57/40 174/74/56 202/75/57 201/58/41
f 201/58/41 202/75/57 230/76/58 229/59/42
f 229/59/42 230/76/58 258/77/59 257/60/43
f 257/60/43 258/77/59 286/78/60 285/61/44
f 285/61/44 286/78/60 314/79/61 313/62/45
f 313/62/45 314/79/61 342/80/62 341/63/46
f 341/63/46 342/80/62 370/81/63 369/64/47
f 369/64/47 370/81/63 398/82/64 397/65/48
f 397/65/48 398/82/64 426/83/65 425/66/49
f 425/66/49 426/83/65 5/84/50 4/67/34
f 5/68/50 6/85/66 35/86/67 34/69/51
f 34/69/51 35/86/67 63/87/68 62/70/52
f 62/70/52 63/87/68 91/88/69 90/71/53
f 90/71/53 91/88/69 119/89/70 118/72/54
f 118/72/54 119/89/70 147/90/71 146/73/55
f 146/73/55 147/90/71 175/91/72 174/74/56
f 174/74/56 175/91/72 203/92/73 202/75/57
f 202/75/57 203/92/73 231/93/74 230/76/58
f 230/76/58 231/93/74 259/94/75 258/77/59
f 258/77/59 259/94/75 287/95/76 286/78/60
f 286/78/60 287/95/76 315/96/77 314/79/61
f 314/79/61 315/96/77 343/97/78 342/80/62
f 342/80/62 343/97/78 371/98/79 370/81/63
f 370/81/63 371/98/79 399/99/80 398/82/64
f 398/82/64 399/99/80 427/100/81 426/83/65
f 426/83/65 427/100/81 6/101/66 5/84/50
f 6/85/66 7/102/82 36/103/83 35/86/67
f 35/86/67 36/103/83 64/104/84 63/87/68
f 63/87/68 64/104/84 92/105/85 91/88/69
f 91/88/69 92/105/85 120/106/86 119/89/70
f 119/89/70 120/106/86 148/107/87 147/90/71
f 147/90/71 148/107/87 176/108/88 175/91/72
f 175/91/72 176/108/88 204/109/89 203/92/73
f 203/92/73 204/109/89 232/110/90 231/93/74
f 231/93/74 232/110/90 260/111/91 259/94/75
f 259/94/75 260/111/91 288/112/92 287/95/76
f 287/95/76 288/112/92 316/113/93 315/96/77
f 315/96/77 316/113/93 344/114/94 343/97/78
f 343/97/78 344/114/94 372/115/95 371/98/79
f 371/98/79 372/115/95 400/116/96 399/99/80
f 399/99/80 400/116/96 428/117/97 427/100/81
f 427/100/81 428/117/97 7/118/82 6/101/66
f 7/102/82 8/119/98 37/120/99 36/103/83
f 36/103/83 37/120/99 65/121/100 64/104/84
f 64/104/84 65/121/100 93/122/101 92/105/85
f 92/105/85 93/122/101 121/123/102 120/106/86
f 120/106/86 121/123/102 149/124/103 148/107/87
f 148/107/87 149/124/103 177/125/104 176/108/88
f 176/108/88 177/125/104 205/126/105 204/109/89
f 204/109/89 205/126/105 233/127/106 232/110/90
f 232/110/90 233/127/106 261/128/107 260/111/91
f 260/111/91 261/128/107 289/129/108 288/112/92
f 288/112/92 289/129/108 317/130/109 316/113/93
f 316/113/93 317/130/109 345/131/110 344/114/94
f 344/114/94 345/131/110 373/132/111 372/115/95
f 372/115/95 373/132/111 401/133/112 400/116/96
f 400/116/96 401/133/112 429/134/113 428/117/97
f 428/117/97 429/134/113 8/135/98 7/118/82
f 8/119/98 9/136/114 38/137/115 37/120/99
f 37/120/99 38/137/115 66/138/116 65/121/100
f 65/121/100 66/138/116 94/139/117 93/122/101
f 93/122/101 94/139/117 122/140/118 121/123/102
f 121/123/102 122/140/118 150/141/119 149/124/103
f 149/124/103 150/141/119 178/142/120 177/125/104
f 177/125/104 178/142/120 206/143/121 205/126/105
f 205/126/105 206/143/121 234/144/122 233/127/106
f 233/127/106 234/144/122 262/145/123 261/128/107
f 261/128/107 262/145/123 290/146/124 289/129/108
f 289/129/108 290/146/124 318/147/125 317/130/109
f 317/130/109 318/147/125 346/148/126 345/131/110
f 345/131/110 346/148/126 374/149/127 373/132/111
f 373/132/111 374/149/127 402/150/128 401/133/112
f 401/133/112 402/150/128 430/151/129 429/134/113
f 429/134/113 430/151/129 9/152/114 8/135/98
f 9/136/114 10/153/130 39/154/131 38/137/115
f 38/137/115 39/154/131 67/155/132 66/138/116
f 66/138/116 67/155/132 95/156/133 94/139/117
f 94/139/117 95/156/133 123/157/134 122/140/118
f 122/140/118 123/157/134 151/158/135 150/141/119
f 150/141/119 151/158/135 179/159/136 178/142/120
f 178/142/120 179/159/136 207/160/137 206/143/121
f 206/143/121 207/160/137 235/161/138 234/144/122
f 234/144/122 235/161/138 263/162/139 262/145/123
f 262/145/123 263/162/139 291/163/140 290/146/124
f 290/146/124 291/163/140 319/164/141 318/147/125
f 318/147/125 319/164/141 347/165/142 346/148/126
f 346/148/126 347/165/142 375/166/143 374/149/127
f 374/149/127 375/166/143 403/167/144 402/150/128
f 402/150/128 403/167/144 431/168/145 430/151/129
f 430/151/129 431/168/145 10/169/130 9/152/114
f 10/153/130 11/170/146 40/171/147 39/154/131
f 39/154/131 40/171/147 68/172/148 67/155/132
f 67/155/132 68/172/148 96/173/149 95/156/133
f 95/156/133 96/173/149 124/174/150 123/157/134
f 123/157/134 124/174/150 152/175/151 151/158/135
f 151/158/135 152/175/151 180/176/152 179/159/136
f 179/159/136 180/176/152 208/177/153 207/160/137
f 207/160/137 208/177/153 236/178/154 235/161/138
f 235/161/138 236/178/154 264/179/155 263/162/139
f 263/162/139 264/179/155 292/180/156 291/163/140
f 291/163/140 292/180/156 320/181/157 319/164/141
f 319/164/141 320/181/157 348/182/158 347/165/142
f 347/165/142 348/182/158 376/183/159 375/166/143
f 375/166/143 376/183/159 404/184/160 403/167/144
f 403/167/144 404/184/160 432/185/161 431/168/145
f 431/168/145 432/185/161 11/186/146 10/169/130
f 11/170/146 12/187/162 41/188/163 40/171/147
f 40/171/147 41/188/163 69/189/164 68/172/148
f 68/172/148 69/189/164 97/190/165 96/173/149
f 96/173/149 97/190/165 125/191/166 124/174/150
f 124/174/150 125/191/166 153/192/167 152/175/151
f 152/175/151 153/192/167 181/193/168 180/176/152
f 180/176/152 181/193/168 209/194/169 208/177/153
f 208/177/153 209/194/169 237/195/170 236/178/154
f 236/178/154 237/195/170 265/196/171 264/179/155
f 264/179/155 265/196/171 293/197/172 292/180/156
f 292/180/156 293/197/172 321/198/173 320/181/157
f 320/181/157 321/198/173 349/199/174 348/182/158
f 348/182/158 349/199/174 377/200/175 376/183/159
f 376/183/159 377/200/175 405/201/176 404/184/160
f 404/184/160 405/201/176 433/202/177 432/185/161
f 432/185/161 433/202/177 12/203/162 11/186/146
f 12/187/162 13/204/178 42/205/179 41/188/163
f 41/188/163 42/205/179 70/206/180 69/189/164
f 69/189/164 70/206/180 98/207/181 97/190/165
f 97/190/165 98/207/181 126/208/182 125/191/166
f 125/191/166 126/208/182 154/209/183 153/192/167
f 153/192/167 154/209/183 182/210/184 181/193/168
f 181/193/168 182/210/184 210/211/185 209/194/169
f 209/194/169 210/211/185 238/212/186 237/195/170
f 237/195/170 238/212/186 266/213/187 265/196/171
f 265/196/171 266/213/187 294/214/188 293/197/172
f 293/197/172 294/214/188 322/215/189 321/198/173
f 321/198/173 322/215/189 350/216/190 349/199/174
f 349/199/174 350/216/190 378/217/191 377/200/175
f 377/200/175 378/217/191 406/218/192 405/201/176
f 405/201/176 406/218/192 434/219/193 433/202/177
f 433/202/177 434/219/193 13/220/178 12/203/162
f 13/204/178 14/221/194 43/222/195 42/205/179
f 42/205/179 43/222/195 71/223/196 70/206/180
f 70/206/180 71/223/196 99/224/197 98/207/181
f 98/207/181 99/224/197 127/225/198 126/208/182
f 126/208/182 127/225/198 155/226/199 154/209/183
f 154/209/183 155/226/199 183/227/200 182/210/184
f 182/210/184 183/227/200 211/228/201 210/211/185
f 210/211/185 211/228/201 239/229/202 238/212/186
f 238/212/186 239/229/202 267/230/203 266/213/187
f 266/213/187 267/230/203 295/231/204 294/214/188
f 294/214/188 295/231/204 323/232/205 322/215/189
f 322/215/189 323/232/205 351/233/206 350/216/190
f 350/216/190 351/233/206 379/234/207 378/217/191
f 378/217/191 379/234/207 407/235/208 406/218/192
f 406/218/192 407/235/208 435/236/209 434/219/193
f 434/219/193 435/236/209 14/237/194 13/220/178
f 14/221/194 15/238/210 44/239/211 43/222/195
f 43/222/195 44/239/211 72/240/212 71/223/196
f 71/223/196 72/240/212 100/241/213 99/224/197
f 99/224/197 100/241/213 128/242/214 127/225/198
f 127/225/198 128/242/214 156/243/215 155/226/199
f 155/226/199 156/243/215 184/244/216 183/227/200
f 183/227/200 184/244/216 212/245/217 211/228/201
f 211/228/201 212/245/217 240/246/218 239/229/202
f 239/229/202 240/246/218 268/247/219 267/230/203
f 267/230/203 268/247/219 296/248/220 295/231/204
f 295/231/204 296/248/220 324/249/221 323/232/205
f 323/232/205 324/249/221 352/250/222 351/233/206
f 351/233/206 352/250/222 380/251/223 379/234/207
f 379/234/207 380/251/223 408/252/224 407/235/208
f 407/235/208 408/252/224 436/253/225 435/236/209
f 435/236/209 436/253/225 15/254/210 14/237/194
f 15/238/210 16/255/226 45/256/227 44/239/211
f 44/239/211 45/256/227 73/257/228 72/240/212
f 72/240/212 73/257/228 101/258/229 100/241/213
f 100/241/213 101/258/229 129/259/230 128/242/214
f 128/242/214 129/259/230 157/260/231 156/243/215
f 156/243/215 157/260/231 185/261/232 184/244/216
f 184/244/216 185/261/232 213/262/233 212/245/217
f 212/245/217 213/262/233 241/263/234 240/246/218
f 240/246/218 241/263/234 269/264/235 268/247/219
f 268/247/219 269/264/235 297/265/236 296/248/220
f 296/248/220 297/265/236 325/266/237 324/249/221
f 324/249/221 325/266/237 353/267/238 352/250/222
f 352/250/222 353/267/238 381/268/239 380/251/223
f 380/251/223 381/268/239 409/269/240 408/252/224
f 408/252/224 409/269/240 437/270/241 436/253/225
f 436/253/225 437/270/241 16/271/226 15/254/210
f 16/255/226 17/272/242 46/273/243 45/256/227
f 45/256/227 46/273/243 74/274/244 73/257/228
f 73/257/228 74/274/244 102/275/245 101/258/229
f 101/258/229 102/275/245 130/276/246 129/259/230
f 129/259/230 130/276/246 158/277/247 157/260/231
f 157/260/231 158/277/247 186/278/248 185/261/232
f 185/261/232 186/278/248 214/279/249 213/262/233
f 213/262/233 214/279/249 242/280/250 241/263/234
f 241/263/234 242/280/250 270/281/251 269/264/235
f 269/264/235 270/281/251 298/282/252 297/265/236
f 297/265/236 298/282/252 326/283/253 325/266/237
f 325/266/237 326/283/253 354/284/254 353/267/238
f 353/267/238 354/284/254 382/285/255 381/268/239
f 381/268/239 382/285/255 410/286/256 409/269/240
f 409/269/240 410/286/256 438/287/257 437/270/241
f 437/270/241 438/287/257 17/288/242 16/271/226
f 17/272/242 18/289/258 47/290/259 46/273/243
f 46/273/243 47/290/259 75/291/260 74/274/244
f 74/274/244 75/291/260 103/292/261 102/275/245
f 102/275/245 103/292/261 131/293/262 130/276/246
f 130/276/246 131/293/262 159/294/263 158/277/247
f 158/277/247 159/294/263 187/295/264 186/278/248
f 186/278/248 187/295/264 215/296/265 214/279/249
f 214/279/249 215/296/265 243/297/266 242/280/250
f 242/280/250 243/297/266 271/298/267 270/281/251
f 270/281/251 271/298/267 299/299/268 298/282/252
f 298/282/252 299/299/268 327/300/269 326/283/253
f 326/283/253 327/300/269 355/301/270 354/284/254
f 354/284/254 355/301/270 383/302/271 382/285/255
f 382/285/255 383/302/271 411/303/272 410/286/256
f 410/286/256 411/303/272 439/304/273 438/287/257
f 438/287/257 439/304/273 18/305/258 17/288/242
f 18/289/258 19/306/274 48/307/275 47/290/259
f 47/290/259 48/307/275 76/308/276 75/291/260
f 75/291/260 76/308/276 104/309/277 103/292/261
f 103/292/261 104/309/277 132/310/278 131/293/262
f 131/293/262 132/310/278 160/311/279 159/294/263
f 159/294/263 160/311/279 188/312/280 187/295/264
f 187/295/264 188/312/280 216/313/281 215/296/265
f 215/296/265 216/313/281 244/314/282 243/297/266
f 243/297/266 244/314/282 272/315/283 271/298/267
f 271/298/267 272/315/283 300/316/284 299/299/268
f 299/299/268 300/316/284 328/317/285 327/300/269
f 327/300/269 328/317/285 356/318/286 355/301/270
f 355/301/270 356/318/286 384/319/287 383/302/271
f 383/302/271 384/319/287 412/320/288 411/303/272
f 411/303/272 412/320/288 440/321/289 439/304/273
f 439/304/273 440/321/289 19/322/274 18/305/258
f 19/306/274 20/323/290 49/324/291 48/307/275
f 48/307/275 49/324/291 77/325/292 76/308/276
f 76/308/276 77/325/292 105/326/293 104/309/277
f 104/309/277 105/326/293 133/327/294 132/310/278
f 132/310/278 133/327/294 161/328/295 160/311/279
f 160/311/279 161/328/295 189/329/296 188/312/280
f 188/312/280 189/329/296 217/330/297 216/313/281
f 216/313/281 217/330/297 245/331/298 244/314/282
f 244/314/282 245/331/298 273/332/299 272/315/283
f 272/315/283 273/332/299 301/333/300 300/316/284
f 300/316/284 301/333/300 329/334/301 328/317/285
f 328/317/285 329/334/301 357/335/302 356/318/286
f 356/318/286 357/335/302 385/336/303 384/319/287
f 384/319/287 385/336/303 413/337/304 412/320/288
f 412/320/288 413/337/304 441/338/305 440/321/289
f 440/321/289 441/338/305 20/339/290 19/322/274
f 20/323/290 21/340/306 50/341/307 49/324/291
f 49/324/291 50/341/307 78/342/308 77/325/292
f 77/325/292 78/342/308 106/343/309 105/326/293
f 105/326/293 106/343/309 134/344/310 133/327/294
f 133/327/294 134/344/310 162/345/311 161/328/295
f 161/328/295 162/345/311 190/346/312 189/329/296
f 189/329/296 190/346/312 218/347/313 217/330/297
f 217/330/297 218/347/313 246/348/314 245/331/298
f 245/331/298 246/348/314 274/349/315 273/332/299
f 273/332/299 274/349/315 302/350/316 301/333/300
f 301/333/300 302/350/316 330/351/317 329/334/301
f 329/334/301 330/351/317 358/352/318 357/335/302
f 357/335/302 358/352/318 386/353/319 385/336/303
f 385/336/303 386/353/319 414/354/320 413/337/304
f 413/337/304 414/354/320 442/355/321 441/338/305
f 441/338/305 442/355/321 21/356/306 20/339/290
f 21/340/306 22/357/322 51/358/323 50/341/307
f 50/341/307 51/358/323 79/359/324 78/342/308
f 78/342/308 79/359/324 107/360/325 106/343/309
f 106/343/309 107/360/325 135/361/326 134/344/310
f 134/344/310 135/361/326 163/362/327 162/345/311
f 162/345/311 163/362/327 191/363/328 190/346/312
f 190/346/312 191/363/328 219/364/329 218/347/313
f 218/347/313 219/364/329 247/365/330 246/348/314
f 246/348/314 247/365/330 275/366/331 274/349/315
f 274/349/315 275/366/331 303/367/332 302/350/316
f 302/350/316 303/367/332 331/368/333 330/351/317
f 330/351/317 331/368/333 359/369/334 358/352/318
f 358/352/318 359/369/334 387/370/335 386/353/319
f 386/353/319 387/370/335 415/371/336 414/354/320
f 414/354/320 415/371/336 443/372/337 442/355/321
f 442/355/321 443/372/337 22/373/322 21/356/306
f 22/357/322 23/374/338 52/375/339 51/358/323
f 51/358/323 52/375/339 80/376/340 79/359/324
f 79/359/324 80/376/340 108/377/341 107/360/325
f 107/360/325 108/377/341 136/378/342 135/361/326
f 135/361/326 136/378/342 164/379/343 163/362/327
f 163/362/327 164/379/343 192/380/344 191/363/328
f 191/363/328 192/380/344 220/381/345 219/364/329
f 219/364/329 220/381/345 248/382/346 247/365/330
f 247/365/330 248/382/346 276/383/347 275/366/331
f 275/366/331 276/383/347 304/384/348 303/367/332
f 303/367/332 304/384/348 332/385/349 331/368/333
f 331/368/333 332/385/349 360/386/350 359/369/334
f 359/369/334 360/386/350 388/387/351 387/370/335
f 387/370/335 388/387/351 416/388/352 415/371/336
f 415/371/336 416/388/352 444/389/353 443/372/337
f 443/372/337 444/389/353 23/390/338 22/373/322
f 23/374/338 24/391/354 53/392/355 52/375/339
f 52/375/339 53/392/355 81/393/356 80/376/340
f 80/376/340 81/393/356 109/394/357 108/377/341
f 108/377/341 109/394/357 137/395/358 136/378/342
f 136/378/342 137/395/358 165/396/359 164/379/343
f 164/379/343 165/396/359 193/397/360 192/380/344
f 192/380/344 193/397/360 221/398/361 220/381/345
f 220/381/345 221/398/361 249/399/362 248/382/346
f 248/382/346 249/399/362 277/400/363 276/383/347
f 276/383/347 277/400/363 305/401/364 304/384/348
f 304/384/348 305/401/364 333/402/365 332/385/349
f 332/385/349 333/402/365 361/403/366 360/386/350
f 360/386/350 361/403/366 389/404/367 388/387/351
f 388/387/351 389/404/367 417/405/368 416/388/352
f 416/388/352 417/405/368 445/406/369 444/389/353
f 444/389/353 445/406/369 24/407/354 23/390/338
f 24/391/354 25/408/370 54/409/371 53/392/355
f 53/392/355 54/409/371 82/410/372 81/393/356
f 81/393/356 82/410/372 110/411/373 109/394/357
f 109/394/357 110/411/373 138/412/374 137/395/358
f 137/395/358 138/412/374 166/413/375 165/396/359
f 165/396/359 166/413/375 194/414/376 193/397/360
f 193/397/360 194/414/376 222/415/377 221/398/361
f 221/398/361 222/415/377 250/416/378 249/399/362
f 249/399/362 250/416/378 278/417/379 277/400/363
f 277/400/363 278/417/379 306/418/380 305/401/364
f 305/401/364 306/418/380 334/419/381 333/402/365
f 333/402/365 334/419/381 362/420/382 361/403/366
f 361/403/366 362/420/382 390/421/383 389/404/367
f 389/404/367 390/421/383 418/422/384 417/405/368
f 417/405/368 418/422/384 446/423/385 445/406/369
f 445/406/369 446/423/385 25/424/370 24/407/354
f 25/408/370 26/425/386 55/426/387 54/409/371
f 54/409/371 55/426/387 83/427/388 82/410/372
f 82/410/372 83/427/388 111/428/389 110/411/373
f 110/411/373 111/428/389 139/429/390 138/412/374
f 138/412/374 139/429/390 167/430/391 166/413/375
f 166/413/375 167/430/391 195/431/392 194/414/376
f 194/414/376 195/431/392 223/432/393 222/415/377
f 222/415/377 223/432/393 251/433/394 250/416/378
f 250/416/378 251/433/394 279/434/395 278/417/379
f 278/417/379 279/434/395 307/435/396 306/418/380
f 306/418/380 307/435/396 335/436/397 334/419/381
f 334/419/381 335/436/397 363/437/398 362/420/382
f 362/420/382 363/437/398 391/438/399 390/421/383
f 390/421/383 391/438/399 419/439/400 418/422/384
f 418/422/384 419/439/400 447/440/401 446/423/385
f 446/423/385 447/440/401 26/441/386 25/424/370
f 26/425/386 27/442/402 56/443/403 55/426/387
f 55/426/387 56/443/403 84/444/404 83/427/388
f 83/427/388 84/444/404 112/445/405 111/428/389
f 111/428/389 112/445/405 140/446/406 139/429/390
f 139/429/390 140/446/406 168/447/407 167/430/391
f 167/430/391 168/447/407 196/448/408 195/431/392
f 195/431/392 196/448/408 224/449/409 223/432/393
f 223/432/393 224/449/409 252/450/410 251/433/394
f 251/433/394 252/450/410 280/451/411 279/434/395
f 279/434/395 280/451/411 308/452/412 307/435/396
f 307/435/396 308/452/412 336/453/413 335/436/397
f 335/436/397 336/453/413 364/454/414 363/437/398
f 363/437/398 364/454/414 392/455/415 391/438/399
f 391/438/399 392/455/415 420/456/416 419/439/400
f 419/439/400 420/456/416 448/457/417 447/440/401
f 447/440/401 448/457/417 27/458/402 26/441/386
f 27/442/402 28/459/418 57/460/419 56/443/403
f 56/443/403 57/460/419 85/461/420 84/444/404
f 84/444/404 85/461/420 113/462/421 112/445/405
f 112/445/405 113/462/421 141/463/422 140/446/406
f 140/446/406 141/463/422 169/464/423 168/447/407
f 168/447/407 169/464/423 197/465/424 196/448/408
f 196/448/408 197/465/424 225/466/425 224/449/409
f 224/449/409 225/466/425 253/467/426 252/450/410
f 252/450/410 253/467/426 281/468/427 280/451/411
f 280/451/411 281/468/427 309/469/428 308/452/412
f 308/452/412 309/469/428 337/470/429 336/453/413
f 336/453/413 337/470/429 365/471/430 364/454/414
f 364/454/414 365/471/430 393/472/431 392/455/415
f 392/455/415 393/472/431 421/473/432 420/456/416
f 420/456/416 421/473/432 449/474/433 448/457/417
f 448/457/417 449/474/433 28/475/418 27/458/402
f 28/459/418 29/476/434 58/477/435 57/460/419
f 57/460/419 58/477/435 86/478/436 85/461/420
f 85/461/420 86/478/436 114/479/437 113/462/421
f 113/462/421 114/479/437 142/480/438 141/463/422
f 141/463/422 142/480/438 170/481/439 169/464/423
f 169/464/423 170/481/439 198/482/440 197/465/424
f 197/465/424 198/482/440 226/483/441 225/466/425
f 225/466/425 226/483/441 254/484/442 253/467/426
f 253/467/426 254/484/442 282/485/443 281/468/427
f 281/468/427 282/485/443 310/486/444 309/469/428
f 309/469/428 310/486/444 338/487/445 337/470/429
f 337/470/429 338/487/445 366/488/446 365/471/430
f 365/471/430 366/488/446 394/489/447 393/472/431
f 393/472/431 394/489/447 422/490/448 421/473/432
f 421/473/432 422/490/448 450/491/449 449/474/433
f 449/474/433 450/491/449 29/492/434 28/475/418
f 29/476/434 30/493/450 58/477/435
f 58/477/435 30/494/450 86/478/436
f 86/478/436 30/495/450 114/479/437
f 114/479/437 30/496/450 142/480/438
f 142/480/438 30/497/450 170/481/439
f 170/481/439 30/498/450 198/482/440
f 198/482/440 30/499/450 226/483/441
f 226/483/441 30/500/450 254/484/442
f 254/484/442 30/501/450 282/485/443
f 282/485/443 30/502/450 310/486/444
f 310/486/444 30/503/450 338/487/445
f 338/487/445 30/504/450 366/488/446
f 366/488/446 30/505/450 394/489/447
f 394/489/447 30/506/450 422/490/448
f 422/490/448 30/507/450 450/491/449
f 450/491/449 30/508/450 29/492/434
o BottleWine01
v 0.000000 0.060233 0.000000
v 0.034821 0.051179 0.000000
v 0.056214 0.032309 0.000000
v 0.056214 0.220113 0.000000
v 0.047335 0.259139 -0.000000
v 0.015887 0.300259 0.000000
v 0.015887 0.428009 0.000000
v 0.016647 0.428259 0.000000
v 0.017345 0.428510 0.000000
v 0.018002 0.428761 0.000000
v 0.018638 0.429011 0.000000
v 0.019273 0.429262 0.000000
v 0.019930 0.429512 0.000000
v 0.020628 0.429763 0.000000
v 0.021388 0.430014 0.000000
v 0.022232 0.430264 0.000000
v 0.023178 0.430515 0.000000
v 0.024250 0.430766 0.000000
v 0.025466 0.431016 0.000000
v 0.029420 0.428969 0.000000
v 0.031481 0.304711 0.000000
v 0.037495 0.291178 0.000000
v 0.056580 0.267759 0.000000
v 0.068083 0.246528 0.000000
v 0.070408 0.222011 0.000000
v 0.070408 0.006211 0.000000
v 0.066292 0.000239 0.000000
v 0.058642 0.000239 0.000000
v 0.032457 0.035862 0.000000
v 0.000000 0.043844 0.000000
v 0.032171 0.051179 -0.013326
v 0.051935 0.032309 -0.021512
v 0.051935 0.220113 -0.021512
v 0.043732 0.259139 -0.018114
v 0.014678 0.300259 -0.006080
v 0.014678 0.428009 -0.006080
v 0.015380 0.428259 -0.006371
v 0.016025 0.428510 -0.006638
v 0.016632 0.428761 -0.006889
v 0.017219 0.429011 -0.007132
v 0.017806 0.429262 -0.007376
v 0.018413 0.429512 -0.007627
v 0.019058 0.429763 -0.007894
v 0.019760 0.430014 -0.008185
v 0.020539 0.430264 -0.008508
v 0.021414 0.430515 -0.008870
v 0.022404 0.430766 -0.009280
v 0.023528 0.431016 -0.009745
v 0.027181 0.428969 -0.011259
v 0.029084 0.304711 -0.012047
v 0.034641 0.291178 -0.014349
v 0.052273 0.267759 -0.021652
v 0.062901 0.246528 -0.026054
v 0.065049 0.222011 -0.026944
v 0.065049 0.006211 -0.026944
v 0.061246 0.000239 -0.025369
v 0.054178 0.000239 -0.022441
v 0.029987 0.035862 -0.012421
v 0.024622 0.051179 -0.024622
v 0.039749 0.032309 -0.039749
v 0.039750 0.220113 -0.039749
v 0.033471 0.259139 -0.033471
v 0.011234 0.300259 -0.011234
v 0.011234 0.428009 -0.011234
v 0.011771 0.428259 -0.011771
v 0.012265 0.428510 -0.012265
v 0.012729 0.428761 -0.012729
v 0.013179 0.429011 -0.013179
v 0.013628 0.429262 -0.013628
v 0.014093 0.429512 -0.014093
v 0.014586 0.429763 -0.014586
v 0.015124 0.430014 -0.015124
v 0.015720 0.430264 -0.015720
v 0.016390 0.430515 -0.016390
v 0.017147 0.430766 -0.017147
v 0.018007 0.431016 -0.018007
v 0.020803 0.428969 -0.020803
v 0.022260 0.304711 -0.022260
v 0.026513 0.291178 -0.026513
v 0.040008 0.267759 -0.040008
v 0.048142 0.246528 -0.048142
v 0.049786 0.222011 -0.049786
v 0.049786 0.006211 -0.049786
v 0.046876 0.000239 -0.046876
v 0.041466 0.000239 -0.041466
v 0.022951 0.035862 -0.022951
v 0.013326 0.051179 -0.032171
v 0.021512 0.032309 -0.051935
v 0.021512 0.220113 -0.051935
v 0.018114 0.259139 -0.043732
v 0.006080 0.300259 -0.014678
v 0.006080 0.428009 -0.014678
v 0.006371 0.428259 -0.015380
v 0.006638 0.428510 -0.016025
v 0.006889 0.428761 -0.016632
v 0.007132 0.429011 -0.017219
v 0.007376 0.429262 -0.017806
v 0.007627 0.429512 -0.018413
v 0.007894 0.429763 -0.019058
v 0.008185 0.430014 -0.019760
v 0.008508 0.430264 -0.020539
v 0.008870 0.430515 -0.021414
v 0.009280 0.430766 -0.022404
v 0.009746 0.431016 -0.023528
v 0.011259 0.428969 -0.027181
v 0.012047 0.304711 -0.029084
v 0.014349 0.291178 -0.034641
v 0.021652 0.267759 -0.052273
v 0.026054 0.246528 -0.062901
v 0.026944 0.222011 -0.065049
v 0.026944 0.006211 -0.065049
v 0.025369 0.000239 -0.061246
v 0.022441 0.000239 -0.054178
v 0.012421 0.035862 -0.029987
v 0.000000 0.051179 -0.034821
v 0.000000 0.032309 -0.056214
v 0.000000 0.220113 -0.056214
v -0.000000 0.259139 -0.047335
v -0.000000 0.300259 -0.015887
v -0.000000 0.428009 -0.015887
v 0.000000 0.428259 -0.016647
v 0.000000 0.428510 -0.017345
v 0.000000 0.428761 -0.018002
v 0.000000 0.429011 -0.018638
v 0.000000 0.429262 -0.019273
v 0.000000 0.429512 -0.019930
v 0.000000 0.429763 -0.020628
v 0.000000 0.430014 -0.021388
v 0.000000 0.430264 -0.022232
v 0.000000 0.430515 -0.023178
v 0.000000 0.430766 -0.024250
v 0.000000 0.431016 -0.025466
v 0.000000 0.428969 -0.029420
v -0.000000 0.304711 -0.031481
v -0.000000 0.291178 -0.037495
v 0.000000 0.267759 -0.056580
v 0.000000 0.246528 -0.068083
v 0.000000 0.222011 -0.070408
v -0.000000 0.006211 -0.070408
v -0.000000 0.000239 -0.066292
v 0.000000 0.000239 -0.058642
v 0.000000 0.035862 -0.032457
v -0.013326 0.051179 -0.032171
v -0.021512 0.032309 -0.051935
v -0.021512 0.220113 -0.051935
v -0.018114 0.259139 -0.043732
v -0.006080 0.300259 -0.014678
v -0.006080 0.428009 -0.014678
v -0.006371 0.428259 -0.015380
v -0.006638 0.428510 -0.016025
v -0.006889 0.428761 -0.016632
v -0.007132 0.429011 -0.017219
v -0.007376 0.429262 -0.017806
v -0.007627 0.429512 -0.018413
v -0.007894 0.429763 -0.019058
v -0.008185 0.430014 -0.019760
v -0.008508 0.430264 -0.020539
v -0.008870 0.430515 -0.021414
v -0.009280 0.430766 -0.022404
v -0.009745 0.431016 -0.023528
v -0.011259 0.428969 -0.027181
v -0.012047 0.304711 -0.029084
v -0.014349 0.291178 -0.034641
v -0.021652 0.267759 -0.052273
v -0.026054 0.246528 -0.062901
v -0.026944 0.222011 -0.065049
v -0.026944 0.006211 -0.065049
v -0.025369 0.000239 -0.061246
v -0.022441 0.000239 -0.054178
v -0.012421 0.035862 -0.029987
v -0.024622 0.051179 -0.024622
v -0.039749 0.032309 -0.039749
v -0.039749 0.220113 -0.039750
v -0.033471 0.259139 -0.033471
v -0.011234 0.300259 -0.011234
v -0.011234 0.428009 -0.011234
v -0.011771 0.428259 -0.011771
v -0.012265 0.428510 -0.012265
v -0.012729 0.428761 -0.012729
v -0.013179 0.429011 -0.013179
v -0.013628 0.429262 -0.013628
v -0.014093 0.429512 -0.014093
v -0.014586 0.429763 -0.014586
v -0.015124 0.430014 -0.015124
v -0.015720 0.430264 -0.015720
v -0.016390 0.430515 -0.016390
v -0.017147 0.430766 -0.017147
v -0.018007 0.431016 -0.018007
v -0.020803 0.428969 -0.020803
v -0.022260 0.304711 -0.022260
v -0.026513 0.291178 -0.026513
v -0.040008 0.267759 -0.040008
v -0.048142 0.246528 -0.048142
v -0.049786 0.222011 -0.049786
v -0.049786 0.006211 -0.049786
v -0.046876 0.000239 -0.046876
v -0.041466 0.000239 -0.041466
v -0.022951 0.035862 -0.022951
v -0.032171 0.051179 -0.013326
v -0.051935 0.032309 -0.021512
v -0.051935 0.220113 -0.021512
v -0.043732 0.259139 -0.018114
v -0.014678 0.300259 -0.006080
v -0.014678 0.428009 -0.006080
v -0.015380 0.428259 -0.006371
v -0.016025 0.428510 -0.006638
v -0.016632 0.428761 -0.006889
v -0.017219 0.429011 -0.007132
v -0.017806 0.429262 -0.007376
v -0.018413 0.429512 -0.007627
v -0.019058 0.429763 -0.007894
v -0.019760 0.430014 -0.008185
v -0.020539 0.430264 -0.008508
v -0.021414 0.430515 -0.008870
v -0.022404 0.430766 -0.009280
v -0.023528 0.431016 -0.009746
v -0.027181 0.428969 -0.011259
v -0.029084 0.304711 -0.012047
v -0.034641 0.291178 -0.014349
v -0.052273 0.267759 -0.021652
v -0.062901 0.246528 -0.026054
v -0.065049 0.222011 -0.026944
v -0.065049 0.006211 -0.026944
v -0.061246 0.000239 -0.025369
v -0.054178 0.000239 -0.022441
v -0.029987 0.035862 -0.012421
v -0.034821 0.051179 -0.000000
v -0.056214 0.032309 -0.000000
v -0.056214 0.220113 -0.000000
v -0.047335 0.259139 0.000000
v -0.015887 0.300259 0.000000
v -0.015887 0.428009 0.000000
v -0.016647 0.428259 -0.000000
v -0.017345 0.428510 -0.000000
v -0.018002 0.428761 -0.000000
v -0.018638 0.429011 -0.000000
v -0.019273 0.429262 -0.000000
v -0.019930 0.429512 -0.000000
v -0.020628 0.429763 -0.000000
v -0.021388 0.430014 -0.000000
v -0.022232 0.430264 -0.000000
v -0.023178 0.430515 -0.000000
v -0.024250 0.430766 -0.000000
v -0.025466 0.431016 -0.000000
v -0.029420 0.428969 -0.000000
v -0.031481 0.304711 0.000000
v -0.037495 0.291178 0.000000
v -0.056580 0.267759 -0.000000
v -0.068083 0.246528 -0.000000
v -0.070408 0.222011 -0.000000
v -0.070408 0.006211 0.000000
v -0.066292 0.000239 0.000000
v -0.058642 0.000239 0.000000
v -0.032457 0.035862 -0.000000
v -0.032171 0.051179 0.013326
v -0.051935 0.032309 0.021512
v -0.051935 0.220113 0.021512
v -0.043732 0.259139 0.018114
v -0.014678 0.300259 0.006080
v -0.014678 0.428009 0.006080
v -0.015380 0.428259 0.006371
v -0.016025 0.428510 0.006638
v -0.016632 0.428761 0.006889
v -0.017219 0.429011 0.007132
v -0.017806 0.429262 0.007376
v -0.018413 0.429512 0.007627
v -0.019058 0.429763 0.007894
v -0.019760 0.430014 0.008185
v -0.020539 0.430264 0.008508
v -0.021414 0.430515 0.008870
v -0.022404 0.430766 0.009280
v -0.023528 0.431016 0.009745
v -0.027181 0.428969 0.011259
v -0.029084 0.304711 0.012047
v -0.034641 0.291178 0.014349
v -0.052273 0.267759 0.021652
v -0.062901 0.246528 0.026054
v -0.065049 0.222011 0.026944
v -0.065049 0.006211 0.026944
v -0.061246 0.000239 0.025369
v -0.054178 0.000239 0.022441
v -0.029987 0.035862 0.012421
v -0.024622 0.051179 0.024622
v -0.039749 0.032309 0.039749
v -0.039749 0.220113 0.039749
v -0.033471 0.259139 0.033471
v -0.011234 0.300259 0.011234
v -0.011234 0.428009 0.011234
v -0.011771 0.428259 0.011771
v -0.012265 0.428510 0.012265
v -0.012729 0.428761 0.012729
v -0.013179 0.429011 0.013179
v -0.013628 0.429262 0.013628
v -0.014093 0.429512 0.014093
v -0.014586 0.429763 0.014586
v -0.015124 0.430014 0.015124
v -0.015720 0.430264 0.015720
v -0.016390 0.430515 0.016390
v -0.017147 0.430766 0.017147
v -0.018007 0.431016 0.018007
v -0.020803 0.428969 0.020803
v -0.022260 0.304711 0.022260
v -0.026513 0.291178 0.026513
v -0.040008 0.267759 0.040008
v -0.048142 0.246528 0.048142
v -0.049786 0.222011 0.049786
v -0.049786 0.006211 0.049786
v -0.046876 0.000239 0.046876
v -0.041466 0.000239 0.041466
v -0.022951 0.035862 0.022951
v -0.013326 0.051179 0.032171
v -0.021512 0.032309 0.051935
v -0.021512 0.220113 0.051935
v -0.018114 0.259139 0.043732
v -0.006080 0.300259 0.014678
v -0.006080 0.428009 0.014678
v -0.006371 0.428259 0.015380
v -0.006638 0.428510 0.016025
v -0.006889 0.428761 0.016632
v -0.007132 0.429011 0.017219
v -0.007376 0.429262 0.017806
v -0.007627 0.429512 0.018413
v -0.007894 0.429763 0.019058
v -0.008185 0.430014 0.019760
v -0.008508 0.430264 0.020539
v -0.008870 0.430515 0.021414
v -0.009280 0.430766 0.022404
v -0.009746 0.431016 0.023528
v -0.011259 0.428969 0.027181
v -0.012047 0.304711 0.029084
v -0.014349 0.291178 0.034641
v -0.021652 0.267759 0.052273
v -0.026054 0.246528 0.062901
v -0.026944 0.222011 0.065049
v -0.026944 0.006211 0.065049
v -0.025369 0.000239 0.061246
v -0.022441 0.000239 0.054178
v -0.012421 0.035862 0.029987
v -0.000000 0.051179 0.034821
v -0.000000 0.032309 0.056214
v -0.000000 0.220113 0.056214
v 0.000000 0.259139 0.047335
v 0.000000 0.300259 0.015887
v 0.000000 0.428009 0.015887
v -0.000000 0.428259 0.016647
v -0.000000 0.428510 0.017345
v -0.000000 0.428761 0.018002
v -0.000000 0.429011 0.018638
v -0.000000 0.429262 0.019273
v -0.000000 0.429512 0.019930
v -0.000000 0.429763 0.020628
v -0.000000 0.430014 0.021388
v -0.000000 0.430264 0.022232
v -0.000000 0.430515 0.023178
v -0.000000 0.430766 0.024250
v -0.000000 0.431016 0.025466
v -0.000000 0.428969 0.029420
v 0.000000 0.304711 0.031481
v 0.000000 0.291178 0.037495
v -0.000000 0.267759 0.056580
v -0.000000 0.246528 0.068083
v -0.000000 0.222011 0.070408
v -0.000000 0.006211 0.070408
v -0.000000 0.000239 0.066292
v -0.000000 0.000239 0.058642
v -0.000000 0.035862 0.032457
v 0.013326 0.051179 0.032171
v 0.021512 0.032309 0.051935
v 0.021512 0.220113 0.051935
v 0.018114 0.259139 0.043732
v 0.006080 0.300259 0.014678
v 0.006080 0.428009 0.014678
v 0.006371 0.428259 0.015380
v 0.006638 0.428510 0.016025
v 0.006889 0.428761 0.016632
v 0.007132 0.429011 0.017219
v 0.007376 0.429262 0.017806
v 0.007627 0.429512 0.018413
v 0.007894 0.429763 0.019058
v 0.008185 0.430014 0.019760
v 0.008508 0.430264 0.020539
v 0.008870 0.430515 0.021414
v 0.009280 0.430766 0.022404
v 0.009745 0.431016 0.023528
v 0.011259 0.428969 0.027181
v 0.012047 0.304711 0.029084
v 0.014349 0.291178 0.034641
v 0.021652 0.267759 0.052273
v 0.026054 0.246528 0.062901
v 0.026944 0.222011 0.065049
v 0.026944 0.006211 0.065049
v 0.025369 0.000239 0.061246
v 0.022441 0.000239 0.054178
v 0.012421 0.035862 0.029987
v 0.024622 0.051179 0.024622
v 0.039749 0.032309 0.039749
v 0.039749 0.220113 0.039749
v 0.033471 0.259139 0.033471
v 0.011234 0.300259 0.011234
v 0.011234 0.428009 0.011234
v 0.011771 0.428259 0.011771
v 0.012265 0.428510 0.012265
v 0.012729 0.428761 0.012729
v 0.013179 0.429011 0.013179
v 0.013628 0.429262 0.013628
v 0.014093 0.429512 0.014093
v 0.014586 0.429763 0.014586
v 0.015124 0.430014 0.015124
v 0.015720 0.430264 0.015720
v 0.016390 0.430515 0.016390
v 0.017147 0.430766 0.017147
v 0.018007 0.431016 0.018007
v 0.020803 0.428969 0.020803
v 0.022260 0.304711 0.022260
v 0.026513 0.291178 0.026513
v 0.040008 0.267759 0.040008
v 0.048142 0.246528 0.048142
v 0.049786 0.222011 0.049786
v 0.049786 0.006211 0.049786
v 0.046876 0.000239 0.046876
v 0.041466 0.000239 0.041466
v 0.022951 0.035862 0.022951
v 0.032171 0.051179 0.013326
v 0.051935 0.032309 0.021512
v 0.051935 0.220113 0.021512
v 0.043732 0.259139 0.018114
v 0.014678 0.300259 0.006080
v 0.014678 0.428009 0.006080
v 0.015380 0.428259 0.006371
v 0.016025 0.428510 0.006638
v 0.016632 0.428761 0.006889
v 0.017219 0.429011 0.007132
v 0.017806 0.429262 0.007376
v 0.018413 0.429512 0.007627
v 0.019058 0.429763 0.007894
v 0.019760 0.430014 0.008185
v 0.020539 0.430264 0.008508
v 0.021414 0.430515 0.008870
v 0.022404 0.430766 0.009280
v 0.023528 0.431016 0.009746
v 0.027181 0.428969 0.011259
v 0.029084 0.304711 0.012047
v 0.034641 0.291178 0.014349
v 0.052273 0.267759 0.021652
v 0.062901 0.246528 0.026054
v 0.065049 0.222011 0.026944
v 0.065049 0.006211 0.026944
v 0.061246 0.000239 0.025369
v 0.054178 0.000239 0.022441
v 0.029987 0.035862 0.012421
vn -0.0000 1.0000 -0.0000
vn 0.4914 0.8709 -0.0000
vn 0.4540 0.8709 -0.1880
vn 0.3475 0.8709 -0.3475
vn 0.1880 0.8709 -0.4540
vn -0.0000 0.8709 -0.4914
vn -0.1880 0.8709 -0.4540
vn -0.3475 0.8709 -0.3475
vn -0.4540 0.8709 -0.1880
vn -0.4914 0.8709 -0.0000
vn -0.4540 0.8709 0.1880
vn -0.3475 0.8709 0.3475
vn -0.1880 0.8709 0.4540
vn -0.0000 0.8709 0.4914
vn 0.1880 0.8709 0.4540
vn 0.3475 0.8709 0.3475
vn 0.4540 0.8709 0.1880
vn -0.4593 0.8676 0.1903
vn -0.3516 0.8676 0.3516
vn -0.1903 0.8676 0.4593
vn -0.0000 0.8676 0.4972
vn 0.1903 0.8676 0.4593
vn 0.3516 0.8676 0.3516
vn 0.4972 0.8676 -0.0000
vn 0.4593 0.8676 -0.1903
vn 0.3516 0.8676 -0.3516
vn 0.1903 0.8676 -0.4593
vn -0.0000 0.8676 -0.4972
vn -0.1903 0.8676 -0.4593
vn -0.3516 0.8676 -0.3516
vn -0.4593 0.8676 -0.1903
vn -0.9939 -0.1101 -0.0000
vn -0.4972 0.8676 -0.0000
vn -0.9183 -0.1101 0.3804
vn -0.7028 -0.1101 0.7028
vn -0.3804 -0.1101 0.9183
vn -0.0000 -0.1101 0.9939
vn 0.3804 -0.1101 0.9183
vn 0.7028 -0.1101 0.7028
vn 0.4593 0.8676 0.1903
vn 0.9939 -0.1101 -0.0000
vn 0.9183 -0.1101 -0.3804
vn 0.7028 -0.1101 -0.7028
vn -0.0000 -0.1101 -0.9939
vn -0.3804 -0.1101 -0.9183
vn -0.7028 -0.1101 -0.7028
vn -0.9183 -0.1101 -0.3804
vn -0.9100 -0.4146 -0.0000
vn -0.8408 -0.4146 0.3483
vn -0.6435 -0.4146 0.6435
vn -0.3483 -0.4146 0.8408
vn -0.0000 -0.4146 0.9100
vn 0.3483 -0.4146 0.8408
vn 0.6435 -0.4146 0.6435
vn 0.9183 -0.1101 0.3804
vn 0.8408 -0.4146 0.3483
vn 0.9100 -0.4146 -0.0000
vn 0.8408 -0.4146 -0.3483
vn 0.6435 -0.4146 -0.6435
vn 0.3804 -0.1101 -0.9183
vn 0.3483 -0.4146 -0.8408
vn -0.0000 -0.4146 -0.9100
vn -0.3483 -0.4146 -0.8408
vn -0.6435 -0.4146 -0.6435
vn -0.8408 -0.4146 -0.3483
vn -0.9428 -0.3335 -0.0000
vn -0.8710 -0.3335 0.3608
vn -0.6666 -0.3335 0.6666
vn -0.3608 -0.3335 0.8710
vn -0.0000 -0.3335 0.9428
vn 0.3608 -0.3335 0.8710
vn 0.6666 -0.3335 0.6666
vn 0.8710 -0.3335 0.3608
vn 0.9428 -0.3335 -0.0000
vn 0.8710 -0.3335 -0.3608
vn 0.6666 -0.3335 -0.6666
vn 0.3608 -0.3335 -0.8710
vn -0.0000 -0.3335 -0.9428
vn -0.3608 -0.3335 -0.8710
vn -0.6666 -0.3335 -0.6666
vn -0.8710 -0.3335 -0.3608
vn -0.7820 0.6233 -0.0000
vn -0.7225 0.6233 0.2993
vn -0.5530 0.6233 0.5529
vn -0.2993 0.6233 0.7225
vn -0.0000 0.6233 0.7820
vn 0.2992 0.6233 0.7225
vn 0.5530 0.6233 0.5529
vn 0.7225 0.6233 0.2992
vn 0.7820 0.6233 -0.0000
vn 0.7225 0.6233 -0.2993
vn 0.5529 0.6233 -0.5529
vn 0.2993 0.6233 -0.7225
vn -0.0000 0.6233 -0.7820
vn -0.2993 0.6233 -0.7225
vn -0.5530 0.6233 -0.5529
vn -0.7225 0.6233 -0.2993
vn -0.3021 0.9450 0.1251
vn -0.2312 0.9450 0.2312
vn -0.1251 0.9450 0.3021
vn -0.0000 0.9450 0.3270
vn 0.1251 0.9450 0.3021
vn 0.2312 0.9450 0.2312
vn 0.3021 0.9450 0.1251
vn 0.3270 0.9450 -0.0000
vn 0.3021 0.9450 -0.1251
vn 0.2312 0.9450 -0.2312
vn 0.1251 0.9450 -0.3021
vn -0.0000 0.9450 -0.3270
vn -0.1251 0.9450 -0.3021
vn -0.2312 0.9450 -0.2312
vn -0.3021 0.9450 -0.1251
vn -0.3270 0.9450 -0.0000
vn -0.3219 0.9373 0.1333
vn -0.2463 0.9374 0.2463
vn -0.1333 0.9374 0.3218
vn -0.0000 0.9374 0.3484
vn 0.1333 0.9374 0.3218
vn 0.2463 0.9374 0.2463
vn 0.3218 0.9374 0.1333
vn 0.3484 0.9374 -0.0000
vn 0.3219 0.9374 -0.1333
vn 0.2464 0.9374 -0.2463
vn 0.1333 0.9374 -0.3218
vn -0.0000 0.9374 -0.3484
vn -0.1333 0.9374 -0.3218
vn -0.2463 0.9374 -0.2463
vn -0.3218 0.9374 -0.1333
vn -0.3484 0.9373 -0.0000
vn -0.3347 0.9321 0.1386
vn -0.2561 0.9321 0.2561
vn -0.1386 0.9321 0.3347
vn -0.0000 0.9321 0.3622
vn 0.1386 0.9321 0.3347
vn 0.2561 0.9321 0.2561
vn 0.3347 0.9321 0.1386
vn 0.3623 0.9321 -0.0000
vn 0.3347 0.9321 -0.1386
vn 0.2561 0.9321 -0.2561
vn 0.1386 0.9321 -0.3347
vn -0.0000 0.9321 -0.3622
vn -0.1386 0.9321 -0.3347
vn -0.2561 0.9321 -0.2561
vn -0.3347 0.9321 -0.1386
vn -0.3623 0.9321 -0.0000
vn -0.3388 0.9303 0.1403
vn -0.2593 0.9303 0.2593
vn -0.1403 0.9303 0.3388
vn -0.0000 0.9303 0.3667
vn 0.1403 0.9303 0.3388
vn 0.2593 0.9303 0.2593
vn 0.3388 0.9303 0.1403
vn 0.3667 0.9303 -0.0000
vn 0.3387 0.9304 -0.1403
vn 0.2593 0.9303 -0.2593
vn 0.1403 0.9303 -0.3388
vn -0.0000 0.9303 -0.3667
vn -0.1403 0.9303 -0.3388
vn -0.2593 0.9303 -0.2593
vn -0.3388 0.9303 -0.1403
vn -0.3667 0.9303 -0.0000
vn -0.3336 0.9325 0.1382
vn -0.2553 0.9325 0.2553
vn -0.1382 0.9325 0.3336
vn -0.0000 0.9325 0.3611
vn 0.1382 0.9325 0.3336
vn 0.2553 0.9325 0.2553
vn 0.3336 0.9325 0.1382
vn 0.3611 0.9325 -0.0000
vn 0.3335 0.9326 -0.1382
vn 0.2553 0.9325 -0.2553
vn 0.1382 0.9325 -0.3336
vn -0.0000 0.9325 -0.3611
vn -0.1382 0.9325 -0.3336
vn -0.2553 0.9325 -0.2553
vn -0.3336 0.9325 -0.1382
vn -0.3611 0.9325 -0.0000
vn -0.3198 0.9382 0.1325
vn -0.2448 0.9382 0.2448
vn -0.1325 0.9382 0.3198
vn -0.0000 0.9382 0.3462
vn 0.1325 0.9382 0.3198
vn 0.2448 0.9382 0.2448
vn 0.3198 0.9382 0.1325
vn 0.3462 0.9382 -0.0000
vn 0.3198 0.9382 -0.1325
vn 0.2448 0.9382 -0.2448
vn 0.1325 0.9382 -0.3198
vn -0.0000 0.9382 -0.3462
vn -0.1325 0.9382 -0.3198
vn -0.2448 0.9382 -0.2448
vn -0.3198 0.9382 -0.1325
vn -0.3462 0.9382 -0.0000
vn -0.2994 0.9460 0.1240
vn -0.2291 0.9460 0.2291
vn -0.1240 0.9460 0.2994
vn -0.0000 0.9460 0.3240
vn 0.1240 0.9460 0.2994
vn 0.2291 0.9460 0.2291
vn 0.2994 0.9460 0.1240
vn 0.3241 0.9460 -0.0000
vn 0.2994 0.9460 -0.1240
vn 0.2291 0.9460 -0.2291
vn 0.1240 0.9460 -0.2994
vn -0.0000 0.9460 -0.3240
vn -0.1240 0.9460 -0.2994
vn -0.2291 0.9460 -0.2291
vn -0.2994 0.9460 -0.1240
vn -0.3241 0.9460 -0.0000
vn -0.2747 0.9548 0.1138
vn -0.2103 0.9548 0.2102
vn -0.1138 0.9548 0.2747
vn -0.0000 0.9548 0.2973
vn 0.1138 0.9548 0.2747
vn 0.2102 0.9548 0.2102
vn 0.2747 0.9548 0.1138
vn 0.2973 0.9548 -0.0000
vn 0.2747 0.9548 -0.1138
vn 0.2103 0.9548 -0.2102
vn 0.1138 0.9548 -0.2747
vn -0.0000 0.9548 -0.2973
vn -0.1138 0.9548 -0.2747
vn -0.2102 0.9548 -0.2102
vn -0.2747 0.9548 -0.1138
vn -0.2973 0.9548 -0.0000
vn -0.2482 0.9632 0.1028
vn -0.1900 0.9632 0.1900
vn -0.1028 0.9632 0.2482
vn -0.0000 0.9632 0.2687
vn 0.1028 0.9632 0.2482
vn 0.1900 0.9632 0.1900
vn 0.2482 0.9632 0.1028
vn 0.2687 0.9632 -0.0000
vn 0.2482 0.9632 -0.1028
vn 0.1900 0.9632 -0.1900
vn 0.1028 0.9632 -0.2482
vn -0.0000 0.9632 -0.2687
vn -0.1028 0.9632 -0.2482
vn -0.1899 0.9632 -0.1900
vn -0.2482 0.9632 -0.1028
vn -0.2687 0.9632 -0.0000
vn -0.2219 0.9707 0.0919
vn -0.1698 0.9707 0.1698
vn -0.0919 0.9707 0.2219
vn -0.0000 0.9707 0.2401
vn 0.0919 0.9707 0.2219
vn 0.1698 0.9707 0.1698
vn 0.2219 0.9707 0.0919
vn 0.2401 0.9707 -0.0000
vn 0.2219 0.9707 -0.0919
vn 0.1698 0.9707 -0.1698
vn 0.0919 0.9707 -0.2219
vn -0.0000 0.9707 -0.2401
vn -0.0919 0.9707 -0.2219
vn -0.1698 0.9707 -0.1698
vn -0.2218 0.9707 -0.0919
vn -0.2401 0.9707 -0.0000
vn -0.1970 0.9770 0.0816
vn -0.1507 0.9770 0.1507
vn -0.0816 0.9770 0.1969
vn -0.0000 0.9770 0.2132
vn 0.0816 0.9770 0.1970
vn 0.1507 0.9770 0.1507
vn 0.1969 0.9770 0.0816
vn 0.2132 0.9770 -0.0000
vn 0.1970 0.9770 -0.0816
vn 0.1507 0.9770 -0.1507
vn 0.0816 0.9770 -0.1969
vn -0.0000 0.9770 -0.2132
vn -0.0816 0.9770 -0.1970
vn -0.1507 0.9770 -0.1507
vn -0.1969 0.9770 -0.0816
vn -0.2132 0.9770 -0.0000
vn 0.1638 0.9842 -0.0678
vn 0.1254 0.9842 -0.1254
vn 0.0678 0.9842 -0.1638
vn -0.0000 0.9842 -0.1773
vn -0.0678 0.9842 -0.1638
vn -0.1254 0.9842 -0.1254
vn -0.1638 0.9842 -0.0678
vn -0.1773 0.9842 -0.0000
vn -0.1638 0.9842 0.0678
vn -0.1254 0.9842 0.1254
vn -0.0678 0.9842 0.1638
vn -0.0000 0.9842 0.1773
vn 0.0678 0.9842 0.1638
vn 0.1254 0.9842 0.1254
vn 0.1638 0.9842 0.0678
vn 0.1773 0.9842 -0.0000
vn 0.8660 0.5001 -0.0000
vn 0.8000 0.5001 -0.3314
vn 0.6123 0.5001 -0.6123
vn 0.3314 0.5001 -0.8000
vn -0.0000 0.5001 -0.8660
vn -0.3314 0.5001 -0.8000
vn -0.6123 0.5001 -0.6123
vn -0.8000 0.5001 -0.3314
vn -0.8660 0.5001 -0.0000
vn -0.8000 0.5001 0.3314
vn -0.6123 0.5001 0.6123
vn -0.3314 0.5001 0.8000
vn -0.0000 0.5001 0.8660
vn 0.3314 0.5001 0.8000
vn 0.6123 0.5001 0.6123
vn 0.8000 0.5001 0.3314
vn 0.9753 0.2211 -0.0000
vn 0.9010 0.2211 -0.3732
vn 0.6896 0.2211 -0.6896
vn 0.3732 0.2211 -0.9010
vn -0.0000 0.2211 -0.9753
vn -0.3732 0.2211 -0.9010
vn -0.6896 0.2211 -0.6896
vn -0.9010 0.2211 -0.3732
vn -0.9753 0.2211 -0.0000
vn -0.9010 0.2211 0.3732
vn -0.6896 0.2211 0.6896
vn -0.3732 0.2211 0.9010
vn -0.0000 0.2211 0.9753
vn 0.3732 0.2211 0.9010
vn 0.6896 0.2211 0.6896
vn 0.9010 0.2211 0.3732
vn 0.8474 0.5310 -0.0000
vn 0.7829 0.5310 -0.3243
vn 0.5992 0.5310 -0.5992
vn 0.3243 0.5310 -0.7829
vn -0.0000 0.5310 -0.8474
vn -0.3243 0.5310 -0.7829
vn -0.7829 0.5310 -0.3243
vn -0.8474 0.5310 -0.0000
vn -0.7829 0.5310 0.3243
vn -0.5992 0.5310 0.5992
vn -0.3243 0.5310 0.7829
vn -0.0000 0.5310 0.8474
vn 0.3243 0.5310 0.7829
vn 0.5992 0.5310 0.5992
vn 0.7829 0.5310 0.3243
vn 0.7709 0.5512 -0.3193
vn 0.5900 0.5512 -0.5900
vn 0.3193 0.5512 -0.7709
vn -0.0000 0.5512 -0.8344
vn -0.3193 0.5512 -0.7709
vn -0.5900 0.5512 -0.5900
vn -0.5992 0.5310 -0.5992
vn -0.7709 0.5512 -0.3193
vn -0.8344 0.5512 -0.0000
vn -0.7709 0.5512 0.3193
vn -0.5900 0.5512 0.5900
vn -0.3193 0.5512 0.7709
vn -0.0000 0.5512 0.8344
vn 0.3193 0.5512 0.7709
vn 0.5900 0.5512 0.5900
vn 0.7709 0.5512 0.3193
vn 0.8344 0.5512 -0.0000
vn 0.9587 0.2846 -0.0000
vn 0.8857 0.2846 -0.3669
vn 0.6779 0.2846 -0.6779
vn 0.3669 0.2846 -0.8857
vn -0.0000 0.2846 -0.9587
vn -0.3669 0.2846 -0.8857
vn -0.6779 0.2846 -0.6779
vn -0.8857 0.2846 -0.3669
vn -0.9587 0.2846 -0.0000
vn -0.8857 0.2846 0.3669
vn -0.6779 0.2846 0.6779
vn -0.3669 0.2846 0.8857
vn -0.0000 0.2846 0.9587
vn 0.3669 0.2846 0.8857
vn 0.6779 0.2846 0.6779
vn 0.8857 0.2846 0.3669
vn 0.9989 0.0470 -0.0000
vn 0.9229 0.0470 -0.3823
vn 0.7063 0.0470 -0.7063
vn 0.3823 0.0470 -0.9229
vn -0.0000 0.0470 -0.9989
vn -0.3823 0.0470 -0.9229
vn -0.7063 0.0470 -0.7063
vn -0.9229 0.0470 -0.3823
vn -0.9989 0.0470 -0.0000
vn -0.9229 0.0470 0.3823
vn -0.7063 0.0470 0.7063
vn -0.3823 0.0470 0.9229
vn -0.0000 0.0470 0.9989
vn 0.3823 0.0470 0.9229
vn 0.7063 0.0470 0.7063
vn 0.9229 0.0470 0.3823
vn 0.9579 -0.2872 -0.0000
vn 0.8850 -0.2872 -0.3666
vn 0.6773 -0.2872 -0.6773
vn 0.3666 -0.2872 -0.8850
vn -0.0000 -0.2872 -0.9579
vn -0.3666 -0.2872 -0.8850
vn -0.6773 -0.2872 -0.6773
vn -0.8850 -0.2872 -0.3666
vn -0.9579 -0.2872 -0.0000
vn -0.8850 -0.2872 0.3666
vn -0.6773 -0.2872 0.6773
vn -0.3666 -0.2872 0.8850
vn -0.0000 -0.2872 0.9579
vn 0.3666 -0.2872 0.8850
vn 0.6773 -0.2872 0.6773
vn 0.8850 -0.2872 0.3666
vn 0.5081 -0.8613 -0.0000
vn 0.4695 -0.8613 -0.1945
vn 0.3593 -0.8613 -0.3593
vn -0.0000 -0.8613 -0.5081
vn -0.1945 -0.8613 -0.4695
vn -0.4695 -0.8613 -0.1945
vn -0.5081 -0.8613 -0.0000
vn -0.4695 -0.8613 0.1945
vn -0.1945 -0.8613 0.4695
vn -0.0000 -0.8613 0.5081
vn 0.1945 -0.8613 0.4695
vn 0.4695 -0.8613 0.1945
vn -0.3736 -0.9146 0.1548
vn -0.2860 -0.9146 0.2860
vn -0.1548 -0.9146 0.3736
vn 0.1945 -0.8613 -0.4695
vn -0.0000 -0.9146 0.4044
vn 0.1548 -0.9146 0.3736
vn 0.2860 -0.9146 0.2860
vn -0.3593 -0.8613 -0.3593
vn 0.3736 -0.9146 0.1548
vn 0.3736 -0.9146 -0.1548
vn 0.2860 -0.9146 -0.2860
vn -0.3593 -0.8613 0.3593
vn 0.1548 -0.9146 -0.3736
vn -0.0000 -0.9146 -0.4044
vn -0.2860 -0.9146 -0.2860
vn 0.3593 -0.8613 0.3593
vn -0.4044 -0.9146 -0.0000
vn -0.5392 -0.8120 0.2233
vn -0.4127 -0.8120 0.4127
vn -0.2233 -0.8120 0.5392
vn -0.0000 -0.8120 0.5836
vn 0.2233 -0.8120 0.5392
vn 0.5392 -0.8120 0.2233
vn 0.5836 -0.8120 -0.0000
vn 0.4044 -0.9146 -0.0000
vn 0.5392 -0.8120 -0.2233
vn 0.4127 -0.8120 -0.4127
vn -0.0000 -0.8120 -0.5836
vn -0.1548 -0.9146 -0.3736
vn -0.2233 -0.8120 -0.5392
vn -0.5392 -0.8120 -0.2233
vn -0.3736 -0.9146 -0.1548
vn -0.5836 -0.8120 -0.0000
vn -0.0000 -1.0000 -0.0000
vn 0.4127 -0.8120 0.4127
vn 0.2233 -0.8120 -0.5392
vn -0.4127 -0.8120 -0.4127
vt 0.031250 0.060233
vt 0.000000 0.051179
vt 0.062500 0.051179
vt 0.093750 0.060233
vt 0.125000 0.051179
vt 0.156250 0.060233
vt 0.187500 0.051179
vt 0.218750 0.060233
vt 0.250000 0.051179
vt 0.281250 0.060233
vt 0.312500 0.051179
vt 0.343750 0.060233
vt 0.375000 0.051179
vt 0.406250 0.060233
vt 0.437500 0.051179
vt 0.468750 0.060233
vt 0.500000 0.051179
vt 0.531250 0.060233
vt 0.562500 0.051179
vt 0.593750 0.060233
vt 0.625000 0.051179
vt 0.656250 0.060233
vt 0.687500 0.051179
vt 0.718750 0.060233
vt 0.750000 0.051179
vt 0.781250 0.060233
vt 0.812500 0.051179
vt 0.843750 0.060233
vt 0.875000 0.051179
vt 0.906250 0.060233
vt 0.937500 0.051179
vt 0.968750 0.060233
vt 1.000000 0.051179
vt 0.062500 0.032309
vt 0.125000 0.032309
vt 0.187500 0.032309
vt 0.250000 0.032309
vt 0.312500 0.032309
vt 0.375000 0.032309
vt 0.500000 0.032309
vt 0.562500 0.032309
vt 0.625000 0.032309
vt 0.687500 0.032309
vt 0.750000 0.032309
vt 0.812500 0.032309
vt 0.875000 0.032309
vt 0.937500 0.032309
vt 0.000000 0.220113
vt 0.000000 0.032309
vt 0.062500 0.220113
vt 0.125000 0.220113
vt 0.187500 0.220113
vt 0.250000 0.220113
vt 0.312500 0.220113
vt 0.375000 0.220113
vt 0.437500 0.032309
vt 0.500000 0.220113
vt 0.562500 0.220113
vt 0.625000 0.220113
vt 0.750000 0.220113
vt 0.812500 0.220113
vt 0.875000 0.220113
vt 0.937500 0.220113
vt 1.000000 0.032309
vt 0.000000 0.259139
vt 0.062500 0.259139
vt 0.125000 0.259139
vt 0.187500 0.259139
vt 0.250000 0.259139
vt 0.312500 0.259139
vt 0.375000 0.259139
vt 0.437500 0.220113
vt 0.437500 0.259139
vt 0.500000 0.259139
vt 0.562500 0.259139
vt 0.625000 0.259139
vt 0.687500 0.220113
vt 0.687500 0.259139
vt 0.750000 0.259139
vt 0.812500 0.259139
vt 0.875000 0.259139
vt 0.937500 0.259139
vt 1.000000 0.220113
vt 0.000000 0.300259
vt 0.062500 0.300259
vt 0.125000 0.300259
vt 0.187500 0.300259
vt 0.250000 0.300259
vt 0.312500 0.300259
vt 0.375000 0.300259
vt 0.437500 0.300259
vt 0.500000 0.300259
vt 0.562500 0.300259
vt 0.625000 0.300259
vt 0.687500 0.300259
vt 0.750000 0.300259
vt 0.812500 0.300259
vt 0.875000 0.300259
vt 0.937500 0.300259
vt 1.000000 0.259139
vt 0.000000 0.428009
vt 0.062500 0.428009
vt 0.125000 0.428009
vt 0.187500 0.428009
vt 0.250000 0.428009
vt 0.312500 0.428009
vt 0.375000 0.428009
vt 0.437500 0.428009
vt 0.500000 0.428009
vt 0.562500 0.428009
vt 0.625000 0.428009
vt 0.687500 0.428009
vt 0.750000 0.428009
vt 0.812500 0.428009
vt 0.875000 0.428009
vt 0.937500 0.428009
vt 1.000000 0.300259
vt 0.062500 0.428259
vt 0.125000 0.428259
vt 0.187500 0.428259
vt 0.250000 0.428259
vt 0.312500 0.428259
vt 0.375000 0.428259
vt 0.437500 0.428259
vt 0.500000 0.428259
vt 0.562500 0.428259
vt 0.625000 0.428259
vt 0.687500 0.428259
vt 0.750000 0.428259
vt 0.812500 0.428259
vt 0.875000 0.428259
vt 0.937500 0.428259
vt 1.000000 0.428259
vt 1.000000 0.428009
vt 0.000000 0.428259
vt 0.062500 0.428510
vt 0.125000 0.428510
vt 0.187500 0.428510
vt 0.250000 0.428510
vt 0.312500 0.428510
vt 0.375000 0.428510
vt 0.437500 0.428510
vt 0.500000 0.428510
vt 0.562500 0.428510
vt 0.625000 0.428510
vt 0.687500 0.428510
vt 0.750000 0.428510
vt 0.812500 0.428510
vt 0.875000 0.428510
vt 0.937500 0.428510
vt 1.000000 0.428510
vt 0.000000 0.428510
vt 0.062500 0.428761
vt 0.125000 0.428761
vt 0.187500 0.428761
vt 0.250000 0.428761
vt 0.312500 0.428761
vt 0.375000 0.428761
vt 0.437500 0.428761
vt 0.500000 0.428761
vt 0.562500 0.428761
vt 0.625000 0.428761
vt 0.687500 0.428761
vt 0.750000 0.428761
vt 0.812500 0.428761
vt 0.875000 0.428761
vt 0.937500 0.428761
vt 1.000000 0.428761
vt 0.000000 0.428761
vt 0.062500 0.429011
vt 0.125000 0.429011
vt 0.187500 0.429011
vt 0.250000 0.429011
vt 0.312500 0.429011
vt 0.375000 0.429011
vt 0.437500 0.429011
vt 0.500000 0.429011
vt 0.562500 0.429011
vt 0.625000 0.429011
vt 0.687500 0.429011
vt 0.750000 0.429011
vt 0.812500 0.429011
vt 0.875000 0.429011
vt 0.937500 0.429011
vt 1.000000 0.429011
vt 0.000000 0.429011
vt 0.062500 0.429262
vt 0.125000 0.429262
vt 0.187500 0.429262
vt 0.250000 0.429262
vt 0.312500 0.429262
vt 0.375000 0.429262
vt 0.437500 0.429262
vt 0.500000 0.429262
vt 0.562500 0.429262
vt 0.625000 0.429262
vt 0.687500 0.429262
vt 0.750000 0.429262
vt 0.812500 0.429262
vt 0.875000 0.429262
vt 0.937500 0.429262
vt 1.000000 0.429262
vt 0.000000 0.429262
vt 0.062500 0.429512
vt 0.125000 0.429512
vt 0.187500 0.429512
vt 0.250000 0.429512
vt 0.312500 0.429512
vt 0.375000 0.429512
vt 0.437500 0.429512
vt 0.500000 0.429512
vt 0.562500 0.429512
vt 0.625000 0.429512
vt 0.687500 0.429512
vt 0.750000 0.429512
vt 0.812500 0.429512
vt 0.875000 0.429512
vt 0.937500 0.429512
vt 1.000000 0.429512
vt 0.000000 0.429512
vt 0.062500 0.429763
vt 0.125000 0.429763
vt 0.187500 0.429763
vt 0.250000 0.429763
vt 0.312500 0.429763
vt 0.375000 0.429763
vt 0.437500 0.429763
vt 0.500000 0.429763
vt 0.562500 0.429763
vt 0.625000 0.429763
vt 0.687500 0.429763
vt 0.750000 0.429763
vt 0.812500 0.429763
vt 0.875000 0.429763
vt 0.937500 0.429763
vt 1.000000 0.429763
vt 0.000000 0.429763
vt 0.062500 0.430014
vt 0.125000 0.430014
vt 0.187500 0.430014
vt 0.250000 0.430014
vt 0.312500 0.430014
vt 0.375000 0.430014
vt 0.437500 0.430014
vt 0.500000 0.430014
vt 0.562500 0.430014
vt 0.625000 0.430014
vt 0.687500 0.430014
vt 0.750000 0.430014
vt 0.812500 0.430014
vt 0.875000 0.430014
vt 0.937500 0.430014
vt 1.000000 0.430014
vt 0.000000 0.430014
vt 0.062500 0.430264
vt 0.125000 0.430264
vt 0.187500 0.430264
vt 0.250000 0.430264
vt 0.312500 0.430264
vt 0.375000 0.430264
vt 0.437500 0.430264
vt 0.500000 0.430264
vt 0.562500 0.430264
vt 0.625000 0.430264
vt 0.687500 0.430264
vt 0.750000 0.430264
vt 0.812500 0.430264
vt 0.875000 0.430264
vt 0.937500 0.430264
vt 1.000000 0.430264
vt 0.000000 0.430264
vt 0.062500 0.430515
vt 0.125000 0.430515
vt 0.187500 0.430515
vt 0.250000 0.430515
vt 0.312500 0.430515
vt 0.375000 0.430515
vt 0.437500 0.430515
vt 0.500000 0.430515
vt 0.562500 0.430515
vt 0.625000 0.430515
vt 0.687500 0.430515
vt 0.750000 0.430515
vt 0.812500 0.430515
vt 0.875000 0.430515
vt 0.937500 0.430515
vt 1.000000 0.430515
vt 0.000000 0.430515
vt 0.062500 0.430766
vt 0.125000 0.430766
vt 0.187500 0.430766
vt 0.250000 0.430766
vt 0.312500 0.430766
vt 0.375000 0.430766
vt 0.437500 0.430766
vt 0.500000 0.430766
vt 0.562500 0.430766
vt 0.625000 0.430766
vt 0.687500 0.430766
vt 0.750000 0.430766
vt 0.812500 0.430766
vt 0.875000 0.430766
vt 0.937500 0.430766
vt 1.000000 0.430766
vt 0.000000 0.430766
vt 0.062500 0.431016
vt 0.125000 0.431016
vt 0.187500 0.431016
vt 0.250000 0.431016
vt 0.312500 0.431016
vt 0.375000 0.431016
vt 0.437500 0.431016
vt 0.500000 0.431016
vt 0.562500 0.431016
vt 0.625000 0.431016
vt 0.687500 0.431016
vt 0.750000 0.431016
vt 0.812500 0.431016
vt 0.875000 0.431016
vt 0.937500 0.431016
vt 1.000000 0.431016
vt 0.000000 0.428969
vt 0.000000 0.431016
vt 0.062500 0.428969
vt 0.125000 0.428969
vt 0.187500 0.428969
vt 0.250000 0.428969
vt 0.312500 0.428969
vt 0.375000 0.428969
vt 0.437500 0.428969
vt 0.500000 0.428969
vt 0.562500 0.428969
vt 0.625000 0.428969
vt 0.687500 0.428969
vt 0.750000 0.428969
vt 0.812500 0.428969
vt 0.875000 0.428969
vt 0.937500 0.428969
vt 0.000000 0.304711
vt 0.062500 0.304711
vt 0.125000 0.304711
vt 0.187500 0.304711
vt 0.250000 0.304711
vt 0.312500 0.304711
vt 0.375000 0.304711
vt 0.437500 0.304711
vt 0.500000 0.304711
vt 0.562500 0.304711
vt 0.625000 0.304711
vt 0.687500 0.304711
vt 0.750000 0.304711
vt 0.812500 0.304711
vt 0.875000 0.304711
vt 0.937500 0.304711
vt 1.000000 0.428969
vt 0.000000 0.291178
vt 0.062500 0.291178
vt 0.125000 0.291178
vt 0.187500 0.291178
vt 0.250000 0.291178
vt 0.312500 0.291178
vt 0.437500 0.291178
vt 0.500000 0.291178
vt 0.562500 0.291178
vt 0.625000 0.291178
vt 0.687500 0.291178
vt 0.750000 0.291178
vt 0.812500 0.291178
vt 0.875000 0.291178
vt 0.937500 0.291178
vt 1.000000 0.304711
vt 0.062500 0.267759
vt 0.125000 0.267759
vt 0.187500 0.267759
vt 0.250000 0.267759
vt 0.312500 0.267759
vt 0.375000 0.267759
vt 0.375000 0.291178
vt 0.437500 0.267759
vt 0.500000 0.267759
vt 0.562500 0.267759
vt 0.625000 0.267759
vt 0.687500 0.267759
vt 0.750000 0.267759
vt 0.812500 0.267759
vt 0.875000 0.267759
vt 0.937500 0.267759
vt 1.000000 0.267759
vt 1.000000 0.291178
vt 0.000000 0.246528
vt 0.000000 0.267759
vt 0.062500 0.246528
vt 0.125000 0.246528
vt 0.187500 0.246528
vt 0.250000 0.246528
vt 0.312500 0.246528
vt 0.375000 0.246528
vt 0.437500 0.246528
vt 0.500000 0.246528
vt 0.562500 0.246528
vt 0.625000 0.246528
vt 0.687500 0.246528
vt 0.750000 0.246528
vt 0.812500 0.246528
vt 0.875000 0.246528
vt 0.937500 0.246528
vt 0.000000 0.222011
vt 0.062500 0.222011
vt 0.125000 0.222011
vt 0.187500 0.222011
vt 0.250000 0.222011
vt 0.312500 0.222011
vt 0.375000 0.222011
vt 0.437500 0.222011
vt 0.500000 0.222011
vt 0.562500 0.222011
vt 0.625000 0.222011
vt 0.687500 0.222011
vt 0.750000 0.222011
vt 0.812500 0.222011
vt 0.875000 0.222011
vt 0.937500 0.222011
vt 1.000000 0.246528
vt 0.000000 0.006211
vt 0.062500 0.006211
vt 0.125000 0.006211
vt 0.187500 0.006211
vt 0.250000 0.006211
vt 0.312500 0.006211
vt 0.375000 0.006211
vt 0.437500 0.006211
vt 0.500000 0.006211
vt 0.562500 0.006211
vt 0.625000 0.006211
vt 0.687500 0.006211
vt 0.750000 0.006211
vt 0.812500 0.006211
vt 0.875000 0.006211
vt 0.937500 0.006211
vt 1.000000 0.222011
vt 0.000000 0.000239
vt 0.062500 0.000239
vt 0.125000 0.000239
vt 0.250000 0.000239
vt 0.312500 0.000239
vt 0.437500 0.000239
vt 0.500000 0.000239
vt 0.562500 0.000239
vt 0.687500 0.000239
vt 0.750000 0.000239
vt 0.812500 0.000239
vt 0.937500 0.000239
vt 1.000000 0.006211
vt 0.062500 0.000239
vt 0.125000 0.000239
vt 0.187500 0.000239
vt 0.187500 0.000239
vt 0.250000 0.000239
vt 0.312500 0.000239
vt 0.375000 0.000239
vt 0.375000 0.000239
vt 0.437500 0.000239
vt 0.562500 0.000239
vt 0.625000 0.000239
vt 0.625000 0.000239
vt 0.687500 0.000239
vt 0.750000 0.000239
vt 0.875000 0.000239
vt 0.875000 0.000239
vt 1.000000 0.000239
vt 1.000000 0.000239
vt 0.000000 0.000239
vt 0.062500 0.035862
vt 0.125000 0.035862
vt 0.187500 0.035862
vt 0.250000 0.035862
vt 0.312500 0.035862
vt 0.437500 0.035862
vt 0.500000 0.035862
vt 0.500000 0.000239
vt 0.562500 0.035862
vt 0.625000 0.035862
vt 0.750000 0.035862
vt 0.812500 0.000239
vt 0.812500 0.035862
vt 0.937500 0.035862
vt 0.937500 0.000239
vt 0.000000 0.035862
vt 0.031250 0.043844
vt 0.093750 0.043844
vt 0.156250 0.043844
vt 0.218750 0.043844
vt 0.281250 0.043844
vt 0.343750 0.043844
vt 0.375000 0.035862
vt 0.406250 0.043844
vt 0.468750 0.043844
vt 0.531250 0.043844
vt 0.593750 0.043844
vt 0.656250 0.043844
vt 0.687500 0.035862
vt 0.718750 0.043844
vt 0.781250 0.043844
vt 0.843750 0.043844
vt 0.875000 0.035862
vt 0.906250 0.043844
vt 0.968750 0.043844
vt 1.000000 0.035862
s 1
f 451/509/451 452/510/452 481/511/453
f 451/512/451 481/511/453 509/513/454
f 451/514/451 509/513/454 537/515/455
f 451/516/451 537/515/455 565/517/456
f 451/518/451 565/517/456 593/519/457
f 451/520/451 593/519/457 621/521/458
f 451/522/451 621/521/458 649/523/459
f 451/524/451 649/523/459 677/525/460
f 451/526/451 677/525/460 705/527/461
f 451/528/451 705/527/461 733/529/462
f 451/530/451 733/529/462 761/531/463
f 451/532/451 761/531/463 789/533/464
f 451/534/451 789/533/464 817/535/465
f 451/536/451 817/535/465 845/537/466
f 451/538/451 845/537/466 873/539/467
f 451/540/451 873/539/467 452/541/452
f 452/510/452 482/542/468 481/511/453
f 482/542/468 509/513/454 481/511/453
f 510/543/469 537/515/455 509/513/454
f 538/544/470 565/517/456 537/515/455
f 566/545/471 593/519/457 565/517/456
f 594/546/472 621/521/458 593/519/457
f 622/547/473 649/523/459 621/521/458
f 649/523/459 678/548/474 677/525/460
f 678/548/474 705/527/461 677/525/460
f 706/549/475 733/529/462 705/527/461
f 734/550/476 761/531/463 733/529/462
f 762/551/477 789/533/464 761/531/463
f 790/552/478 817/535/465 789/533/464
f 818/553/479 845/537/466 817/535/465
f 846/554/480 873/539/467 845/537/466
f 874/555/481 452/541/452 873/539/467
f 454/556/482 482/542/468 453/557/483
f 483/558/484 510/543/469 482/542/468
f 511/559/485 538/544/470 510/543/469
f 539/560/486 566/545/471 538/544/470
f 567/561/487 594/546/472 566/545/471
f 595/562/488 622/547/473 594/546/472
f 623/563/489 650/564/490 622/547/473
f 650/564/490 679/565/491 678/548/474
f 679/565/491 706/549/475 678/548/474
f 707/566/492 734/550/476 706/549/475
f 735/567/493 762/551/477 734/550/476
f 762/551/477 791/568/494 790/552/478
f 791/568/494 818/553/479 790/552/478
f 819/569/495 846/554/480 818/553/479
f 847/570/496 874/555/481 846/554/480
f 875/571/497 453/572/483 874/555/481
f 455/573/498 483/558/484 454/556/482
f 484/574/499 511/559/485 483/558/484
f 512/575/500 539/560/486 511/559/485
f 540/576/501 567/561/487 539/560/486
f 568/577/502 595/562/488 567/561/487
f 596/578/503 623/563/489 595/562/488
f 624/579/504 651/580/505 623/563/489
f 652/581/506 679/565/491 651/580/505
f 680/582/507 707/566/492 679/565/491
f 708/583/508 735/567/493 707/566/492
f 736/584/509 763/585/510 735/567/493
f 764/586/511 791/568/494 763/585/510
f 792/587/512 819/569/495 791/568/494
f 820/588/513 847/570/496 819/569/495
f 848/589/514 875/571/497 847/570/496
f 876/590/515 454/591/482 875/571/497
f 456/592/516 484/574/499 455/573/498
f 485/593/517 512/575/500 484/574/499
f 513/594/518 540/576/501 512/575/500
f 541/595/519 568/577/502 540/576/501
f 569/596/520 596/578/503 568/577/502
f 597/597/521 624/579/504 596/578/503
f 625/598/522 652/581/506 624/579/504
f 653/599/523 680/582/507 652/581/506
f 681/600/524 708/583/508 680/582/507
f 709/601/525 736/584/509 708/583/508
f 737/602/526 764/586/511 736/584/509
f 765/603/527 792/587/512 764/586/511
f 793/604/528 820/588/513 792/587/512
f 821/605/529 848/589/514 820/588/513
f 849/606/530 876/590/515 848/589/514
f 877/607/531 455/608/498 876/590/515
f 457/609/532 485/593/517 456/592/516
f 486/610/533 513/594/518 485/593/517
f 514/611/534 541/595/519 513/594/518
f 542/612/535 569/596/520 541/595/519
f 570/613/536 597/597/521 569/596/520
f 598/614/537 625/598/522 597/597/521
f 626/615/538 653/599/523 625/598/522
f 654/616/539 681/600/524 653/599/523
f 682/617/540 709/601/525 681/600/524
f 710/618/541 737/602/526 709/601/525
f 738/619/542 765/603/527 737/602/526
f 766/620/543 793/604/528 765/603/527
f 794/621/544 821/605/529 793/604/528
f 822/622/545 849/606/530 821/605/529
f 850/623/546 877/607/531 849/606/530
f 878/624/547 456/625/516 877/607/531
f 457/609/532 487/626/548 486/610/533
f 486/610/533 515/627/549 514/611/534
f 514/611/534 543/628/550 542/612/535
f 542/612/535 571/629/551 570/613/536
f 570/613/536 599/630/552 598/614/537
f 598/614/537 627/631/553 626/615/538
f 626/615/538 655/632/554 654/616/539
f 654/616/539 683/633/555 682/617/540
f 682/617/540 711/634/556 710/618/541
f 710/618/541 739/635/557 738/619/542
f 738/619/542 767/636/558 766/620/543
f 766/620/543 795/637/559 794/621/544
f 794/621/544 823/638/560 822/622/545
f 822/622/545 851/639/561 850/623/546
f 850/623/546 879/640/562 878/624/547
f 878/624/547 458/641/563 457/642/532
f 458/643/563 488/644/564 487/626/548
f 487/626/548 516/645/565 515/627/549
f 515/627/549 544/646/566 543/628/550
f 543/628/550 572/647/567 571/629/551
f 571/629/551 600/648/568 599/630/552
f 599/630/552 628/649/569 627/631/553
f 627/631/553 656/650/570 655/632/554
f 655/632/554 684/651/571 683/633/555
f 683/633/555 712/652/572 711/634/556
f 711/634/556 740/653/573 739/635/557
f 739/635/557 768/654/574 767/636/558
f 767/636/558 796/655/575 795/637/559
f 795/637/559 824/656/576 823/638/560
f 823/638/560 852/657/577 851/639/561
f 851/639/561 880/658/578 879/640/562
f 879/640/562 459/659/579 458/641/563
f 459/660/579 489/661/580 488/644/564
f 488/644/564 517/662/581 516/645/565
f 516/645/565 545/663/582 544/646/566
f 544/646/566 573/664/583 572/647/567
f 572/647/567 601/665/584 600/648/568
f 600/648/568 629/666/585 628/649/569
f 628/649/569 657/667/586 656/650/570
f 656/650/570 685/668/587 684/651/571
f 684/651/571 713/669/588 712/652/572
f 712/652/572 741/670/589 740/653/573
f 740/653/573 769/671/590 768/654/574
f 768/654/574 797/672/591 796/655/575
f 796/655/575 825/673/592 824/656/576
f 824/656/576 853/674/593 852/657/577
f 852/657/577 881/675/594 880/658/578
f 880/658/578 460/676/595 459/659/579
f 460/677/595 490/678/596 489/661/580
f 489/661/580 518/679/597 517/662/581
f 517/662/581 546/680/598 545/663/582
f 545/663/582 574/681/599 573/664/583
f 573/664/583 602/682/600 601/665/584
f 601/665/584 630/683/601 629/666/585
f 629/666/585 658/684/602 657/667/586
f 657/667/586 686/685/603 685/668/587
f 685/668/587 714/686/604 713/669/588
f 713/669/588 742/687/605 741/670/589
f 741/670/589 770/688/606 769/671/590
f 769/671/590 798/689/607 797/672/591
f 797/672/591 826/690/608 825/673/592
f 825/673/592 854/691/609 853/674/593
f 853/674/593 882/692/610 881/675/594
f 881/675/594 461/693/611 460/676/595
f 461/694/611 491/695/612 490/678/596
f 490/678/596 519/696/613 518/679/597
f 518/679/597 547/697/614 546/680/598
f 546/680/598 575/698/615 574/681/599
f 574/681/599 603/699/616 602/682/600
f 602/682/600 631/700/617 630/683/601
f 630/683/601 659/701/618 658/684/602
f 658/684/602 687/702/619 686/685/603
f 686/685/603 715/703/620 714/686/604
f 714/686/604 743/704/621 742/687/605
f 742/687/605 771/705/622 770/688/606
f 770/688/606 799/706/623 798/689/607
f 798/689/607 827/707/624 826/690/608
f 826/690/608 855/708/625 854/691/609
f 854/691/609 883/709/626 882/692/610
f 882/692/610 462/710/627 461/693/611
f 462/711/627 492/712/628 491/695/612
f 491/695/612 520/713/629 519/696/613
f 519/696/613 548/714/630 547/697/614
f 547/697/614 576/715/631 575/698/615
f 575/698/615 604/716/632 603/699/616
f 603/699/616 632/717/633 631/700/617
f 631/700/617 660/718/634 659/701/618
f 659/701/618 688/719/635 687/702/619
f 687/702/619 716/720/636 715/703/620
f 715/703/620 744/721/637 743/704/621
f 743/704/621 772/722/638 771/705/622
f 771/705/622 800/723/639 799/706/623
f 799/706/623 828/724/640 827/707/624
f 827/707/624 856/725/641 855/708/625
f 855/708/625 884/726/642 883/709/626
f 883/709/626 463/727/643 462/710/627
f 463/728/643 493/729/644 492/712/628
f 492/712/628 521/730/645 520/713/629
f 520/713/629 549/731/646 548/714/630
f 548/714/630 577/732/647 576/715/631
f 576/715/631 605/733/648 604/716/632
f 604/716/632 633/734/649 632/717/633
f 632/717/633 661/735/650 660/718/634
f 660/718/634 689/736/651 688/719/635
f 688/719/635 717/737/652 716/720/636
f 716/720/636 745/738/653 744/721/637
f 744/721/637 773/739/654 772/722/638
f 772/722/638 801/740/655 800/723/639
f 800/723/639 829/741/656 828/724/640
f 828/724/640 857/742/657 856/725/641
f 856/725/641 885/743/658 884/726/642
f 884/726/642 464/744/659 463/727/643
f 464/745/659 494/746/660 493/729/644
f 493/729/644 522/747/661 521/730/645
f 521/730/645 550/748/662 549/731/646
f 549/731/646 578/749/663 577/732/647
f 577/732/647 606/750/664 605/733/648
f 605/733/648 634/751/665 633/734/649
f 633/734/649 662/752/666 661/735/650
f 661/735/650 690/753/667 689/736/651
f 689/736/651 718/754/668 717/737/652
f 717/737/652 746/755/669 745/738/653
f 745/738/653 774/756/670 773/739/654
f 773/739/654 802/757/671 801/740/655
f 801/740/655 830/758/672 829/741/656
f 829/741/656 858/759/673 857/742/657
f 857/742/657 886/760/674 885/743/658
f 885/743/658 465/761/675 464/744/659
f 465/762/675 495/763/676 494/746/660
f 494/746/660 523/764/677 522/747/661
f 522/747/661 551/765/678 550/748/662
f 550/748/662 579/766/679 578/749/663
f 578/749/663 607/767/680 606/750/664
f 606/750/664 635/768/681 634/751/665
f 634/751/665 663/769/682 662/752/666
f 662/752/666 691/770/683 690/753/667
f 690/753/667 719/771/684 718/754/668
f 718/754/668 747/772/685 746/755/669
f 746/755/669 775/773/686 774/756/670
f 774/756/670 803/774/687 802/757/671
f 802/757/671 831/775/688 830/758/672
f 830/758/672 859/776/689 858/759/673
f 858/759/673 887/777/690 886/760/674
f 886/760/674 466/778/691 465/761/675
f 466/779/691 496/780/692 495/763/676
f 495/763/676 524/781/693 523/764/677
f 523/764/677 552/782/694 551/765/678
f 551/765/678 580/783/695 579/766/679
f 579/766/679 608/784/696 607/767/680
f 607/767/680 636/785/697 635/768/681
f 635/768/681 664/786/698 663/769/682
f 663/769/682 692/787/699 691/770/683
f 691/770/683 720/788/700 719/771/684
f 719/771/684 748/789/701 747/772/685
f 747/772/685 776/790/702 775/773/686
f 775/773/686 804/791/703 803/774/687
f 803/774/687 832/792/704 831/775/688
f 831/775/688 860/793/705 859/776/689
f 859/776/689 888/794/706 887/777/690
f 887/777/690 467/795/707 466/778/691
f 467/796/707 497/797/708 496/780/692
f 496/780/692 525/798/709 524/781/693
f 524/781/693 553/799/710 552/782/694
f 552/782/694 581/800/711 580/783/695
f 580/783/695 609/801/712 608/784/696
f 608/784/696 637/802/713 636/785/697
f 636/785/697 665/803/714 664/786/698
f 664/786/698 693/804/715 692/787/699
f 692/787/699 721/805/716 720/788/700
f 720/788/700 749/806/717 748/789/701
f 748/789/701 777/807/718 776/790/702
f 776/790/702 805/808/719 804/791/703
f 804/791/703 833/809/720 832/792/704
f 832/792/704 861/810/721 860/793/705
f 860/793/705 889/811/722 888/794/706
f 888/794/706 468/812/723 467/795/707
f 468/813/723 498/814/724 497/797/708
f 497/797/708 526/815/725 525/798/709
f 525/798/709 554/816/726 553/799/710
f 553/799/710 582/817/727 581/800/711
f 581/800/711 610/818/728 609/801/712
f 609/801/712 638/819/729 637/802/713
f 637/802/713 666/820/730 665/803/714
f 665/803/714 694/821/731 693/804/715
f 693/804/715 722/822/732 721/805/716
f 721/805/716 750/823/733 749/806/717
f 749/806/717 778/824/734 777/807/718
f 777/807/718 806/825/735 805/808/719
f 805/808/719 834/826/736 833/809/720
f 833/809/720 862/827/737 861/810/721
f 861/810/721 890/828/738 889/811/722
f 889/811/722 469/829/739 468/812/723
f 470/830/740 498/814/724 469/831/739
f 499/832/741 526/815/725 498/814/724
f 527/833/742 554/816/726 526/815/725
f 555/834/743 582/817/727 554/816/726
f 583/835/744 610/818/728 582/817/727
f 611/836/745 638/819/729 610/818/728
f 639/837/746 666/820/730 638/819/729
f 667/838/747 694/821/731 666/820/730
f 695/839/748 722/822/732 694/821/731
f 723/840/749 750/823/733 722/822/732
f 751/841/750 778/824/734 750/823/733
f 779/842/751 806/825/735 778/824/734
f 807/843/752 834/826/736 806/825/735
f 835/844/753 862/827/737 834/826/736
f 863/845/754 890/828/738 862/827/737
f 891/846/755 469/829/739 890/828/738
f 471/847/756 499/832/741 470/830/740
f 500/848/757 527/833/742 499/832/741
f 528/849/758 555/834/743 527/833/742
f 556/850/759 583/835/744 555/834/743
f 584/851/760 611/836/745 583/835/744
f 612/852/761 639/837/746 611/836/745
f 640/853/762 667/838/747 639/837/746
f 668/854/763 695/839/748 667/838/747
f 696/855/764 723/840/749 695/839/748
f 724/856/765 751/841/750 723/840/749
f 752/857/766 779/842/751 751/841/750
f 780/858/767 807/843/752 779/842/751
f 808/859/768 835/844/753 807/843/752
f 836/860/769 863/845/754 835/844/753
f 864/861/770 891/846/755 863/845/754
f 892/862/771 470/863/740 891/846/755
f 472/864/772 500/848/757 471/847/756
f 501/865/773 528/849/758 500/848/757
f 529/866/774 556/850/759 528/849/758
f 557/867/775 584/851/760 556/850/759
f 585/868/776 612/852/761 584/851/760
f 613/869/777 640/853/762 612/852/761
f 640/853/762 669/870/778 668/854/763
f 669/870/778 696/855/764 668/854/763
f 697/871/779 724/856/765 696/855/764
f 725/872/780 752/857/766 724/856/765
f 753/873/781 780/858/767 752/857/766
f 781/874/782 808/859/768 780/858/767
f 809/875/783 836/860/769 808/859/768
f 837/876/784 864/861/770 836/860/769
f 865/877/785 892/862/771 864/861/770
f 893/878/786 471/879/756 892/862/771
f 472/864/772 502/880/787 501/865/773
f 501/865/773 530/881/788 529/866/774
f 529/866/774 558/882/789 557/867/775
f 557/867/775 586/883/790 585/868/776
f 585/868/776 614/884/791 613/869/777
f 613/869/777 642/885/792 641/886/793
f 641/886/793 670/887/794 669/870/778
f 669/870/778 698/888/795 697/871/779
f 697/871/779 726/889/796 725/872/780
f 725/872/780 754/890/797 753/873/781
f 753/873/781 782/891/798 781/874/782
f 781/874/782 810/892/799 809/875/783
f 809/875/783 838/893/800 837/876/784
f 837/876/784 866/894/801 865/877/785
f 865/877/785 894/895/802 893/878/786
f 893/878/786 473/896/803 472/897/772
f 474/898/804 502/880/787 473/899/803
f 503/900/805 530/881/788 502/880/787
f 531/901/806 558/882/789 530/881/788
f 559/902/807 586/883/790 558/882/789
f 587/903/808 614/884/791 586/883/790
f 615/904/809 642/885/792 614/884/791
f 643/905/810 670/887/794 642/885/792
f 671/906/811 698/888/795 670/887/794
f 699/907/812 726/889/796 698/888/795
f 727/908/813 754/890/797 726/889/796
f 755/909/814 782/891/798 754/890/797
f 783/910/815 810/892/799 782/891/798
f 811/911/816 838/893/800 810/892/799
f 839/912/817 866/894/801 838/893/800
f 867/913/818 894/895/802 866/894/801
f 895/914/819 473/896/803 894/895/802
f 475/915/820 503/900/805 474/898/804
f 504/916/821 531/901/806 503/900/805
f 532/917/822 559/902/807 531/901/806
f 560/918/823 587/903/808 559/902/807
f 588/919/824 615/904/809 587/903/808
f 616/920/825 643/905/810 615/904/809
f 644/921/826 671/906/811 643/905/810
f 672/922/827 699/907/812 671/906/811
f 700/923/828 727/908/813 699/907/812
f 728/924/829 755/909/814 727/908/813
f 756/925/830 783/910/815 755/909/814
f 784/926/831 811/911/816 783/910/815
f 812/927/832 839/912/817 811/911/816
f 840/928/833 867/913/818 839/912/817
f 868/929/834 895/914/819 867/913/818
f 896/930/835 474/931/804 895/914/819
f 476/932/836 504/916/821 475/915/820
f 505/933/837 532/917/822 504/916/821
f 533/934/838 560/918/823 532/917/822
f 561/935/839 588/919/824 560/918/823
f 589/936/840 616/920/825 588/919/824
f 617/937/841 644/921/826 616/920/825
f 645/938/842 672/922/827 644/921/826
f 673/939/843 700/923/828 672/922/827
f 701/940/844 728/924/829 700/923/828
f 729/941/845 756/925/830 728/924/829
f 757/942/846 784/926/831 756/925/830
f 785/943/847 812/927/832 784/926/831
f 813/944/848 840/928/833 812/927/832
f 841/945/849 868/929/834 840/928/833
f 869/946/850 896/930/835 868/929/834
f 897/947/851 475/948/820 896/930/835
f 477/949/852 505/933/837 476/932/836
f 506/950/853 533/934/838 505/933/837
f 534/951/854 561/935/839 533/934/838
f 561/935/839 590/952/855 589/936/840
f 590/952/855 617/937/841 589/936/840
f 618/953/856 645/938/842 617/937/841
f 645/938/842 674/954/857 673/939/843
f 673/939/843 702/955/858 701/940/844
f 702/955/858 729/941/845 701/940/844
f 730/956/859 757/942/846 729/941/845
f 757/942/846 786/957/860 785/943/847
f 786/957/860 813/944/848 785/943/847
f 814/958/861 841/945/849 813/944/848
f 842/959/862 869/946/850 841/945/849
f 869/946/850 898/960/863 897/947/851
f 898/960/863 476/961/836 897/947/851
f 477/949/852 507/962/864 506/950/853
f 506/950/853 535/963/865 534/951/854
f 534/951/854 563/964/866 562/965/867
f 562/965/867 591/966/868 590/952/855
f 590/952/855 619/967/869 618/953/856
f 618/953/856 647/968/870 646/969/871
f 646/969/871 675/970/872 674/954/857
f 675/970/872 702/955/858 674/954/857
f 702/955/858 731/971/873 730/956/859
f 730/956/859 759/972/874 758/973/875
f 758/973/875 787/974/876 786/957/860
f 786/957/860 815/975/877 814/958/861
f 815/975/877 842/959/862 814/958/861
f 842/959/862 871/976/878 870/977/879
f 871/976/878 898/960/863 870/977/879
f 898/960/863 478/978/880 477/979/852
f 478/980/880 508/981/881 507/962/864
f 507/962/864 536/982/882 535/963/865
f 536/982/882 563/964/866 535/963/865
f 564/983/883 591/966/868 563/964/866
f 592/984/884 619/967/869 591/966/868
f 620/985/885 647/968/870 619/967/869
f 647/968/870 676/986/886 675/970/872
f 675/970/872 704/987/887 703/988/888
f 703/988/888 732/989/889 731/971/873
f 731/971/873 760/990/890 759/972/874
f 760/990/890 787/974/876 759/972/874
f 787/974/876 816/991/891 815/975/877
f 816/991/891 843/992/892 815/975/877
f 844/993/893 871/976/878 843/992/892
f 871/976/878 900/994/894 899/995/895
f 900/994/894 478/978/880 899/995/895
f 479/996/896 480/997/897 508/981/881
f 508/981/881 480/998/897 536/982/882
f 536/982/882 480/999/897 564/983/883
f 564/983/883 480/1000/897 592/984/884
f 592/984/884 480/1001/897 620/985/885
f 620/985/885 480/1002/897 648/1003/898
f 648/1003/898 480/1004/897 676/986/886
f 676/986/886 480/1005/897 704/987/887
f 704/987/887 480/1006/897 732/989/889
f 732/989/889 480/1007/897 760/990/890
f 760/990/890 480/1008/897 788/1009/899
f 788/1009/899 480/1010/897 816/991/891
f 816/991/891 480/1011/897 844/993/893
f 844/993/893 480/1012/897 872/1013/900
f 872/1013/900 480/1014/897 900/994/894
f 900/994/894 480/1015/897 479/1016/896
f 452/510/452 453/557/483 482/542/468
f 482/542/468 510/543/469 509/513/454
f 510/543/469 538/544/470 537/515/455
f 538/544/470 566/545/471 565/517/456
f 566/545/471 594/546/472 593/519/457
f 594/546/472 622/547/473 621/521/458
f 622/547/473 650/564/490 649/523/459
f 649/523/459 650/564/490 678/548/474
f 678/548/474 706/549/475 705/527/461
f 706/549/475 734/550/476 733/529/462
f 734/550/476 762/551/477 761/531/463
f 762/551/477 790/552/478 789/533/464
f 790/552/478 818/553/479 817/535/465
f 818/553/479 846/554/480 845/537/466
f 846/554/480 874/555/481 873/539/467
f 874/555/481 453/572/483 452/541/452
f 454/556/482 483/558/484 482/542/468
f 483/558/484 511/559/485 510/543/469
f 511/559/485 539/560/486 538/544/470
f 539/560/486 567/561/487 566/545/471
f 567/561/487 595/562/488 594/546/472
f 595/562/488 623/563/489 622/547/473
f 623/563/489 651/580/505 650/564/490
f 650/564/490 651/580/505 679/565/491
f 679/565/491 707/566/492 706/549/475
f 707/566/492 735/567/493 734/550/476
f 735/567/493 763/585/510 762/551/477
f 762/551/477 763/585/510 791/568/494
f 791/568/494 819/569/495 818/553/479
f 819/569/495 847/570/496 846/554/480
f 847/570/496 875/571/497 874/555/481
f 875/571/497 454/591/482 453/572/483
f 455/573/498 484/574/499 483/558/484
f 484/574/499 512/575/500 511/559/485
f 512/575/500 540/576/501 539/560/486
f 540/576/501 568/577/502 567/561/487
f 568/577/502 596/578/503 595/562/488
f 596/578/503 624/579/504 623/563/489
f 624/579/504 652/581/506 651/580/505
f 652/581/506 680/582/507 679/565/491
f 680/582/507 708/583/508 707/566/492
f 708/583/508 736/584/509 735/567/493
f 736/584/509 764/586/511 763/585/510
f 764/586/511 792/587/512 791/568/494
f 792/587/512 820/588/513 819/569/495
f 820/588/513 848/589/514 847/570/496
f 848/589/514 876/590/515 875/571/497
f 876/590/515 455/608/498 454/591/482
f 456/592/516 485/593/517 484/574/499
f 485/593/517 513/594/518 512/575/500
f 513/594/518 541/595/519 540/576/501
f 541/595/519 569/596/520 568/577/502
f 569/596/520 597/597/521 596/578/503
f 597/597/521 625/598/522 624/579/504
f 625/598/522 653/599/523 652/581/506
f 653/599/523 681/600/524 680/582/507
f 681/600/524 709/601/525 708/583/508
f 709/601/525 737/602/526 736/584/509
f 737/602/526 765/603/527 764/586/511
f 765/603/527 793/604/528 792/587/512
f 793/604/528 821/605/529 820/588/513
f 821/605/529 849/606/530 848/589/514
f 849/606/530 877/607/531 876/590/515
f 877/607/531 456/625/516 455/608/498
f 457/609/532 486/610/533 485/593/517
f 486/610/533 514/611/534 513/594/518
f 514/611/534 542/612/535 541/595/519
f 542/612/535 570/613/536 569/596/520
f 570/613/536 598/614/537 597/597/521
f 598/614/537 626/615/538 625/598/522
f 626/615/538 654/616/539 653/599/523
f 654/616/539 682/617/540 681/600/524
f 682/617/540 710/618/541 709/601/525
f 710/618/541 738/619/542 737/602/526
f 738/619/542 766/620/543 765/603/527
f 766/620/543 794/621/544 793/604/528
f 794/621/544 822/622/545 821/605/529
f 822/622/545 850/623/546 849/606/530
f 850/623/546 878/624/547 877/607/531
f 878/624/547 457/642/532 456/625/516
f 457/609/532 458/643/563 487/626/548
f 486/610/533 487/626/548 515/627/549
f 514/611/534 515/627/549 543/628/550
f 542/612/535 543/628/550 571/629/551
f 570/613/536 571/629/551 599/630/552
f 598/614/537 599/630/552 627/631/553
f 626/615/538 627/631/553 655/632/554
f 654/616/539 655/632/554 683/633/555
f 682/617/540 683/633/555 711/634/556
f 710/618/541 711/634/556 739/635/557
f 738/619/542 739/635/557 767/636/558
f 766/620/543 767/636/558 795/637/559
f 794/621/544 795/637/559 823/638/560
f 822/622/545 823/638/560 851/639/561
f 850/623/546 851/639/561 879/640/562
f 878/624/547 879/640/562 458/641/563
f 458/643/563 459/660/579 488/644/564
f 487/626/548 488/644/564 516/645/565
f 515/627/549 516/645/565 544/646/566
f 543/628/550 544/646/566 572/647/567
f 571/629/551 572/647/567 600/648/568
f 599/630/552 600/648/568 628/649/569
f 627/631/553 628/649/569 656/650/570
f 655/632/554 656/650/570 684/651/571
f 683/633/555 684/651/571 712/652/572
f 711/634/556 712/652/572 740/653/573
f 739/635/557 740/653/573 768/654/574
f 767/636/558 768/654/574 796/655/575
f 795/637/559 796/655/575 824/656/576
f 823/638/560 824/656/576 852/657/577
f 851/639/561 852/657/577 880/658/578
f 879/640/562 880/658/578 459/659/579
f 459/660/579 460/677/595 489/661/580
f 488/644/564 489/661/580 517/662/581
f 516/645/565 517/662/581 545/663/582
f 544/646/566 545/663/582 573/664/583
f 572/647/567 573/664/583 601/665/584
f 600/648/568 601/665/584 629/666/585
f 628/649/569 629/666/585 657/667/586
f 656/650/570 657/667/586 685/668/587
f 684/651/571 685/668/587 713/669/588
f 712/652/572 713/669/588 741/670/589
f 740/653/573 741/670/589 769/671/590
f 768/654/574 769/671/590 797/672/591
f 796/655/575 797/672/591 825/673/592
f 824/656/576 825/673/592 853/674/593
f 852/657/577 853/674/593 881/675/594
f 880/658/578 881/675/594 460/676/595
f 460/677/595 461/694/611 490/678/596
f 489/661/580 490/678/596 518/679/597
f 517/662/581 518/679/597 546/680/598
f 545/663/582 546/680/598 574/681/599
f 573/664/583 574/681/599 602/682/600
f 601/665/584 602/682/600 630/683/601
f 629/666/585 630/683/601 658/684/602
f 657/667/586 658/684/602 686/685/603
f 685/668/587 686/685/603 714/686/604
f 713/669/588 714/686/604 742/687/605
f 741/670/589 742/687/605 770/688/606
f 769/671/590 770/688/606 798/689/607
f 797/672/591 798/689/607 826/690/608
f 825/673/592 826/690/608 854/691/609
f 853/674/593 854/691/609 882/692/610
f 881/675/594 882/692/610 461/693/611
f 461/694/611 462/711/627 491/695/612
f 490/678/596 491/695/612 519/696/613
f 518/679/597 519/696/613 547/697/614
f 546/680/598 547/697/614 575/698/615
f 574/681/599 575/698/615 603/699/616
f 602/682/600 603/699/616 631/700/617
f 630/683/601 631/700/617 659/701/618
f 658/684/602 659/701/618 687/702/619
f 686/685/603 687/702/619 715/703/620
f 714/686/604 715/703/620 743/704/621
f 742/687/605 743/704/621 771/705/622
f 770/688/606 771/705/622 799/706/623
f 798/689/607 799/706/623 827/707/624
f 826/690/608 827/707/624 855/708/625
f 854/691/609 855/708/625 883/709/626
f 882/692/610 883/709/626 462/710/627
f 462/711/627 463/728/643 492/712/628
f 491/695/612 492/712/628 520/713/629
f 519/696/613 520/713/629 548/714/630
f 547/697/614 548/714/630 576/715/631
f 575/698/615 576/715/631 604/716/632
f 603/699/616 604/716/632 632/717/633
f 631/700/617 632/717/633 660/718/634
f 659/701/618 660/718/634 688/719/635
f 687/702/619 688/719/635 716/720/636
f 715/703/620 716/720/636 744/721/637
f 743/704/621 744/721/637 772/722/638
f 771/705/622 772/722/638 800/723/639
f 799/706/623 800/723/639 828/724/640
f 827/707/624 828/724/640 856/725/641
f 855/708/625 856/725/641 884/726/642
f 883/709/626 884/726/642 463/727/643
f 463/728/643 464/745/659 493/729/644
f 492/712/628 493/729/644 521/730/645
f 520/713/629 521/730/645 549/731/646
f 548/714/630 549/731/646 577/732/647
f 576/715/631 577/732/647 605/733/648
f 604/716/632 605/733/648 633/734/649
f 632/717/633 633/734/649 661/735/650
f 660/718/634 661/735/650 689/736/651
f 688/719/635 689/736/651 717/737/652
f 716/720/636 717/737/652 745/738/653
f 744/721/637 745/738/653 773/739/654
f 772/722/638 773/739/654 801/740/655
f 800/723/639 801/740/655 829/741/656
f 828/724/640 829/741/656 857/742/657
f 856/725/641 857/742/657 885/743/658
f 884/726/642 885/743/658 464/744/659
f 464/745/659 465/762/675 494/746/660
f 493/729/644 494/746/660 522/747/661
f 521/730/645 522/747/661 550/748/662
f 549/731/646 550/748/662 578/749/663
f 577/732/647 578/749/663 606/750/664
f 605/733/648 606/750/664 634/751/665
f 633/734/649 634/751/665 662/752/666
f 661/735/650 662/752/666 690/753/667
f 689/736/651 690/753/667 718/754/668
f 717/737/652 718/754/668 746/755/669
f 745/738/653 746/755/669 774/756/670
f 773/739/654 774/756/670 802/757/671
f 801/740/655 802/757/671 830/758/672
f 829/741/656 830/758/672 858/759/673
f 857/742/657 858/759/673 886/760/674
f 885/743/658 886/760/674 465/761/675
f 465/762/675 466/779/691 495/763/676
f 494/746/660 495/763/676 523/764/677
f 522/747/661 523/764/677 551/765/678
f 550/748/662 551/765/678 579/766/679
f 578/749/663 579/766/679 607/767/680
f 606/750/664 607/767/680 635/768/681
f 634/751/665 635/768/681 663/769/682
f 662/752/666 663/769/682 691/770/683
f 690/753/667 691/770/683 719/771/684
f 718/754/668 719/771/684 747/772/685
f 746/755/669 747/772/685 775/773/686
f 774/756/670 775/773/686 803/774/687
f 802/757/671 803/774/687 831/775/688
f 830/758/672 831/775/688 859/776/689
f 858/759/673 859/776/689 887/777/690
f 886/760/674 887/777/690 466/778/691
f 466/779/691 467/796/707 496/780/692
f 495/763/676 496/780/692 524/781/693
f 523/764/677 524/781/693 552/782/694
f 551/765/678 552/782/694 580/783/695
f 579/766/679 580/783/695 608/784/696
f 607/767/680 608/784/696 636/785/697
f 635/768/681 636/785/697 664/786/698
f 663/769/682 664/786/698 692/787/699
f 691/770/683 692/787/699 720/788/700
f 719/771/684 720/788/700 748/789/701
f 747/772/685 748/789/701 776/790/702
f 775/773/686 776/790/702 804/791/703
f 803/774/687 804/791/703 832/792/704
f 831/775/688 832/792/704 860/793/705
f 859/776/689 860/793/705 888/794/706
f 887/777/690 888/794/706 467/795/707
f 467/796/707 468/813/723 497/797/708
f 496/780/692 497/797/708 525/798/709
f 524/781/693 525/798/709 553/799/710
f 552/782/694 553/799/710 581/800/711
f 580/783/695 581/800/711 609/801/712
f 608/784/696 609/801/712 637/802/713
f 636/785/697 637/802/713 665/803/714
f 664/786/698 665/803/714 693/804/715
f 692/787/699 693/804/715 721/805/716
f 720/788/700 721/805/716 749/806/717
f 748/789/701 749/806/717 777/807/718
f 776/790/702 777/807/718 805/808/719
f 804/791/703 805/808/719 833/809/720
f 832/792/704 833/809/720 861/810/721
f 860/793/705 861/810/721 889/811/722
f 888/794/706 889/811/722 468/812/723
f 468/813/723 469/831/739 498/814/724
f 497/797/708 498/814/724 526/815/725
f 525/798/709 526/815/725 554/816/726
f 553/799/710 554/816/726 582/817/727
f 581/800/711 582/817/727 610/818/728
f 609/801/712 610/818/728 638/819/729
f 637/802/713 638/819/729 666/820/730
f 665/803/714 666/820/730 694/821/731
f 693/804/715 694/821/731 722/822/732
f 721/805/716 722/822/732 750/823/733
f 749/806/717 750/823/733 778/824/734
f 777/807/718 778/824/734 806/825/735
f 805/808/719 806/825/735 834/826/736
f 833/809/720 834/826/736 862/827/737
f 861/810/721 862/827/737 890/828/738
f 889/811/722 890/828/738 469/829/739
f 470/830/740 499/832/741 498/814/724
f 499/832/741 527/833/742 526/815/725
f 527/833/742 555/834/743 554/816/726
f 555/834/743 583/835/744 582/817/727
f 583/835/744 611/836/745 610/818/728
f 611/836/745 639/837/746 638/819/729
f 639/837/746 667/838/747 666/820/730
f 667/838/747 695/839/748 694/821/731
f 695/839/748 723/840/749 722/822/732
f 723/840/749 751/841/750 750/823/733
f 751/841/750 779/842/751 778/824/734
f 779/842/751 807/843/752 806/825/735
f 807/843/752 835/844/753 834/826/736
f 835/844/753 863/845/754 862/827/737
f 863/845/754 891/846/755 890/828/738
f 891/846/755 470/863/740 469/829/739
f 471/847/756 500/848/757 499/832/741
f 500/848/757 528/849/758 527/833/742
f 528/849/758 556/850/759 555/834/743
f 556/850/759 584/851/760 583/835/744
f 584/851/760 612/852/761 611/836/745
f 612/852/761 640/853/762 639/837/746
f 640/853/762 668/854/763 667/838/747
f 668/854/763 696/855/764 695/839/748
f 696/855/764 724/856/765 723/840/749
f 724/856/765 752/857/766 751/841/750
f 752/857/766 780/858/767 779/842/751
f 780/858/767 808/859/768 807/843/752
f 808/859/768 836/860/769 835/844/753
f 836/860/769 864/861/770 863/845/754
f 864/861/770 892/862/771 891/846/755
f 892/862/771 471/879/756 470/863/740
f 472/864/772 501/865/773 500/848/757
f 501/865/773 529/866/774 528/849/758
f 529/866/774 557/867/775 556/850/759
f 557/867/775 585/868/776 584/851/760
f 585/868/776 613/869/777 612/852/761
f 613/869/777 641/886/793 640/853/762
f 640/853/762 641/886/793 669/870/778
f 669/870/778 697/871/779 696/855/764
f 697/871/779 725/872/780 724/856/765
f 725/872/780 753/873/781 752/857/766
f 753/873/781 781/874/782 780/858/767
f 781/874/782 809/875/783 808/859/768
f 809/875/783 837/876/784 836/860/769
f 837/876/784 865/877/785 864/861/770
f 865/877/785 893/878/786 892/862/771
f 893/878/786 472/897/772 471/879/756
f 472/864/772 473/899/803 502/880/787
f 501/865/773 502/880/787 530/881/788
f 529/866/774 530/881/788 558/882/789
f 557/867/775 558/882/789 586/883/790
f 585/868/776 586/883/790 614/884/791
f 613/869/777 614/884/791 642/885/792
f 641/886/793 642/885/792 670/887/794
f 669/870/778 670/887/794 698/888/795
f 697/871/779 698/888/795 726/889/796
f 725/872/780 726/889/796 754/890/797
f 753/873/781 754/890/797 782/891/798
f 781/874/782 782/891/798 810/892/799
f 809/875/783 810/892/799 838/893/800
f 837/876/784 838/893/800 866/894/801
f 865/877/785 866/894/801 894/895/802
f 893/878/786 894/895/802 473/896/803
f 474/898/804 503/900/805 502/880/787
f 503/900/805 531/901/806 530/881/788
f 531/901/806 559/902/807 558/882/789
f 559/902/807 587/903/808 586/883/790
f 587/903/808 615/904/809 614/884/791
f 615/904/809 643/905/810 642/885/792
f 643/905/810 671/906/811 670/887/794
f 671/906/811 699/907/812 698/888/795
f 699/907/812 727/908/813 726/889/796
f 727/908/813 755/909/814 754/890/797
f 755/909/814 783/910/815 782/891/798
f 783/910/815 811/911/816 810/892/799
f 811/911/816 839/912/817 838/893/800
f 839/912/817 867/913/818 866/894/801
f 867/913/818 895/914/819 894/895/802
f 895/914/819 474/931/804 473/896/803
f 475/915/820 504/916/821 503/900/805
f 504/916/821 532/917/822 531/901/806
f 532/917/822 560/918/823 559/902/807
f 560/918/823 588/919/824 587/903/808
f 588/919/824 616/920/825 615/904/809
f 616/920/825 644/921/826 643/905/810
f 644/921/826 672/922/827 671/906/811
f 672/922/827 700/923/828 699/907/812
f 700/923/828 728/924/829 727/908/813
f 728/924/829 756/925/830 755/909/814
f 756/925/830 784/926/831 783/910/815
f 784/926/831 812/927/832 811/911/816
f 812/927/832 840/928/833 839/912/817
f 840/928/833 868/929/834 867/913/818
f 868/929/834 896/930/835 895/914/819
f 896/930/835 475/948/820 474/931/804
f 476/932/836 505/933/837 504/916/821
f 505/933/837 533/934/838 532/917/822
f 533/934/838 561/935/839 560/918/823
f 561/935/839 589/936/840 588/919/824
f 589/936/840 617/937/841 616/920/825
f 617/937/841 645/938/842 644/921/826
f 645/938/842 673/939/843 672/922/827
f 673/939/843 701/940/844 700/923/828
f 701/940/844 729/941/845 728/924/829
f 729/941/845 757/942/846 756/925/830
f 757/942/846 785/943/847 784/926/831
f 785/943/847 813/944/848 812/927/832
f 813/944/848 841/945/849 840/928/833
f 841/945/849 869/946/850 868/929/834
f 869/946/850 897/947/851 896/930/835
f 897/947/851 476/961/836 475/948/820
f 477/949/852 506/950/853 505/933/837
f 506/950/853 534/951/854 533/934/838
f 534/951/854 562/965/867 561/935/839
f 561/935/839 562/965/867 590/952/855
f 590/952/855 618/953/856 617/937/841
f 618/953/856 646/969/871 645/938/842
f 645/938/842 646/969/871 674/954/857
f 673/939/843 674/954/857 702/955/858
f 702/955/858 730/956/859 729/941/845
f 730/956/859 758/973/875 757/942/846
f 757/942/846 758/973/875 786/957/860
f 786/957/860 814/958/861 813/944/848
f 814/958/861 842/959/862 841/945/849
f 842/959/862 870/977/879 869/946/850
f 869/946/850 870/977/879 898/960/863
f 898/960/863 477/979/852 476/961/836
f 477/949/852 478/980/880 507/962/864
f 506/950/853 507/962/864 535/963/865
f 534/951/854 535/963/865 563/964/866
f 562/965/867 563/964/866 591/966/868
f 590/952/855 591/966/868 619/967/869
f 618/953/856 619/967/869 647/968/870
f 646/969/871 647/968/870 675/970/872
f 675/970/872 703/988/888 702/955/858
f 702/955/858 703/988/888 731/971/873
f 730/956/859 731/971/873 759/972/874
f 758/973/875 759/972/874 787/974/876
f 786/957/860 787/974/876 815/975/877
f 815/975/877 843/992/892 842/959/862
f 842/959/862 843/992/892 871/976/878
f 871/976/878 899/995/895 898/960/863
f 898/960/863 899/995/895 478/978/880
f 478/980/880 479/996/896 508/981/881
f 507/962/864 508/981/881 536/982/882
f 536/982/882 564/983/883 563/964/866
f 564/983/883 592/984/884 591/966/868
f 592/984/884 620/985/885 619/967/869
f 620/985/885 648/1003/898 647/968/870
f 647/968/870 648/1003/898 676/986/886
f 675/970/872 676/986/886 704/987/887
f 703/988/888 704/987/887 732/989/889
f 731/971/873 732/989/889 760/990/890
f 760/990/890 788/1009/899 787/974/876
f 787/974/876 788/1009/899 816/991/891
f 816/991/891 844/993/893 843/992/892
f 844/993/893 872/1013/900 871/976/878
f 871/976/878 872/1013/900 900/994/894
f 900/994/894 479/1016/896 478/978/880
