# Blender 4.0.2
# www.blender.org
mtllib CouchSingle.mtl
o Couch.001
v -0.537987 0.065082 0.289299
v -0.550470 0.357069 0.287907
v -0.537987 0.065082 -0.308534
v -0.553135 0.370428 -0.338541
v -0.554011 0.135906 0.303048
v -0.554998 0.137094 -0.333012
v 0.000000 0.061175 -0.332940
v -0.299612 0.061175 -0.332940
v -0.299651 0.373271 -0.386891
v 0.000000 0.377007 -0.391318
v -0.299612 0.061175 0.304767
v 0.000000 0.061175 0.304767
v -0.154587 0.680300 -0.196330
v 0.000000 0.323529 0.304744
v -0.298357 0.359815 0.300801
v -0.205792 0.665896 -0.425832
v 0.000000 0.137089 0.335701
v -0.299370 0.136180 0.334589
v -0.299640 0.137108 -0.381838
v 0.000000 0.137547 -0.382009
v -0.194857 0.367497 0.148916
v -0.555002 0.061175 -0.126717
v -0.555002 0.061175 -0.005148
v -0.555002 0.061175 0.152176
v -0.586637 0.359796 0.140655
v -0.584888 0.361463 -0.014770
v -0.584201 0.366084 -0.140109
v -0.184391 0.383755 -0.015606
v -0.164957 0.455439 -0.120425
v -0.197752 0.053360 0.152176
v -0.197752 0.053360 -0.005148
v -0.197752 0.053360 -0.126717
v -0.197790 0.137245 -0.381948
v -0.197181 0.136708 0.335282
v -0.195427 0.321434 0.302659
v -0.197752 0.061175 0.304767
v -0.588659 0.136399 0.151603
v -0.588990 0.136898 -0.005333
v -0.589008 0.137090 -0.127000
v -0.197569 0.374771 -0.388900
v -0.197752 0.061175 -0.332940
v -0.408995 0.616001 0.105604
v 0.000000 0.458436 -0.126735
v 0.000000 0.382146 -0.016198
v 0.000000 0.369688 0.150851
v -0.255997 0.473089 -0.114038
v -0.276352 0.429720 -0.026141
v -0.283625 0.407836 0.135219
v -0.299612 0.053360 -0.126717
v -0.299612 0.053360 -0.005148
v -0.299612 0.053360 0.152176
v 0.000000 0.053360 -0.126717
v 0.000000 0.053360 -0.005148
v 0.000000 0.053360 0.152176
v -0.418147 0.621417 -0.051418
v -0.425569 0.690733 -0.176775
v -0.416326 0.658803 -0.413221
v -0.555094 0.632096 -0.194034
v -0.558685 0.650408 -0.372394
v -0.405024 0.563928 0.256164
v -0.404343 0.053360 0.152176
v -0.404343 0.053360 -0.005148
v -0.404343 0.053360 -0.126717
v -0.321708 0.544634 0.243232
v -0.534768 0.540700 0.242868
v -0.311192 0.661945 -0.418580
v 0.000000 0.670076 -0.432771
v -0.404352 0.137089 -0.381775
v -0.404343 0.061175 0.304767
v -0.317834 0.574354 0.106361
v -0.552076 0.565525 0.107651
v -0.543005 0.565587 -0.048414
v -0.404399 0.372424 -0.385557
v -0.404302 0.136018 0.334256
v -0.404254 0.357945 0.320113
v -0.404343 0.061175 -0.332940
v 0.000000 0.698722 -0.210867
v -0.293475 0.663229 -0.163829
v -0.322026 0.588477 -0.044470
v -0.462479 0.891403 -0.424313
v -0.460326 0.886990 -0.257491
v -0.350606 0.890966 -0.263626
v -0.229804 0.895559 -0.275265
v -0.243398 0.894089 -0.438008
v -0.357602 0.892681 -0.431169
v -0.580240 0.858197 -0.275547
v -0.584914 0.864246 -0.399524
v 0.000000 0.895055 -0.430801
v 0.000000 0.903175 -0.269137
v -0.552087 0.061844 0.237286
v -0.552083 0.234621 0.298577
v -0.581239 0.368511 -0.244036
v -0.552087 0.082893 -0.328769
v -0.482919 0.061844 -0.328760
v -0.482555 0.357235 0.315108
v -0.551963 0.082745 0.301902
v -0.554761 0.239112 -0.333811
v -0.484564 0.135920 0.330131
v -0.584763 0.137102 -0.234140
v -0.257161 0.061175 -0.332940
v -0.344106 0.372859 -0.386130
v -0.107705 0.375837 -0.390082
v -0.343919 0.061175 0.304767
v -0.107832 0.061175 0.304767
v -0.197680 0.082339 0.331782
v -0.196107 0.232072 0.330575
v -0.254733 0.324258 0.300886
v -0.197752 0.053360 0.066029
v -0.256665 0.136423 0.334918
v -0.343937 0.137091 -0.381798
v -0.107855 0.137382 -0.381985
v -0.176527 0.404073 -0.073961
v -0.299615 0.082389 -0.375661
v 0.000000 0.082443 -0.375683
v -0.195718 0.360118 0.236710
v 0.000000 0.082386 0.331834
v -0.299582 0.082272 0.331695
v -0.197819 0.240013 -0.383112
v 0.000000 0.362800 0.239073
v -0.285759 0.399245 0.224126
v -0.299612 0.054337 0.239291
v 0.000000 0.054337 0.239291
v -0.197752 0.054337 0.239291
v -0.197752 0.054337 -0.233944
v 0.000000 0.233237 0.331831
v -0.298875 0.234748 0.329341
v -0.299684 0.239502 -0.382598
v 0.000000 0.241011 -0.383557
v -0.552087 0.061844 -0.230781
v -0.555002 0.061175 -0.058448
v -0.555002 0.061175 0.066029
v -0.581010 0.358278 0.224644
v -0.586231 0.360565 0.056598
v -0.584033 0.363475 -0.070644
v -0.190785 0.373192 0.060824
v -0.151163 0.554175 -0.161997
v -0.223925 0.458266 -0.118361
v -0.107832 0.053360 -0.126717
v -0.257044 0.373901 -0.387824
v -0.107832 0.061175 -0.332940
v -0.583966 0.136097 0.238080
v -0.588912 0.136682 0.065787
v -0.589006 0.137029 -0.058695
v -0.581238 0.478068 0.123112
v -0.404236 0.234996 0.330320
v -0.404344 0.082386 -0.375653
v -0.547643 0.471821 0.267932
v 0.000000 0.402608 -0.076304
v 0.000000 0.373465 0.061652
v -0.404343 0.054337 -0.233944
v -0.268508 0.446993 -0.082069
v -0.281060 0.416928 0.048622
v -0.299612 0.054337 -0.233944
v -0.299612 0.053360 -0.058448
v -0.299612 0.053360 0.066029
v 0.000000 0.054337 -0.233944
v 0.000000 0.053360 -0.058448
v 0.000000 0.053360 0.066029
v -0.404343 0.053360 0.066029
v -0.439918 0.793730 -0.436704
v -0.406144 0.605215 0.187489
v -0.419552 0.637947 -0.122665
v -0.414041 0.617812 0.025221
v -0.257161 0.053360 -0.126717
v -0.257161 0.053360 -0.005148
v -0.257161 0.053360 0.152176
v -0.485125 0.054337 -0.126717
v -0.485125 0.054337 -0.005148
v -0.485125 0.054337 0.152176
v -0.087063 0.456632 -0.123138
v -0.099749 0.382336 -0.015076
v -0.106143 0.368512 0.150441
v -0.405912 0.515065 -0.394565
v -0.404343 0.054337 0.239291
v -0.404343 0.053360 -0.058448
v -0.298030 0.509937 -0.035810
v -0.264502 0.544167 -0.134139
v -0.197752 0.053360 -0.058448
v -0.584731 0.082300 0.152104
v -0.584773 0.082362 -0.005171
v -0.584775 0.082386 -0.126752
v -0.252268 0.371959 0.144805
v -0.225738 0.673517 -0.184354
v -0.321295 0.795515 -0.207750
v -0.257198 0.137155 -0.381894
v -0.107832 0.053360 0.152176
v -0.241761 0.391949 -0.019180
v -0.267411 0.663777 -0.422157
v -0.198067 0.520472 -0.402914
v -0.107832 0.053360 -0.005148
v -0.107465 0.136924 0.335531
v -0.106356 0.322597 0.303952
v -0.587848 0.236133 0.149376
v -0.588415 0.237526 -0.006791
v -0.588371 0.238558 -0.129064
v -0.578710 0.642250 -0.291269
v -0.404489 0.476044 0.298493
v -0.494199 0.655753 -0.407247
v -0.481273 0.558425 0.253178
v -0.356391 0.660540 -0.415451
v -0.112268 0.668005 -0.429357
v -0.485706 0.605944 0.104208
v -0.343920 0.053360 -0.005148
v -0.343920 0.053360 -0.126717
v -0.316697 0.565046 0.188420
v -0.549578 0.559625 0.189348
v -0.548105 0.564694 0.025771
v -0.541419 0.578186 -0.115026
v -0.494274 0.677244 -0.178266
v -0.482919 0.061844 0.302117
v -0.348472 0.561032 0.253605
v -0.485296 0.607862 -0.053324
v -0.344503 0.358379 0.318602
v -0.485128 0.137089 -0.375670
v -0.189283 0.804391 -0.225082
v -0.314247 0.607475 -0.107600
v -0.321524 0.579931 0.026883
v -0.078340 0.688814 -0.204512
v -0.343919 0.061175 -0.332940
v -0.484511 0.371687 -0.379372
v -0.343932 0.136075 0.334417
v -0.343920 0.053360 0.152176
v -0.361301 0.693576 -0.170991
v -0.361773 0.621265 -0.048965
v -0.352077 0.611814 0.104043
v -0.404338 0.082252 0.331654
v 0.000000 0.566328 -0.174869
v -0.257161 0.061175 0.304767
v -0.300083 0.490740 0.119377
v -0.551050 0.509238 -0.350687
v -0.300961 0.517335 -0.397983
v -0.573718 0.478668 -0.032158
v -0.404372 0.239349 -0.382283
v -0.313158 0.475796 0.270214
v -0.573721 0.495592 -0.164963
v 0.000000 0.524264 -0.409115
v -0.197756 0.082406 -0.375675
v -0.469071 0.924284 -0.346907
v -0.300450 0.892939 -0.270471
v -0.247873 0.927548 -0.363316
v -0.312307 0.893378 -0.435851
v -0.597188 0.876816 -0.340788
v -0.537828 0.885978 -0.420525
v -0.402678 0.892130 -0.426629
v -0.133708 0.894630 -0.435739
v -0.534056 0.880060 -0.260698
v 0.000000 0.930016 -0.352861
v -0.363905 0.925738 -0.355050
v -0.124908 0.899097 -0.274080
v -0.399444 0.889177 -0.259174
v -0.334800 0.796126 -0.442828
v -0.442101 0.790706 -0.209603
v -0.224725 0.798932 -0.450083
v 0.000000 0.801374 -0.450837
v -0.579185 0.783885 -0.397822
v 0.000000 0.819574 -0.230494
v -0.573065 0.774192 -0.243495
v -0.584299 0.238891 -0.235669
v -0.483473 0.234675 0.325698
v -0.484777 0.512929 -0.388306
v -0.484503 0.082367 0.327898
v -0.580680 0.082514 -0.233178
v -0.343922 0.082386 -0.375656
v -0.107835 0.082423 -0.375680
v -0.257166 0.082394 -0.375668
v -0.106775 0.232729 0.331329
v -0.257099 0.082303 0.331736
v -0.257161 0.054337 -0.233944
v -0.253654 0.363627 0.233214
v -0.343919 0.054337 0.239291
v -0.107832 0.054337 0.239291
v -0.257161 0.054337 0.239291
v -0.257236 0.239692 -0.382848
v -0.255711 0.232069 0.329565
v -0.343985 0.239409 -0.382410
v -0.107872 0.240473 -0.383345
v -0.106595 0.361550 0.238285
v -0.485125 0.054337 -0.058448
v -0.485125 0.054337 0.066029
v -0.107832 0.054337 -0.233944
v -0.107832 0.053360 -0.058448
v -0.107832 0.053360 0.066029
v -0.343920 0.054337 -0.233944
v -0.343920 0.053360 -0.058448
v -0.343920 0.053360 0.066029
v -0.300473 0.498665 0.036532
v -0.233973 0.411336 -0.076256
v -0.248130 0.379798 0.056807
v -0.345803 0.516298 -0.396050
v -0.484574 0.082513 -0.369778
v -0.484573 0.055277 -0.233154
v -0.484573 0.055277 0.238790
v -0.576903 0.475565 0.206241
v -0.257161 0.053360 -0.058448
v -0.580580 0.082389 0.238638
v -0.584763 0.082335 0.065999
v -0.584775 0.082379 -0.058479
v -0.123040 0.800217 -0.451093
v -0.094790 0.402881 -0.074370
v -0.288862 0.525823 -0.094015
v -0.216309 0.550284 -0.153300
v -0.103683 0.372915 0.061965
v -0.257161 0.053360 0.066029
v -0.107927 0.522340 -0.405916
v -0.343977 0.235199 0.330415
v -0.582378 0.235226 0.234583
v -0.588396 0.236900 0.064275
v -0.588347 0.238089 -0.060560
v -0.484125 0.596929 0.186418
v -0.359850 0.639615 -0.117134
v -0.378743 0.794773 -0.207444
v -0.380060 0.795072 -0.438990
v -0.349026 0.600693 0.186009
v -0.482053 0.474126 0.293816
v -0.358008 0.615387 0.024898
v -0.261221 0.799143 -0.216124
v -0.485673 0.623110 -0.123038
v -0.485889 0.605999 0.022977
v -0.578075 0.477884 0.040234
v -0.343921 0.082259 0.331674
v -0.301092 0.483990 0.205115
v -0.571504 0.484497 -0.092919
v -0.257912 0.518744 -0.400268
v -0.485057 0.239258 -0.376163
v -0.575534 0.503591 -0.263683
v -0.107786 0.082365 0.331813
v -0.346600 0.475918 0.295409
v -0.077303 0.559760 -0.168610
v -0.136174 0.928734 -0.359885
v -0.318008 0.926540 -0.360813
v -0.409224 0.925093 -0.349633
v -0.545158 0.917423 -0.346767
v -0.517162 0.790542 -0.431560
v -0.290114 0.797473 -0.446994
v -0.099615 0.811415 -0.229329
v -0.514292 0.783078 -0.213204
v -0.598500 0.779118 -0.321237
v 0.537987 0.065082 0.289299
v 0.550470 0.357069 0.287907
v 0.537987 0.065082 -0.308534
v 0.553135 0.370428 -0.338541
v 0.554011 0.135906 0.303048
v 0.554998 0.137094 -0.333012
v 0.299612 0.061175 -0.332940
v 0.299651 0.373271 -0.386891
v 0.299612 0.061175 0.304767
v 0.154587 0.680300 -0.196330
v 0.298357 0.359815 0.300801
v 0.205792 0.665896 -0.425832
v 0.299370 0.136180 0.334589
v 0.299640 0.137108 -0.381838
v 0.194857 0.367497 0.148916
v 0.555002 0.061175 -0.126717
v 0.555002 0.061175 -0.005148
v 0.555002 0.061175 0.152176
v 0.586637 0.359796 0.140655
v 0.584888 0.361463 -0.014770
v 0.584201 0.366084 -0.140109
v 0.184391 0.383755 -0.015606
v 0.164957 0.455439 -0.120425
v 0.197752 0.053360 0.152176
v 0.197752 0.053360 -0.005148
v 0.197752 0.053360 -0.126717
v 0.197790 0.137245 -0.381948
v 0.197181 0.136708 0.335282
v 0.195427 0.321434 0.302659
v 0.197752 0.061175 0.304767
v 0.588659 0.136399 0.151603
v 0.588990 0.136898 -0.005333
v 0.589008 0.137090 -0.127000
v 0.197569 0.374771 -0.388900
v 0.197752 0.061175 -0.332940
v 0.408995 0.616001 0.105604
v 0.255997 0.473089 -0.114038
v 0.276352 0.429720 -0.026141
v 0.283625 0.407836 0.135219
v 0.299612 0.053360 -0.126717
v 0.299612 0.053360 -0.005148
v 0.299612 0.053360 0.152176
v 0.418147 0.621417 -0.051418
v 0.425569 0.690733 -0.176775
v 0.416326 0.658803 -0.413221
v 0.555094 0.632096 -0.194034
v 0.558685 0.650408 -0.372394
v 0.405024 0.563928 0.256164
v 0.404343 0.053360 0.152176
v 0.404343 0.053360 -0.005148
v 0.404343 0.053360 -0.126717
v 0.321708 0.544634 0.243232
v 0.534768 0.540700 0.242868
v 0.311192 0.661945 -0.418580
v 0.404352 0.137089 -0.381775
v 0.404343 0.061175 0.304767
v 0.317834 0.574354 0.106361
v 0.552076 0.565525 0.107651
v 0.543005 0.565587 -0.048414
v 0.404399 0.372424 -0.385557
v 0.404302 0.136018 0.334256
v 0.404254 0.357945 0.320113
v 0.404343 0.061175 -0.332940
v 0.293475 0.663229 -0.163829
v 0.322026 0.588477 -0.044470
v 0.462479 0.891403 -0.424313
v 0.460326 0.886990 -0.257491
v 0.350606 0.890966 -0.263626
v 0.229804 0.895559 -0.275265
v 0.243398 0.894089 -0.438008
v 0.357602 0.892681 -0.431169
v 0.580240 0.858197 -0.275547
v 0.584914 0.864246 -0.399524
v 0.552087 0.061844 0.237286
v 0.552083 0.234621 0.298577
v 0.581239 0.368511 -0.244036
v 0.552087 0.082893 -0.328769
v 0.482919 0.061844 -0.328760
v 0.482555 0.357235 0.315108
v 0.551963 0.082745 0.301902
v 0.554761 0.239112 -0.333811
v 0.484564 0.135920 0.330131
v 0.584763 0.137102 -0.234140
v 0.257161 0.061175 -0.332940
v 0.344106 0.372859 -0.386130
v 0.107705 0.375837 -0.390082
v 0.343919 0.061175 0.304767
v 0.107832 0.061175 0.304767
v 0.197680 0.082339 0.331782
v 0.196107 0.232072 0.330575
v 0.254733 0.324258 0.300886
v 0.197752 0.053360 0.066029
v 0.256665 0.136423 0.334918
v 0.343937 0.137091 -0.381798
v 0.107855 0.137382 -0.381985
v 0.176527 0.404073 -0.073961
v 0.299615 0.082389 -0.375661
v 0.195718 0.360118 0.236710
v 0.299582 0.082272 0.331695
v 0.197819 0.240013 -0.383112
v 0.285759 0.399245 0.224126
v 0.299612 0.054337 0.239291
v 0.197752 0.054337 0.239291
v 0.197752 0.054337 -0.233944
v 0.298875 0.234748 0.329341
v 0.299684 0.239502 -0.382598
v 0.552087 0.061844 -0.230781
v 0.555002 0.061175 -0.058448
v 0.555002 0.061175 0.066029
v 0.581010 0.358278 0.224644
v 0.586231 0.360565 0.056598
v 0.584033 0.363475 -0.070644
v 0.190785 0.373192 0.060824
v 0.151163 0.554175 -0.161997
v 0.223925 0.458266 -0.118361
v 0.107832 0.053360 -0.126717
v 0.257044 0.373901 -0.387824
v 0.107832 0.061175 -0.332940
v 0.583966 0.136097 0.238080
v 0.588912 0.136682 0.065787
v 0.589006 0.137029 -0.058695
v 0.581238 0.478068 0.123112
v 0.404236 0.234996 0.330320
v 0.404344 0.082386 -0.375653
v 0.547643 0.471821 0.267932
v 0.404343 0.054337 -0.233944
v 0.268508 0.446993 -0.082069
v 0.281060 0.416928 0.048622
v 0.299612 0.054337 -0.233944
v 0.299612 0.053360 -0.058448
v 0.299612 0.053360 0.066029
v 0.404343 0.053360 0.066029
v 0.439918 0.793730 -0.436704
v 0.406144 0.605215 0.187489
v 0.419552 0.637947 -0.122665
v 0.414041 0.617812 0.025221
v 0.257161 0.053360 -0.126717
v 0.257161 0.053360 -0.005148
v 0.257161 0.053360 0.152176
v 0.485125 0.054337 -0.126717
v 0.485125 0.054337 -0.005148
v 0.485125 0.054337 0.152176
v 0.087063 0.456632 -0.123138
v 0.099749 0.382336 -0.015076
v 0.106143 0.368512 0.150441
v 0.405912 0.515065 -0.394565
v 0.404343 0.054337 0.239291
v 0.404343 0.053360 -0.058448
v 0.298030 0.509937 -0.035810
v 0.264502 0.544167 -0.134139
v 0.197752 0.053360 -0.058448
v 0.584731 0.082300 0.152104
v 0.584773 0.082362 -0.005171
v 0.584775 0.082386 -0.126752
v 0.252268 0.371959 0.144805
v 0.225738 0.673517 -0.184354
v 0.321295 0.795515 -0.207750
v 0.257198 0.137155 -0.381894
v 0.107832 0.053360 0.152176
v 0.241761 0.391949 -0.019180
v 0.267411 0.663777 -0.422157
v 0.198067 0.520472 -0.402914
v 0.107832 0.053360 -0.005148
v 0.107465 0.136924 0.335531
v 0.106356 0.322597 0.303952
v 0.587848 0.236133 0.149376
v 0.588415 0.237526 -0.006791
v 0.588371 0.238558 -0.129064
v 0.578710 0.642250 -0.291269
v 0.404489 0.476044 0.298493
v 0.494199 0.655753 -0.407247
v 0.481273 0.558425 0.253178
v 0.356391 0.660540 -0.415451
v 0.112268 0.668005 -0.429357
v 0.485706 0.605944 0.104208
v 0.343920 0.053360 -0.005148
v 0.343920 0.053360 -0.126717
v 0.316697 0.565046 0.188420
v 0.549578 0.559625 0.189348
v 0.548105 0.564694 0.025771
v 0.541419 0.578186 -0.115026
v 0.494274 0.677244 -0.178266
v 0.482919 0.061844 0.302117
v 0.348472 0.561032 0.253605
v 0.485296 0.607862 -0.053324
v 0.344503 0.358379 0.318602
v 0.485128 0.137089 -0.375670
v 0.189283 0.804391 -0.225082
v 0.314247 0.607475 -0.107600
v 0.321524 0.579931 0.026883
v 0.078340 0.688814 -0.204512
v 0.343919 0.061175 -0.332940
v 0.484511 0.371687 -0.379372
v 0.343932 0.136075 0.334417
v 0.343920 0.053360 0.152176
v 0.361301 0.693576 -0.170991
v 0.361773 0.621265 -0.048965
v 0.352077 0.611814 0.104043
v 0.404338 0.082252 0.331654
v 0.257161 0.061175 0.304767
v 0.300083 0.490740 0.119377
v 0.551050 0.509238 -0.350687
v 0.300961 0.517335 -0.397983
v 0.573718 0.478668 -0.032158
v 0.404372 0.239349 -0.382283
v 0.313158 0.475796 0.270214
v 0.573721 0.495592 -0.164963
v 0.197756 0.082406 -0.375675
v 0.469071 0.924284 -0.346907
v 0.300450 0.892939 -0.270471
v 0.247873 0.927548 -0.363316
v 0.312307 0.893378 -0.435851
v 0.597188 0.876816 -0.340788
v 0.537828 0.885978 -0.420525
v 0.402678 0.892130 -0.426629
v 0.133708 0.894630 -0.435739
v 0.534056 0.880060 -0.260698
v 0.363905 0.925738 -0.355050
v 0.124908 0.899097 -0.274080
v 0.399444 0.889177 -0.259174
v 0.334800 0.796126 -0.442828
v 0.442101 0.790706 -0.209603
v 0.224725 0.798932 -0.450083
v 0.579185 0.783885 -0.397822
v 0.573065 0.774192 -0.243495
v 0.584299 0.238891 -0.235669
v 0.483473 0.234675 0.325698
v 0.484777 0.512929 -0.388306
v 0.484503 0.082367 0.327898
v 0.580680 0.082514 -0.233178
v 0.343922 0.082386 -0.375656
v 0.107835 0.082423 -0.375680
v 0.257166 0.082394 -0.375668
v 0.106775 0.232729 0.331329
v 0.257099 0.082303 0.331736
v 0.257161 0.054337 -0.233944
v 0.253654 0.363627 0.233214
v 0.343919 0.054337 0.239291
v 0.107832 0.054337 0.239291
v 0.257161 0.054337 0.239291
v 0.257236 0.239692 -0.382848
v 0.255711 0.232069 0.329565
v 0.343985 0.239409 -0.382410
v 0.107872 0.240473 -0.383345
v 0.106595 0.361550 0.238285
v 0.485125 0.054337 -0.058448
v 0.485125 0.054337 0.066029
v 0.107832 0.054337 -0.233944
v 0.107832 0.053360 -0.058448
v 0.107832 0.053360 0.066029
v 0.343920 0.054337 -0.233944
v 0.343920 0.053360 -0.058448
v 0.343920 0.053360 0.066029
v 0.300473 0.498665 0.036532
v 0.233973 0.411336 -0.076256
v 0.248130 0.379798 0.056807
v 0.345803 0.516298 -0.396050
v 0.484574 0.082513 -0.369778
v 0.484573 0.055277 -0.233154
v 0.484573 0.055277 0.238790
v 0.576903 0.475565 0.206241
v 0.257161 0.053360 -0.058448
v 0.580580 0.082389 0.238638
v 0.584763 0.082335 0.065999
v 0.584775 0.082379 -0.058479
v 0.123040 0.800217 -0.451093
v 0.094790 0.402881 -0.074370
v 0.288862 0.525823 -0.094015
v 0.216309 0.550284 -0.153300
v 0.103683 0.372915 0.061965
v 0.257161 0.053360 0.066029
v 0.107927 0.522340 -0.405916
v 0.343977 0.235199 0.330415
v 0.582378 0.235226 0.234583
v 0.588396 0.236900 0.064275
v 0.588347 0.238089 -0.060560
v 0.484125 0.596929 0.186418
v 0.359850 0.639615 -0.117134
v 0.378743 0.794773 -0.207444
v 0.380060 0.795072 -0.438990
v 0.349026 0.600693 0.186009
v 0.482053 0.474126 0.293816
v 0.358008 0.615387 0.024898
v 0.261221 0.799143 -0.216124
v 0.485673 0.623110 -0.123038
v 0.485889 0.605999 0.022977
v 0.578075 0.477884 0.040234
v 0.343921 0.082259 0.331674
v 0.301092 0.483990 0.205115
v 0.571504 0.484497 -0.092919
v 0.257912 0.518744 -0.400268
v 0.485057 0.239258 -0.376163
v 0.575534 0.503591 -0.263683
v 0.107786 0.082365 0.331813
v 0.346600 0.475918 0.295409
v 0.077303 0.559760 -0.168610
v 0.136174 0.928734 -0.359885
v 0.318008 0.926540 -0.360813
v 0.409224 0.925093 -0.349633
v 0.545158 0.917423 -0.346767
v 0.517162 0.790542 -0.431560
v 0.290114 0.797473 -0.446994
v 0.099615 0.811415 -0.229329
v 0.514292 0.783078 -0.213204
v 0.598500 0.779118 -0.321237
vn -0.9997 0.0187 -0.0177
vn -0.9853 -0.0370 -0.1667
vn -0.9992 -0.0356 -0.0193
vn -0.9982 0.0590 -0.0049
vn -0.9871 0.0084 -0.1602
vn -0.9894 0.0222 -0.1432
vn -0.7455 -0.0085 -0.6665
vn -0.7304 -0.0484 -0.6813
vn -0.0292 0.0619 0.9977
vn -0.1888 0.0008 0.9820
vn -0.0265 -0.0045 0.9996
vn -0.0213 0.1324 0.9910
vn -0.1959 0.0652 0.9785
vn -0.1987 0.1289 0.9715
vn -0.5989 0.0619 0.7985
vn -0.5949 0.0028 0.8038
vn -0.0422 -0.0446 -0.9981
vn -0.2519 -0.1060 -0.9619
vn -0.0482 -0.1001 -0.9938
vn -0.2612 -0.0438 -0.9643
vn -0.7375 -0.0890 -0.6694
vn -0.7102 -0.1877 -0.6786
vn -0.2341 -0.1781 -0.9558
vn -0.0504 -0.1561 -0.9865
vn -0.0113 -0.9137 0.4062
vn -0.1775 -0.2991 0.9376
vn -0.1061 -0.8902 0.4431
vn -0.0234 -0.3190 0.9475
vn -0.5363 -0.3510 0.7676
vn -0.3506 -0.8561 0.3796
vn -0.8710 -0.4911 -0.0166
vn -0.3553 -0.9331 -0.0565
vn -0.3514 -0.9362 -0.0079
vn -0.8666 -0.4792 -0.1388
vn -0.6375 -0.4586 -0.6191
vn -0.3743 -0.8975 -0.2331
vn -0.0344 -0.3951 -0.9180
vn -0.0000 -0.9628 -0.2701
vn -0.0120 -0.9604 -0.2782
vn -0.0007 -0.0580 -0.9983
vn -0.0001 -0.4086 -0.9127
vn -0.0002 -0.4089 -0.9126
vn -0.0001 -0.4100 -0.9121
vn -0.0000 -0.9628 -0.2703
vn -0.0000 -0.9628 -0.2702
vn -0.0008 -0.0615 -0.9981
vn -0.0000 -0.4103 -0.9120
vn -0.0005 -0.0627 -0.9980
vn -0.0000 -0.9627 -0.2705
vn -0.0012 -0.0590 -0.9983
vn -0.0002 -0.4095 -0.9123
vn -0.0012 -0.0602 -0.9982
vn -0.0000 -0.0141 0.9999
vn -0.0074 0.1582 0.9874
vn -0.0026 -0.0114 0.9999
vn -0.0000 0.5258 0.8506
vn -0.0000 0.1555 0.9878
vn -0.0142 0.5298 0.8480
vn -0.0131 0.1629 0.9866
vn -0.0050 -0.0065 1.0000
vn -0.0000 -0.9170 0.3990
vn -0.0016 -0.3325 0.9431
vn -0.0013 -0.3364 0.9417
vn -0.0062 -0.0020 1.0000
vn -0.0028 -0.0028 1.0000
vn -0.0010 -0.3296 0.9441
vn -0.0000 -0.9169 0.3990
vn -0.0000 -0.9992 -0.0391
vn -0.0000 -1.0000 -0.0046
vn 0.0299 0.9967 0.0750
vn 0.3791 0.8648 0.3291
vn 0.0089 0.9472 0.3207
vn 0.4386 0.8941 0.0905
vn 0.8708 0.4510 0.1954
vn 0.4560 0.3193 0.8308
vn 0.1552 0.4654 0.8714
vn -0.0104 0.5294 0.8483
vn -0.0000 -1.0000 0.0056
vn -0.0060 -0.9983 0.0578
vn -0.0060 -1.0000 0.0056
vn -0.0000 -0.9983 0.0577
vn -0.0000 -0.9169 0.3991
vn -0.0054 -0.0192 -0.9998
vn -0.0192 -0.0538 -0.9984
vn -0.0055 -0.0225 -0.9997
vn -0.0195 -0.0605 -0.9980
vn -0.0040 -0.0263 -0.9996
vn -0.0052 0.1648 0.9863
vn 0.0434 0.1238 0.9914
vn -0.0386 -0.0148 -0.9991
vn -0.0374 -0.0570 -0.9977
vn -0.0034 -0.0166 -0.9999
vn -0.0131 -0.0481 -0.9988
vn -0.0152 -0.0684 -0.9975
vn -0.0029 -0.0306 -0.9995
vn -0.0120 -0.0775 -0.9969
vn -0.0000 -0.0339 -0.9994
vn -0.0000 -0.0634 -0.9980
vn -0.0000 0.9980 0.0631
vn -0.0167 0.9487 0.3158
vn -0.0000 0.9482 0.3178
vn -0.0122 0.9978 0.0652
vn -0.0548 -0.9985 -0.0000
vn -0.3506 -0.9365 -0.0000
vn -0.0060 -1.0000 -0.0045
vn -0.0548 -0.9985 -0.0045
vn -0.0060 -1.0000 -0.0000
vn -0.3504 -0.9366 -0.0001
vn -0.3502 -0.9367 -0.0000
vn -0.0548 -0.9985 0.0055
vn -0.3510 -0.9363 0.0097
vn -0.0000 -1.0000 -0.0000
vn -0.0060 -0.9992 -0.0392
vn 0.8759 0.4718 0.1009
vn 0.9780 0.2070 0.0260
vn 0.8902 0.4508 0.0662
vn 0.8446 0.4947 0.2046
vn 0.9685 0.2454 0.0426
vn 0.9481 0.2850 0.1408
vn 0.8631 0.5042 0.0283
vn 0.8865 0.4620 0.0250
vn 0.1875 0.4733 0.8607
vn 0.0481 0.8168 0.5749
vn 0.0424 0.5051 0.8620
vn 0.7218 0.4868 0.4920
vn 0.3306 0.7556 0.5654
vn 0.4294 0.8658 0.2571
vn 0.0664 0.9687 0.2393
vn 0.4466 0.8852 0.1306
vn 0.0525 0.9928 0.1080
vn -0.0314 -0.1050 -0.9940
vn -0.0433 -0.1117 -0.9928
vn -0.0481 -0.1583 -0.9862
vn -0.0665 -0.1677 -0.9836
vn -0.1205 -0.9408 -0.3167
vn -0.2484 -0.3780 -0.8919
vn -0.2550 -0.0546 -0.9654
vn -0.0545 -0.9978 -0.0376
vn -0.3565 -0.9305 0.0847
vn -0.0540 -0.9970 0.0553
vn -0.9990 0.0310 0.0326
vn -0.9473 0.2051 0.2462
vn -0.9822 0.1873 0.0156
vn -0.9608 0.0552 0.2718
vn -0.5822 0.2662 0.7682
vn -0.5538 0.5275 0.6442
vn -0.7401 0.6327 0.2281
vn -0.7796 0.6260 0.0167
vn -0.8625 -0.4625 0.2054
vn -0.9681 -0.0160 0.2499
vn -0.8721 -0.4887 0.0222
vn -0.9991 -0.0312 0.0300
vn -0.8707 -0.4919 0.0006
vn -0.9994 -0.0353 0.0024
vn -0.8705 -0.4922 0.0001
vn -0.9994 -0.0358 0.0005
vn -0.8705 -0.4922 -0.0000
vn -0.9994 -0.0354 -0.0001
vn -0.0266 -0.1580 -0.9871
vn -0.0000 0.0269 -0.9996
vn -0.0000 -0.1478 -0.9890
vn -0.0399 -0.1684 -0.9849
vn -0.0008 0.0016 -1.0000
vn -0.0233 -0.0235 -0.9995
vn 0.0172 0.4452 -0.8953
vn -0.0000 0.4915 -0.8709
vn 0.0255 0.5204 0.8536
vn -0.0000 0.8127 0.5827
vn -0.0000 0.5171 0.8559
vn 0.0142 0.8173 0.5760
vn 0.0091 0.9742 0.2255
vn -0.0000 0.9747 0.2236
vn 0.4929 0.3988 0.7733
vn 0.8571 0.3028 0.4167
vn 0.4973 0.3178 0.8073
vn 0.6632 0.5576 0.4992
vn 0.8164 0.5560 0.1557
vn 0.1912 0.3080 0.9320
vn 0.0825 0.3189 0.9442
vn 0.1685 0.2792 0.9453
vn 0.2614 0.4020 0.8775
vn -0.0000 0.9968 0.0804
vn -0.0020 0.9960 0.0895
vn -0.0000 -0.0847 -0.9964
vn -0.0272 -0.1348 -0.9905
vn -0.0000 -0.1402 -0.9901
vn -0.0344 -0.1272 -0.9913
vn 0.0113 0.0678 0.9976
vn -0.0028 -0.0057 1.0000
vn 0.1529 0.1613 0.9750
vn -0.5934 0.1158 0.7965
vn -0.9642 0.0288 0.2636
vn -0.9993 0.0107 0.0363
vn -0.9999 0.0107 0.0017
vn -0.9991 0.0404 -0.0146
vn -0.9999 0.0158 -0.0032
vn -0.9982 0.0567 -0.0217
vn -0.9998 0.0195 -0.0023
vn -0.9978 0.0662 -0.0077
vn -0.0258 0.9968 0.0759
vn -0.2874 0.9115 0.2944
vn -0.0099 0.9404 0.3399
vn -0.3352 0.9407 0.0514
vn -0.2053 0.5996 0.7735
vn -0.0050 0.6207 0.7840
vn 0.1641 0.8120 0.5601
vn 0.0047 0.4741 0.8804
vn -0.1325 0.8392 0.5275
vn -0.1032 0.9843 0.1429
vn 0.3194 0.9312 0.1758
vn -0.1016 0.4651 0.8794
vn -0.0297 0.3990 0.9165
vn -0.0662 0.3707 0.9264
vn 0.0641 0.4005 0.9140
vn 0.0482 0.7110 0.7015
vn 0.0133 0.6780 0.7349
vn -0.0507 0.6514 0.7570
vn -0.0876 -0.0437 -0.9952
vn -0.0625 -0.0348 -0.9974
vn -0.0512 -0.0303 -0.9982
vn -0.0651 0.4309 -0.9001
vn -0.0968 0.4105 -0.9067
vn 0.4144 0.8678 0.2743
vn 0.8762 0.4597 0.1446
vn 0.4323 0.8998 0.0587
vn 0.3004 0.5929 0.7472
vn 0.7604 0.4498 0.4685
vn -0.1986 0.2809 0.9390
vn -0.0089 0.2924 0.9563
vn 0.3911 0.9191 0.0476
vn -0.0588 0.9974 0.0425
vn 0.0520 0.3606 0.9313
vn 0.0943 0.3836 0.9187
vn 0.0002 0.7247 0.6891
vn 0.0419 0.7362 0.6754
vn -0.3771 0.7925 0.4793
vn -0.8014 0.2563 0.5404
vn -0.2989 0.4287 0.8526
vn -0.8004 0.5485 0.2420
vn -0.4055 0.9074 0.1108
vn -0.3715 0.9284 0.0086
vn -0.8047 0.5931 0.0251
vn -0.7920 0.6094 -0.0371
vn -0.9799 0.1949 -0.0426
vn -0.9772 0.2089 -0.0367
vn -0.0008 -0.3278 0.9448
vn 0.7614 0.2992 0.5752
vn 0.9727 0.2038 0.1115
vn -0.9774 0.2101 0.0233
vn -0.9863 0.1410 0.0853
vn -0.0442 -0.1189 -0.9919
vn -0.0610 -0.1727 -0.9831
vn -0.7465 -0.0279 -0.6648
vn -0.2634 -0.0141 -0.9646
vn -0.9967 0.0149 -0.0795
vn -0.9970 -0.0773 0.0038
vn -0.0007 -0.3396 0.9406
vn -0.0000 -0.3412 0.9400
vn 0.2501 0.3092 0.9175
vn 0.0534 0.3307 0.9422
vn -0.0000 0.3250 0.9457
vn 0.0632 0.2367 0.9695
vn 0.0981 0.2520 0.9627
vn -0.0089 0.9987 -0.0511
vn -0.0000 0.9997 -0.0235
vn -0.0120 0.9982 -0.0593
vn -0.0350 0.6968 0.7164
vn -0.0000 0.6681 0.7441
vn -0.0694 0.3958 -0.9157
vn -0.0129 0.4116 -0.9113
vn -0.0228 0.9978 -0.0624
vn -0.0195 0.9994 -0.0297
vn -0.0603 0.4198 -0.9056
vn -0.0133 0.9999 0.0003
vn -0.0548 0.9985 0.0086
vn -0.2603 0.3619 -0.8951
vn -0.7030 0.2779 -0.6547
vn -0.3565 0.9343 -0.0047
vn -0.7126 0.4091 0.5699
vn -0.2850 0.5784 0.7644
vn -0.6880 -0.1508 -0.7099
vn -0.2101 -0.0630 -0.9756
vn -0.0649 -0.0390 -0.9971
vn 0.0099 0.3129 0.9497
vn -0.0000 0.2198 0.9755
vn -0.2571 0.3224 0.9110
vn -0.7207 0.1717 0.6717
vn -0.9977 -0.0655 0.0196
vn -0.8923 0.4512 0.0181
vn 0.9853 -0.0370 -0.1667
vn 0.9997 0.0187 -0.0177
vn 0.9992 -0.0356 -0.0193
vn 0.9871 0.0084 -0.1602
vn 0.9982 0.0590 -0.0049
vn 0.7455 -0.0085 -0.6665
vn 0.9894 0.0222 -0.1432
vn 0.7304 -0.0484 -0.6813
vn 0.1888 0.0008 0.9820
vn 0.0292 0.0619 0.9977
vn 0.0265 -0.0045 0.9996
vn 0.1959 0.0652 0.9785
vn 0.0213 0.1324 0.9910
vn 0.5989 0.0619 0.7985
vn 0.1987 0.1289 0.9715
vn 0.5949 0.0028 0.8038
vn 0.0422 -0.0446 -0.9981
vn 0.2519 -0.1060 -0.9619
vn 0.2612 -0.0438 -0.9643
vn 0.7375 -0.0890 -0.6694
vn 0.7465 -0.0279 -0.6648
vn 0.7102 -0.1877 -0.6786
vn 0.0482 -0.1001 -0.9938
vn 0.2341 -0.1781 -0.9558
vn 0.0113 -0.9137 0.4062
vn 0.1775 -0.2991 0.9376
vn 0.0234 -0.3190 0.9475
vn 0.1061 -0.8902 0.4431
vn 0.5363 -0.3510 0.7676
vn 0.3553 -0.9331 -0.0565
vn 0.8710 -0.4911 -0.0166
vn 0.3514 -0.9362 -0.0079
vn 0.8666 -0.4792 -0.1388
vn 0.6375 -0.4586 -0.6191
vn 0.3743 -0.8975 -0.2331
vn 0.0344 -0.3951 -0.9180
vn 0.0120 -0.9604 -0.2782
vn 0.0007 -0.0580 -0.9983
vn 0.0374 -0.0570 -0.9977
vn 0.0002 -0.4089 -0.9126
vn 0.0001 -0.4086 -0.9127
vn 0.0001 -0.4100 -0.9121
vn 0.0008 -0.0615 -0.9981
vn 0.0005 -0.0627 -0.9980
vn 0.0002 -0.4095 -0.9123
vn 0.0012 -0.0590 -0.9983
vn 0.0012 -0.0602 -0.9982
vn 0.0074 0.1582 0.9874
vn 0.0131 0.1629 0.9866
vn 0.0142 0.5298 0.8480
vn 0.0026 -0.0114 0.9999
vn 0.0016 -0.3325 0.9431
vn 0.0013 -0.3364 0.9417
vn 0.0062 -0.0020 1.0000
vn 0.0050 -0.0065 1.0000
vn 0.0028 -0.0028 1.0000
vn 0.0010 -0.3296 0.9441
vn -0.0299 0.9967 0.0750
vn -0.3791 0.8648 0.3291
vn -0.4386 0.8941 0.0905
vn -0.8708 0.4510 0.1954
vn -0.8902 0.4508 0.0662
vn -0.4560 0.3193 0.8308
vn -0.0089 0.9472 0.3207
vn -0.1552 0.4654 0.8714
vn 0.0060 -0.9983 0.0578
vn 0.0060 -1.0000 0.0056
vn 0.0054 -0.0192 -0.9998
vn 0.0055 -0.0225 -0.9997
vn 0.0192 -0.0538 -0.9984
vn 0.0040 -0.0263 -0.9996
vn 0.0195 -0.0605 -0.9980
vn 0.0052 0.1648 0.9863
vn 0.0104 0.5294 0.8483
vn -0.0434 0.1238 0.9914
vn 0.0386 -0.0148 -0.9991
vn 0.0034 -0.0166 -0.9999
vn 0.0131 -0.0481 -0.9988
vn 0.0029 -0.0306 -0.9995
vn 0.0152 -0.0684 -0.9975
vn 0.0120 -0.0775 -0.9969
vn 0.0167 0.9487 0.3158
vn 0.0122 0.9978 0.0652
vn 0.0548 -0.9985 -0.0000
vn 0.0548 -0.9985 -0.0045
vn 0.0060 -1.0000 -0.0045
vn 0.0060 -1.0000 -0.0000
vn 0.3504 -0.9366 -0.0001
vn 0.3506 -0.9365 -0.0000
vn 0.3502 -0.9367 -0.0000
vn 0.0548 -0.9985 0.0055
vn 0.3510 -0.9363 0.0097
vn 0.0060 -0.9992 -0.0392
vn -0.9780 0.2070 0.0260
vn -0.8759 0.4718 0.1009
vn -0.9685 0.2454 0.0426
vn -0.8446 0.4947 0.2046
vn -0.8631 0.5042 0.0283
vn -0.9481 0.2850 0.1408
vn -0.8865 0.4620 0.0250
vn -0.0481 0.8168 0.5749
vn -0.1875 0.4733 0.8607
vn -0.0424 0.5051 0.8620
vn -0.7218 0.4868 0.4920
vn -0.4929 0.3988 0.7733
vn -0.3306 0.7556 0.5654
vn -0.4294 0.8658 0.2571
vn -0.0664 0.9687 0.2393
vn -0.4466 0.8852 0.1306
vn -0.0525 0.9928 0.1080
vn 0.0314 -0.1050 -0.9940
vn 0.0481 -0.1583 -0.9862
vn 0.0665 -0.1677 -0.9836
vn 0.0433 -0.1117 -0.9928
vn 0.1205 -0.9408 -0.3167
vn 0.2484 -0.3780 -0.8919
vn 0.2550 -0.0546 -0.9654
vn 0.0545 -0.9978 -0.0376
vn 0.3565 -0.9305 0.0847
vn 0.0540 -0.9970 0.0553
vn 0.3506 -0.8561 0.3796
vn 0.9990 0.0310 0.0326
vn 0.9473 0.2051 0.2462
vn 0.9608 0.0552 0.2718
vn 0.5822 0.2662 0.7682
vn 0.5934 0.1158 0.7965
vn 0.5538 0.5275 0.6442
vn 0.9822 0.1873 0.0156
vn 0.7401 0.6327 0.2281
vn 0.8625 -0.4625 0.2054
vn 0.9681 -0.0160 0.2499
vn 0.8721 -0.4887 0.0222
vn 0.8707 -0.4919 0.0006
vn 0.9991 -0.0312 0.0300
vn 0.8705 -0.4922 0.0001
vn 0.9994 -0.0353 0.0024
vn 0.8705 -0.4922 -0.0000
vn 0.9994 -0.0358 0.0005
vn 0.9994 -0.0354 -0.0001
vn 0.0266 -0.1580 -0.9871
vn 0.0008 0.0016 -1.0000
vn 0.0399 -0.1684 -0.9849
vn -0.0172 0.4452 -0.8953
vn 0.0233 -0.0235 -0.9995
vn -0.0255 0.5204 0.8536
vn -0.0142 0.8173 0.5760
vn -0.0091 0.9742 0.2255
vn -0.8571 0.3028 0.4167
vn -0.6632 0.5576 0.4992
vn -0.4973 0.3178 0.8073
vn -0.8164 0.5560 0.1557
vn -0.1912 0.3080 0.9320
vn -0.1685 0.2792 0.9453
vn -0.0825 0.3189 0.9442
vn -0.2614 0.4020 0.8775
vn 0.0020 0.9960 0.0895
vn 0.0272 -0.1348 -0.9905
vn 0.0344 -0.1272 -0.9913
vn -0.0113 0.0678 0.9976
vn -0.1529 0.1613 0.9750
vn 0.0028 -0.0057 1.0000
vn 0.9642 0.0288 0.2636
vn 0.9993 0.0107 0.0363
vn 0.9999 0.0107 0.0017
vn 0.9999 0.0158 -0.0032
vn 0.9991 0.0404 -0.0146
vn 0.9998 0.0195 -0.0023
vn 0.9982 0.0567 -0.0217
vn 0.9978 0.0662 -0.0077
vn 0.0258 0.9968 0.0759
vn 0.2874 0.9115 0.2944
vn 0.3352 0.9407 0.0514
vn 0.7796 0.6260 0.0167
vn 0.0099 0.9404 0.3399
vn 0.2053 0.5996 0.7735
vn -0.1641 0.8120 0.5601
vn -0.0047 0.4741 0.8804
vn 0.1325 0.8392 0.5275
vn 0.1016 0.4651 0.8794
vn 0.1032 0.9843 0.1429
vn -0.3194 0.9312 0.1758
vn 0.0297 0.3990 0.9165
vn -0.0641 0.4005 0.9140
vn -0.0482 0.7110 0.7015
vn 0.0662 0.3707 0.9264
vn -0.0133 0.6780 0.7349
vn 0.0876 -0.0437 -0.9952
vn 0.0625 -0.0348 -0.9974
vn 0.0504 -0.1561 -0.9865
vn 0.0651 0.4309 -0.9001
vn 0.0512 -0.0303 -0.9982
vn 0.0968 0.4105 -0.9067
vn -0.4144 0.8678 0.2743
vn -0.4323 0.8998 0.0587
vn -0.3004 0.5929 0.7472
vn -0.7604 0.4498 0.4685
vn -0.8762 0.4597 0.1446
vn 0.1986 0.2809 0.9390
vn 0.0089 0.2924 0.9563
vn 0.0050 0.6207 0.7840
vn -0.3911 0.9191 0.0476
vn 0.0588 0.9974 0.0425
vn -0.0520 0.3606 0.9313
vn -0.0981 0.2520 0.9627
vn -0.0943 0.3836 0.9187
vn -0.0002 0.7247 0.6891
vn 0.3771 0.7925 0.4793
vn 0.2989 0.4287 0.8526
vn 0.8014 0.2563 0.5404
vn 0.4055 0.9074 0.1108
vn 0.8004 0.5485 0.2420
vn 0.3715 0.9284 0.0086
vn 0.8047 0.5931 0.0251
vn 0.7920 0.6094 -0.0371
vn 0.9799 0.1949 -0.0426
vn 0.9772 0.2089 -0.0367
vn 0.0008 -0.3278 0.9448
vn -0.7614 0.2992 0.5752
vn -0.9727 0.2038 0.1115
vn 0.9774 0.2101 0.0233
vn 0.9863 0.1410 0.0853
vn 0.0442 -0.1189 -0.9919
vn 0.0610 -0.1727 -0.9831
vn 0.2634 -0.0141 -0.9646
vn 0.9967 0.0149 -0.0795
vn 0.9970 -0.0773 0.0038
vn 0.0007 -0.3396 0.9406
vn -0.2501 0.3092 0.9175
vn -0.0534 0.3307 0.9422
vn -0.0632 0.2367 0.9695
vn 0.0089 0.9987 -0.0511
vn 0.0120 0.9982 -0.0593
vn 0.0129 0.4116 -0.9113
vn 0.0350 0.6968 0.7164
vn 0.0694 0.3958 -0.9157
vn 0.0228 0.9978 -0.0624
vn -0.0419 0.7362 0.6754
vn 0.0195 0.9994 -0.0297
vn 0.0133 0.9999 0.0003
vn 0.0603 0.4198 -0.9056
vn 0.0548 0.9985 0.0086
vn 0.2603 0.3619 -0.8951
vn 0.3565 0.9343 -0.0047
vn 0.7030 0.2779 -0.6547
vn 0.7126 0.4091 0.5699
vn 0.8923 0.4512 0.0181
vn 0.2850 0.5784 0.7644
vn 0.6880 -0.1508 -0.7099
vn 0.2101 -0.0630 -0.9756
vn 0.0649 -0.0390 -0.9971
vn -0.0099 0.3129 0.9497
vn -0.0000 0.2838 0.9589
vn 0.2571 0.3224 0.9110
vn 0.0507 0.6514 0.7570
vn 0.7207 0.1717 0.6717
vn 0.9977 -0.0655 0.0196
vt 0.509294 0.187500
vt 0.429598 0.218471
vt 0.429598 0.187500
vt 0.586566 0.187500
vt 0.509294 0.218471
vt 0.586566 0.218471
vt 0.509294 0.247766
vt 0.429598 0.247766
vt 0.509294 0.956852
vt 0.426664 0.976195
vt 0.429598 0.956852
vt 0.586566 0.956852
vt 0.509362 0.976195
vt 0.589769 0.976195
vt 0.509698 1.000000
vt 0.394397 1.000000
vt 0.586566 0.293148
vt 0.620196 0.273526
vt 0.620196 0.293148
vt 0.586566 0.273526
vt 0.620196 0.247766
vt 0.625000 0.247766
vt 0.625000 0.273526
vt 0.625000 0.293148
vt 0.375000 0.950903
vt 0.388365 0.976071
vt 0.375000 0.975451
vt 0.389098 0.956356
vt 0.384698 1.000000
vt 0.375000 1.000000
vt 0.389098 0.187500
vt 0.375000 0.218750
vt 0.375000 0.187500
vt 0.429598 0.187500
vt 0.389098 0.218517
vt 0.429598 0.218471
vt 0.389098 0.247952
vt 0.375000 0.250000
vt 0.389098 0.293644
vt 0.375000 0.305799
vt 0.375000 0.299097
vt 0.429598 0.304920
vt 0.389098 0.305067
vt 0.389098 0.311513
vt 0.375000 0.312500
vt 0.389098 0.326871
vt 0.375000 0.347222
vt 0.375000 0.319444
vt 0.429598 0.327546
vt 0.388365 0.348066
vt 0.426664 0.348235
vt 0.384698 0.375000
vt 0.375000 0.375000
vt 0.375000 0.315972
vt 0.429598 0.311424
vt 0.389098 0.316704
vt 0.429598 0.316850
vt 0.394397 0.875000
vt 0.513365 0.901934
vt 0.426664 0.901765
vt 0.625000 0.875000
vt 0.509698 0.875000
vt 0.625000 0.902778
vt 0.514098 0.923129
vt 0.429598 0.922454
vt 0.375000 0.930556
vt 0.389098 0.933296
vt 0.375000 0.934028
vt 0.389098 0.923129
vt 0.429598 0.933150
vt 0.429598 0.938577
vt 0.389098 0.938487
vt 0.375000 0.937500
vt 0.190972 0.500000
vt 0.186513 0.531250
vt 0.187500 0.500000
vt 0.201871 0.531250
vt 0.191704 0.531250
vt 0.202546 0.562500
vt 0.191850 0.562500
vt 0.186424 0.562500
vt 0.797454 0.687500
vt 0.808063 0.718750
vt 0.798129 0.718750
vt 0.807870 0.687500
vt 0.811439 0.718750
vt 0.812500 0.750000
vt 0.809028 0.750000
vt 0.805556 0.750000
vt 0.179920 0.687500
vt 0.168644 0.718750
vt 0.168148 0.687500
vt 0.186513 0.718750
vt 0.180067 0.718750
vt 0.180799 0.750000
vt 0.174097 0.750000
vt 0.223235 0.687500
vt 0.201871 0.718750
vt 0.202546 0.687500
vt 0.250000 0.687500
vt 0.223066 0.718750
vt 0.250000 0.718750
vt 0.222222 0.750000
vt 0.194444 0.750000
vt 0.191850 0.687500
vt 0.186424 0.687500
vt 0.191704 0.718750
vt 0.190972 0.750000
vt 0.187500 0.750000
vt 0.509294 0.311424
vt 0.429598 0.316850
vt 0.586566 0.311424
vt 0.509294 0.316850
vt 0.586566 0.316850
vt 0.509294 0.327546
vt 0.429598 0.327546
vt 0.514098 0.933296
vt 0.625000 0.930556
vt 0.625000 0.934028
vt 0.513298 0.938487
vt 0.509294 0.293148
vt 0.429598 0.304920
vt 0.429598 0.293148
vt 0.509294 0.304920
vt 0.586566 0.304920
vt 0.509294 0.327546
vt 0.586566 0.327546
vt 0.509362 0.348235
vt 0.589769 0.348235
vt 0.509698 0.375000
vt 0.394397 0.375000
vt 0.750000 0.687500
vt 0.776934 0.718750
vt 0.750000 0.718750
vt 0.776765 0.687500
vt 0.777778 0.750000
vt 0.750000 0.750000
vt 0.125000 0.562500
vt 0.148805 0.593750
vt 0.125000 0.593750
vt 0.168148 0.562500
vt 0.148805 0.562500
vt 0.168148 0.593750
vt 0.148805 0.625000
vt 0.125000 0.625000
vt 0.125000 0.656250
vt 0.168148 0.625000
vt 0.148805 0.656250
vt 0.168148 0.656250
vt 0.148805 0.687500
vt 0.125000 0.687500
vt 0.222222 0.500000
vt 0.194444 0.500000
vt 0.250000 0.500000
vt 0.223066 0.531250
vt 0.250000 0.531250
vt 0.223235 0.562500
vt 0.202546 0.593750
vt 0.250000 0.562500
vt 0.223235 0.593750
vt 0.250000 0.593750
vt 0.223235 0.625000
vt 0.202546 0.625000
vt 0.223235 0.656250
vt 0.202546 0.656250
vt 0.250000 0.625000
vt 0.250000 0.656250
vt 0.180799 0.500000
vt 0.168644 0.531250
vt 0.174097 0.500000
vt 0.180067 0.531250
vt 0.179920 0.562500
vt 0.168148 0.562500
vt 0.179920 0.593750
vt 0.186424 0.562500
vt 0.186424 0.625000
vt 0.179920 0.625000
vt 0.168148 0.625000
vt 0.168148 0.656250
vt 0.179920 0.656250
vt 0.186424 0.656250
vt 0.179920 0.687500
vt 0.168148 0.687500
vt 0.811343 0.656250
vt 0.812635 0.687500
vt 0.811343 0.687500
vt 0.811343 0.625000
vt 0.812635 0.656250
vt 0.812635 0.625000
vt 0.814734 0.656250
vt 0.814734 0.687500
vt 0.807795 0.573809
vt 0.797454 0.595052
vt 0.797454 0.572917
vt 0.811243 0.595727
vt 0.807852 0.595221
vt 0.811343 0.625000
vt 0.807870 0.625000
vt 0.797454 0.625000
vt 0.797454 0.625000
vt 0.807870 0.656250
vt 0.797454 0.656250
vt 0.807871 0.625000
vt 0.807871 0.687500
vt 0.797454 0.687500
vt 0.620196 0.304920
vt 0.620196 0.311424
vt 0.586566 0.304920
vt 0.625000 0.304920
vt 0.625000 0.311424
vt 0.375000 0.274549
vt 0.389098 0.273696
vt 0.429598 0.273526
vt 0.125000 0.500000
vt 0.148929 0.531250
vt 0.125000 0.531250
vt 0.149549 0.500000
vt 0.125000 0.718750
vt 0.148929 0.718750
vt 0.149549 0.750000
vt 0.125000 0.750000
vt 0.586566 0.062500
vt 0.620997 0.031250
vt 0.620196 0.062500
vt 0.589769 0.031250
vt 0.625000 0.000000
vt 0.625000 0.031250
vt 0.625000 0.062500
vt 0.186424 0.593750
vt 0.191850 0.593750
vt 0.202546 0.625000
vt 0.191850 0.625000
vt 0.375000 0.000000
vt 0.388365 0.031250
vt 0.375000 0.031250
vt 0.384698 0.000000
vt 0.426664 0.031250
vt 0.389098 0.062500
vt 0.375000 0.062500
vt 0.375000 0.093750
vt 0.429598 0.062500
vt 0.389098 0.093750
vt 0.429598 0.093750
vt 0.389098 0.125000
vt 0.375000 0.125000
vt 0.375000 0.156250
vt 0.429598 0.125000
vt 0.389098 0.156250
vt 0.429598 0.156250
vt 0.625000 0.348235
vt 0.625000 0.375000
vt 0.625000 0.375000
vt 0.625000 0.327546
vt 0.625000 0.348066
vt 0.625000 0.326871
vt 0.625000 0.347222
vt 0.625000 0.375000
vt 0.776765 0.572049
vt 0.750000 0.593750
vt 0.750000 0.562500
vt 0.776765 0.594835
vt 0.776765 0.625000
vt 0.750000 0.625000
vt 0.811343 0.625000
vt 0.810764 0.578125
vt 0.812487 0.595143
vt 0.811444 0.573496
vt 0.814581 0.594740
vt 0.814734 0.625000
vt 0.807795 0.573809
vt 0.797454 0.572917
vt 0.807890 0.564978
vt 0.797454 0.563802
vt 0.808071 0.563273
vt 0.813275 0.570000
vt 0.750000 0.656250
vt 0.776765 0.656250
vt 0.202546 0.656250
vt 0.191850 0.656250
vt 0.186424 0.687500
vt 0.620997 0.348235
vt 0.589769 0.348235
vt 0.620196 0.327546
vt 0.510095 0.945057
vt 0.429598 0.945080
vt 0.589769 0.944968
vt 0.509698 0.000000
vt 0.394397 0.000000
vt 0.625000 0.000000
vt 0.509362 0.031250
vt 0.509294 0.062500
vt 0.509294 0.062500
vt 0.429598 0.093750
vt 0.586566 0.062500
vt 0.509294 0.093750
vt 0.586566 0.093750
vt 0.509294 0.125000
vt 0.429598 0.125000
vt 0.429598 0.156250
vt 0.586566 0.125000
vt 0.509294 0.156250
vt 0.586566 0.156250
vt 0.831852 0.687500
vt 0.851071 0.718750
vt 0.831356 0.718750
vt 0.875000 0.687500
vt 0.851195 0.687500
vt 0.875000 0.750000
vt 0.850451 0.750000
vt 0.825903 0.750000
vt 0.820192 0.594974
vt 0.814581 0.594740
vt 0.820071 0.572604
vt 0.831852 0.595052
vt 0.831852 0.625000
vt 0.820224 0.625000
vt 0.814734 0.625000
vt 0.831852 0.572917
vt 0.820072 0.562422
vt 0.831852 0.562500
vt 0.820071 0.572604
vt 0.813544 0.561971
vt 0.813576 0.552083
vt 0.820080 0.552083
vt 0.831852 0.552083
vt 0.625000 0.304920
vt 0.625000 0.311513
vt 0.625000 0.293148
vt 0.625000 0.305067
vt 0.625000 0.293644
vt 0.625000 0.305799
vt 0.625000 0.312500
vt 0.814734 0.687500
vt 0.820054 0.718750
vt 0.814548 0.718750
vt 0.820224 0.687500
vt 0.819201 0.750000
vt 0.625000 1.000000
vt 0.620997 0.976071
vt 0.625000 1.000000
vt 0.620196 0.956356
vt 0.625000 0.950903
vt 0.625000 0.975451
vt 0.814734 0.625000
vt 0.820224 0.656250
vt 0.820224 0.625000
vt 0.831852 0.656250
vt 0.820224 0.687500
vt 0.797454 0.561198
vt 0.808142 0.561337
vt 0.797454 0.552083
vt 0.808150 0.552083
vt 0.851195 0.594835
vt 0.875000 0.562500
vt 0.851195 0.572049
vt 0.875000 0.593750
vt 0.851195 0.625000
vt 0.851195 0.656250
vt 0.831852 0.656250
vt 0.875000 0.625000
vt 0.875000 0.656250
vt 0.586566 0.125000
vt 0.620196 0.093750
vt 0.620196 0.125000
vt 0.586566 0.093750
vt 0.625000 0.093750
vt 0.625000 0.125000
vt 0.389098 0.944933
vt 0.375000 0.944201
vt 0.811439 0.718750
vt 0.812500 0.750000
vt 0.811343 0.687500
vt 0.812612 0.718750
vt 0.812635 0.687500
vt 0.586566 0.187500
vt 0.620196 0.156250
vt 0.620196 0.187500
vt 0.586566 0.156250
vt 0.625000 0.156250
vt 0.625000 0.187500
vt 0.586566 0.327546
vt 0.620196 0.316850
vt 0.620196 0.327546
vt 0.586566 0.316850
vt 0.625000 0.316850
vt 0.625000 0.327546
vt 0.429598 0.273526
vt 0.586566 0.247766
vt 0.509294 0.273526
vt 0.586566 0.273526
vt 0.586566 0.247766
vt 0.620196 0.218471
vt 0.620196 0.247766
vt 0.586566 0.218471
vt 0.625000 0.218471
vt 0.625000 0.247766
vt 0.375000 0.875000
vt 0.388365 0.901934
vt 0.375000 0.902778
vt 0.384698 0.875000
vt 0.589769 0.944967
vt 0.586566 0.956852
vt 0.625000 0.937500
vt 0.620997 0.944821
vt 0.625000 0.937500
vt 0.625000 0.944201
vt 0.776765 0.572049
vt 0.776765 0.563585
vt 0.750000 0.562500
vt 0.776765 0.562500
vt 0.797454 0.562500
vt 0.750000 0.500000
vt 0.776934 0.530165
vt 0.750000 0.531250
vt 0.777778 0.500000
vt 0.798129 0.529948
vt 0.797454 0.552083
vt 0.776765 0.552951
vt 0.809028 0.500000
vt 0.805556 0.500000
vt 0.812500 0.500000
vt 0.808296 0.529948
vt 0.813487 0.529948
vt 0.808150 0.552083
vt 0.819201 0.500000
vt 0.825903 0.500000
vt 0.819933 0.529948
vt 0.831356 0.529948
vt 0.820080 0.552083
vt 0.813576 0.552083
vt 0.850451 0.500000
vt 0.875000 0.500000
vt 0.851071 0.530165
vt 0.851195 0.552951
vt 0.831852 0.552083
vt 0.625000 0.273526
vt 0.625000 0.247952
vt 0.625000 0.273696
vt 0.625000 0.250000
vt 0.625000 0.274549
vt 0.625000 0.299097
vt 0.625000 0.316850
vt 0.625000 0.316704
vt 0.625000 0.315972
vt 0.625000 0.319444
vt 0.776765 0.561415
vt 0.776765 0.552951
vt 0.851195 0.562500
vt 0.875000 0.562500
vt 0.851195 0.552951
vt 0.625000 0.218517
vt 0.625000 0.187500
vt 0.625000 0.187500
vt 0.625000 0.218750
vt 0.811343 0.687500
vt 0.797454 0.656250
vt 0.586566 0.327546
vt 0.875000 0.718750
vt 0.831852 0.625000
vt 0.875000 0.531250
vt 0.250000 0.750000
vt 0.814734 0.625000
vt 0.831852 0.687500
vt 0.814734 0.687500
vt 0.625000 0.937500
s 1
f 195/1/1 99/2/2 39/3/3
f 27/4/4 258/5/5 195/1/1
f 92/6/6 97/7/7 258/5/5
f 258/5/5 6/8/8 99/2/2
f 145/9/9 98/10/10 74/11/11
f 75/12/12 259/13/13 145/9/9
f 95/14/14 91/15/15 259/13/13
f 259/13/13 5/16/16 98/10/10
f 73/17/17 260/18/18 173/19/19
f 220/20/20 230/21/21 260/18/18
f 260/18/18 59/22/22 198/23/23
f 173/19/19 198/23/23 57/24/24
f 69/25/25 261/26/26 210/27/27
f 226/28/28 98/10/10 261/26/26
f 261/26/26 5/16/16 96/29/29
f 210/27/27 96/29/29 1/30/30
f 181/31/31 129/32/32 22/33/33
f 39/34/3 262/35/34 181/31/31
f 99/36/2 93/37/35 262/35/34
f 262/35/34 3/38/36 129/32/32
f 146/39/37 219/40/38 76/41/39
f 146/39/37 110/42/40 263/43/41
f 110/42/40 113/44/42 263/43/41
f 263/43/41 8/45/38 219/40/38
f 237/46/43 140/47/44 41/48/45
f 33/49/46 264/50/47 237/46/43
f 111/51/48 114/52/47 264/50/47
f 264/50/47 7/53/49 140/47/44
f 113/44/42 100/54/38 8/45/38
f 19/55/50 265/56/51 113/44/42
f 185/57/52 237/46/43 265/56/51
f 265/56/51 41/48/45 100/54/38
f 17/58/53 266/59/54 191/60/55
f 14/61/56 266/59/54 125/62/57
f 192/63/58 106/64/59 266/59/54
f 191/60/55 106/64/59 34/65/60
f 36/66/61 267/67/62 228/68/61
f 105/69/63 109/70/64 267/67/62
f 267/67/62 18/71/65 117/72/66
f 228/68/61 117/72/66 11/73/67
f 100/74/38 153/75/68 8/76/38
f 100/74/38 124/77/68 268/78/68
f 268/78/68 32/79/69 164/80/69
f 268/78/68 49/81/69 153/75/68
f 21/82/70 269/83/71 115/84/72
f 182/85/73 120/86/74 269/83/71
f 269/83/71 15/87/75 107/88/76
f 115/84/72 107/88/76 35/89/77
f 222/90/78 174/91/79 61/92/80
f 222/90/78 121/93/81 270/94/81
f 121/93/81 103/95/82 270/94/81
f 174/91/79 103/95/82 69/96/25
f 186/97/78 123/98/81 30/99/78
f 54/100/78 271/101/81 186/97/78
f 122/102/81 104/103/67 271/101/81
f 271/101/81 36/104/61 123/98/81
f 166/105/78 121/93/81 51/106/78
f 30/99/78 272/107/81 166/105/78
f 123/98/81 228/108/61 272/107/81
f 121/93/81 228/108/61 11/109/67
f 127/110/83 185/111/52 19/55/50
f 9/112/84 273/113/85 127/110/83
f 139/114/86 118/115/87 273/113/85
f 273/113/85 33/116/46 185/111/52
f 34/65/60 274/117/88 109/70/64
f 35/118/77 274/117/88 106/64/59
f 107/119/76 126/120/89 274/117/88
f 274/117/88 18/71/65 109/70/64
f 233/121/90 110/122/40 68/123/91
f 73/17/17 275/124/92 233/121/90
f 101/125/93 127/110/83 275/124/92
f 275/124/92 19/55/50 110/122/40
f 118/126/87 111/51/48 33/49/46
f 40/127/94 276/128/95 118/126/87
f 102/129/96 128/130/97 276/128/95
f 276/128/95 20/131/98 111/51/48
f 45/132/99 277/133/100 119/134/101
f 172/135/102 115/84/72 277/133/100
f 277/133/100 35/89/77 192/136/58
f 119/134/101 192/136/58 14/137/56
f 22/138/33 278/139/103 130/140/104
f 63/141/105 278/139/103 167/142/106
f 175/143/107 168/144/103 278/139/103
f 278/139/103 23/145/108 130/140/104
f 168/144/103 131/146/109 23/145/108
f 62/147/107 279/148/103 168/144/103
f 159/149/107 169/150/110 279/148/103
f 279/148/103 24/151/111 131/146/109
f 140/152/44 124/77/68 41/153/45
f 7/154/49 280/155/68 140/152/44
f 156/156/68 138/157/69 280/155/68
f 124/77/68 138/157/69 32/79/69
f 138/157/69 178/158/112 32/79/69
f 52/159/69 281/160/112 138/157/69
f 157/161/112 190/162/112 281/160/112
f 281/160/112 31/163/112 178/158/112
f 31/163/112 282/164/112 108/165/112
f 53/166/112 282/164/112 190/162/112
f 158/167/112 186/97/78 282/164/112
f 282/164/112 30/99/78 108/165/112
f 219/168/38 150/169/113 76/170/39
f 8/76/38 283/171/68 219/168/38
f 283/171/68 49/81/69 204/172/69
f 283/171/68 63/141/105 150/169/113
f 63/173/105 284/174/112 175/143/107
f 49/175/69 284/174/112 204/172/69
f 284/174/112 50/176/112 203/177/112
f 284/174/112 62/178/107 175/143/107
f 203/177/112 159/179/107 62/178/107
f 50/176/112 285/180/112 203/177/112
f 155/181/112 222/182/78 285/180/112
f 285/180/112 61/183/80 159/179/107
f 152/184/114 229/185/115 48/186/116
f 47/187/117 286/188/118 152/184/114
f 176/189/119 217/190/120 286/188/118
f 286/188/118 70/191/121 229/185/115
f 137/192/122 112/193/123 29/194/124
f 137/192/122 151/195/125 287/196/126
f 287/196/126 47/197/117 187/198/127
f 112/193/123 187/198/127 28/199/128
f 28/200/128 288/201/129 135/202/130
f 187/203/127 152/184/114 288/201/129
f 288/201/129 48/186/116 182/204/73
f 135/202/130 182/204/73 21/205/70
f 9/112/84 289/206/131 231/207/132
f 101/208/93 173/19/19 289/206/131
f 173/19/19 200/209/133 289/206/131
f 289/206/131 66/210/134 231/207/132
f 93/37/35 94/211/135 3/38/36
f 6/8/8 290/212/136 93/37/35
f 214/213/137 146/39/37 290/212/136
f 290/212/136 76/41/39 94/211/135
f 3/214/36 291/215/138 129/216/32
f 94/217/135 150/169/113 291/215/138
f 291/215/138 63/141/105 167/142/106
f 129/216/32 167/142/106 22/138/33
f 169/150/110 90/218/139 24/151/111
f 61/92/80 292/219/140 169/150/110
f 174/91/79 210/220/27 292/219/140
f 292/219/140 1/221/30 90/218/139
f 25/222/141 293/223/142 144/224/143
f 132/225/144 147/226/145 293/223/142
f 293/223/142 65/226/146 206/227/147
f 144/224/143 206/227/147 71/228/148
f 164/80/69 154/229/112 49/175/69
f 32/79/69 294/230/112 164/80/69
f 294/230/112 31/231/112 165/232/112
f 294/230/112 50/176/112 154/229/112
f 1/233/30 295/234/149 90/235/139
f 96/236/29 141/237/150 295/234/149
f 141/237/150 179/238/151 295/234/149
f 90/235/139 179/238/151 24/239/111
f 179/238/151 131/240/109 24/239/111
f 37/241/152 296/242/153 179/238/151
f 142/243/154 180/244/155 296/242/153
f 296/242/153 23/245/108 131/240/109
f 180/244/155 130/246/104 23/245/108
f 38/247/156 297/248/157 180/244/155
f 143/249/158 181/31/31 297/248/157
f 297/248/157 22/33/33 130/246/104
f 201/250/159 254/251/160 67/252/161
f 16/253/162 298/254/163 201/250/159
f 253/255/164 245/256/165 298/254/163
f 298/254/163 88/257/166 254/251/160
f 170/258/167 148/259/168 43/260/169
f 29/194/124 299/261/170 170/258/167
f 112/193/123 171/262/171 299/261/170
f 299/261/170 44/263/172 148/259/168
f 151/195/125 176/189/119 47/264/117
f 46/265/173 300/266/174 151/195/125
f 177/267/175 216/268/176 300/266/174
f 300/266/174 79/269/177 176/189/119
f 137/270/122 177/267/175 46/265/173
f 29/271/124 301/272/178 137/270/122
f 136/273/179 183/274/180 301/272/178
f 301/272/178 78/275/181 177/267/175
f 171/262/171 149/276/182 44/263/172
f 28/199/128 302/277/183 171/262/171
f 302/277/183 21/82/70 172/135/102
f 302/277/183 45/132/99 149/276/182
f 165/232/112 155/181/112 50/176/112
f 165/232/112 108/278/112 303/279/112
f 303/279/112 30/99/78 166/105/78
f 303/279/112 51/280/78 155/181/112
f 10/252/184 304/281/185 236/251/186
f 102/282/96 189/283/187 304/281/185
f 304/281/185 16/253/162 201/250/159
f 236/251/186 201/250/159 67/252/161
f 18/71/65 305/284/188 221/285/189
f 126/120/89 213/286/190 305/284/188
f 305/284/188 75/12/12 145/9/9
f 221/285/189 145/9/9 74/11/11
f 91/287/15 141/237/150 5/288/16
f 2/289/191 306/290/192 91/287/15
f 132/225/144 193/291/193 306/290/192
f 306/290/192 37/241/152 141/237/150
f 193/292/193 142/293/154 37/241/152
f 25/294/141 307/295/194 193/292/193
f 133/296/195 194/297/196 307/295/194
f 307/295/194 38/298/156 142/293/154
f 194/297/196 143/299/158 38/298/156
f 26/300/197 308/301/198 194/297/196
f 134/302/199 195/1/1 308/301/198
f 308/301/198 39/3/3 143/299/158
f 42/303/200 309/304/201 161/305/202
f 71/306/148 309/304/201 202/307/203
f 309/304/201 65/308/146 199/309/204
f 161/305/202 199/309/204 60/310/205
f 78/275/181 310/311/206 216/312/176
f 223/313/207 162/314/208 310/311/206
f 310/311/206 55/315/209 224/316/210
f 216/312/176 224/316/210 79/317/177
f 56/318/211 311/319/212 252/320/213
f 223/321/207 184/322/214 311/319/212
f 311/319/212 82/323/215 250/324/216
f 252/320/213 250/324/216 81/325/217
f 200/326/133 251/327/218 66/210/134
f 57/328/24 312/329/219 200/326/133
f 160/330/220 244/331/221 312/329/219
f 312/329/219 85/332/222 251/327/218
f 70/333/121 313/334/223 205/335/224
f 42/303/200 313/334/223 225/336/225
f 161/305/202 211/337/226 313/334/223
f 313/334/223 64/87/227 205/335/224
f 2/338/191 314/339/228 147/340/145
f 95/14/14 197/341/229 314/339/228
f 314/339/228 60/342/205 199/343/204
f 147/340/145 199/343/204 65/340/146
f 79/344/177 315/345/230 217/190/120
f 224/346/210 163/347/231 315/345/230
f 163/347/231 225/348/225 315/345/230
f 217/190/120 225/348/225 70/333/121
f 183/274/180 184/322/214 78/275/181
f 183/274/180 215/349/232 316/350/233
f 316/350/233 83/351/234 239/352/235
f 316/350/233 82/323/215 184/322/214
f 56/318/211 317/353/236 162/314/208
f 58/354/237 317/353/236 209/355/238
f 208/356/239 212/357/240 317/353/236
f 162/314/208 212/357/240 55/315/209
f 55/315/209 318/358/241 163/359/231
f 72/360/242 318/358/241 212/357/240
f 207/361/243 202/307/203 318/358/241
f 163/359/231 202/307/203 42/303/200
f 26/362/197 319/363/244 232/364/245
f 133/365/195 144/224/143 319/363/244
f 319/363/244 71/228/148 207/366/243
f 232/364/245 207/366/243 72/367/242
f 11/73/67 320/368/246 103/369/82
f 117/72/66 221/285/189 320/368/246
f 320/368/246 74/11/11 226/28/28
f 103/369/82 226/28/28 69/25/25
f 120/370/74 234/371/247 15/87/75
f 48/372/116 321/373/248 120/370/74
f 229/374/115 205/335/224 321/373/248
f 321/373/248 64/87/227 234/371/247
f 27/375/4 322/376/249 235/377/250
f 134/378/199 232/364/245 322/376/249
f 322/376/249 72/367/242 208/379/239
f 235/377/250 208/379/239 58/380/237
f 40/381/94 323/382/251 189/383/187
f 139/384/86 231/207/132 323/382/251
f 323/382/251 66/210/134 188/385/252
f 189/383/187 188/385/252 16/386/162
f 97/7/7 214/387/137 6/8/8
f 4/388/253 324/389/254 97/7/7
f 220/390/20 233/121/90 324/389/254
f 324/389/254 68/123/91 214/387/137
f 4/391/253 325/392/255 230/393/21
f 92/394/6 235/377/250 325/392/255
f 325/392/255 58/380/237 196/395/256
f 230/393/21 196/395/256 59/396/22
f 12/397/82 326/398/257 104/399/67
f 116/400/258 191/60/55 326/398/257
f 326/398/257 34/65/60 105/69/63
f 104/399/67 105/69/63 36/66/61
f 213/401/190 197/341/229 75/402/12
f 15/403/75 327/404/259 213/401/190
f 234/405/247 211/406/226 327/404/259
f 327/404/259 60/342/205 197/341/229
f 170/407/167 136/273/179 29/271/124
f 43/260/169 328/408/260 170/407/167
f 227/409/261 218/410/262 328/408/260
f 328/408/260 13/411/263 136/273/179
f 88/412/166 329/413/264 247/414/265
f 245/415/165 240/416/266 329/413/264
f 329/413/264 83/417/234 249/418/267
f 247/414/265 249/418/267 89/260/268
f 241/419/269 240/416/266 84/420/270
f 85/421/222 330/422/271 241/419/269
f 248/423/272 239/424/235 330/422/271
f 330/422/271 83/417/234 240/416/266
f 244/425/221 248/423/272 85/421/222
f 80/426/273 331/427/274 244/425/221
f 238/428/275 250/429/216 331/427/274
f 331/427/274 82/430/215 248/423/272
f 243/431/276 238/428/275 80/426/273
f 87/432/277 332/433/278 243/431/276
f 332/433/278 86/354/279 246/434/280
f 238/428/275 246/434/280 81/435/217
f 198/436/23 160/330/220 57/328/24
f 198/436/23 255/437/281 333/438/282
f 333/438/282 87/439/277 243/440/276
f 333/438/282 80/441/273 160/330/220
f 188/442/252 253/255/164 16/253/162
f 66/210/134 334/443/283 188/442/252
f 251/327/218 241/444/269 334/443/283
f 334/443/283 84/445/270 253/255/164
f 13/411/263 335/446/284 215/349/232
f 77/260/285 335/446/284 218/410/262
f 335/446/284 89/260/268 249/447/267
f 215/349/232 249/447/267 83/351/234
f 58/354/237 336/448/286 257/449/287
f 209/355/238 252/320/213 336/448/286
f 336/448/286 81/325/217 246/450/280
f 257/449/287 246/450/280 86/354/279
f 59/396/22 337/451/288 255/437/281
f 196/395/256 257/452/287 337/451/288
f 337/451/288 86/453/279 242/454/289
f 255/437/281 242/454/289 87/439/277
f 420/2/290 505/1/291 370/3/292
f 563/5/293 358/4/294 505/1/291
f 418/7/295 413/6/296 563/5/293
f 343/8/297 563/5/293 420/2/290
f 419/10/298 460/9/299 398/11/300
f 564/13/301 399/12/302 460/9/299
f 412/15/303 416/14/304 564/13/301
f 342/16/305 564/13/301 419/10/298
f 397/17/306 565/18/307 530/20/308
f 530/20/308 539/21/309 341/388/310
f 565/18/307 384/22/311 539/21/309
f 483/19/312 508/23/313 565/18/307
f 393/25/314 566/26/315 536/28/316
f 536/28/316 419/10/298 398/11/300
f 566/26/315 342/16/305 419/10/298
f 520/27/317 417/29/318 566/26/315
f 444/32/319 491/31/320 353/33/321
f 567/35/322 370/34/292 491/31/320
f 414/37/323 420/36/290 567/35/322
f 340/38/324 567/35/322 444/32/319
f 529/40/38 461/39/325 400/41/326
f 461/39/325 431/42/327 392/123/328
f 434/44/329 431/42/327 568/43/330
f 344/45/38 568/43/330 529/40/38
f 455/47/44 545/46/331 372/48/45
f 569/50/47 364/49/332 545/46/331
f 114/52/47 432/51/333 569/50/47
f 7/53/49 569/50/47 455/47/44
f 421/54/38 434/44/329 344/45/38
f 570/56/334 351/55/335 434/44/329
f 545/46/331 495/57/336 570/56/334
f 372/48/45 570/56/334 421/54/38
f 17/58/53 571/59/337 125/62/57
f 571/59/337 14/61/56 125/62/57
f 427/64/338 502/63/339 571/59/337
f 501/60/340 427/64/338 571/59/337
f 367/66/61 572/67/341 426/69/342
f 426/69/342 430/70/343 365/65/344
f 572/67/341 350/71/345 430/70/343
f 537/68/61 436/72/346 572/67/341
f 466/75/68 421/74/38 344/76/38
f 573/78/68 372/153/45 421/74/38
f 573/78/68 363/79/69 441/77/68
f 377/81/69 573/78/68 466/75/68
f 352/82/347 574/83/348 492/85/349
f 492/85/349 438/86/350 376/455/351
f 574/83/348 348/87/352 438/86/350
f 435/84/353 428/88/354 574/83/348
f 484/91/355 532/90/78 386/92/356
f 532/90/78 439/93/81 379/106/78
f 424/95/82 439/93/81 575/94/81
f 484/91/355 424/95/82 575/94/81
f 440/98/81 496/97/78 361/99/78
f 576/101/81 54/100/78 496/97/78
f 425/103/67 122/102/81 576/101/81
f 367/104/61 576/101/81 440/98/81
f 439/93/81 476/105/78 379/106/78
f 577/107/81 361/99/78 476/105/78
f 537/108/61 440/98/81 577/107/81
f 439/93/81 537/108/61 577/107/81
f 495/111/336 443/110/357 351/55/335
f 578/113/358 345/112/359 443/110/357
f 437/115/360 454/114/361 578/113/358
f 364/116/332 578/113/358 495/111/336
f 365/65/344 579/117/362 427/64/338
f 579/117/362 366/118/363 427/64/338
f 442/120/364 428/119/354 579/117/362
f 350/71/345 579/117/362 430/70/343
f 431/122/327 542/121/365 392/123/328
f 580/124/366 397/17/306 542/121/365
f 443/110/357 422/125/367 580/124/366
f 351/55/335 580/124/366 431/122/327
f 432/51/333 437/126/360 364/49/332
f 581/128/368 371/127/369 437/126/360
f 128/130/97 423/129/370 581/128/368
f 20/131/98 581/128/368 432/51/333
f 45/132/99 582/133/371 482/135/372
f 482/135/372 435/84/353 352/82/347
f 582/133/371 366/89/363 435/84/353
f 119/134/101 502/136/339 582/133/371
f 353/138/321 583/139/373 477/142/374
f 583/139/373 388/141/375 477/142/374
f 478/144/373 485/143/376 583/139/373
f 354/145/377 583/139/373 445/140/378
f 446/146/379 478/144/373 354/145/377
f 584/148/373 387/147/376 478/144/373
f 479/150/380 469/149/376 584/148/373
f 355/151/381 584/148/373 446/146/379
f 441/77/68 455/152/44 372/153/45
f 585/155/68 7/154/49 455/152/44
f 453/157/69 156/156/68 585/155/68
f 363/79/69 585/155/68 441/77/68
f 488/158/112 453/157/69 363/79/69
f 586/160/112 52/159/69 453/157/69
f 586/160/112 53/166/112 157/161/112
f 362/163/112 586/160/112 488/158/112
f 429/165/112 500/162/112 362/163/112
f 587/164/112 53/166/112 500/162/112
f 496/97/78 158/167/112 587/164/112
f 361/99/78 587/164/112 429/165/112
f 463/169/382 529/168/38 400/170/326
f 588/171/68 344/76/38 529/168/38
f 588/171/68 377/81/69 466/75/68
f 388/141/375 588/171/68 463/169/382
f 388/173/375 589/174/112 514/172/69
f 589/174/112 377/175/69 514/172/69
f 589/174/112 378/176/112 467/229/112
f 387/178/376 589/174/112 485/143/376
f 469/179/376 513/177/112 387/178/376
f 590/180/112 378/176/112 513/177/112
f 532/182/78 468/181/112 590/180/112
f 386/183/356 590/180/112 469/179/376
f 538/185/383 465/184/384 376/186/351
f 591/188/385 375/187/386 465/184/384
f 527/190/387 486/189/388 591/188/385
f 394/191/389 591/188/385 538/185/383
f 433/193/390 452/192/391 360/194/392
f 452/192/391 464/195/393 374/265/394
f 592/196/395 375/197/386 464/195/393
f 433/193/390 497/198/396 592/196/395
f 359/200/397 593/201/398 497/203/396
f 497/203/396 465/184/384 375/187/386
f 593/201/398 376/186/351 465/184/384
f 450/202/399 492/204/349 593/201/398
f 345/112/359 594/206/400 422/208/367
f 422/208/367 483/19/312 397/17/306
f 510/209/401 483/19/312 594/206/400
f 391/210/402 594/206/400 540/207/403
f 415/211/404 414/37/323 340/38/324
f 595/212/405 343/8/297 414/37/323
f 461/39/325 524/213/406 595/212/405
f 400/41/326 595/212/405 415/211/404
f 340/214/324 596/215/407 415/217/404
f 415/217/404 463/169/382 400/170/326
f 596/215/407 388/141/375 463/169/382
f 444/216/319 477/142/374 596/215/407
f 411/218/408 479/150/380 355/151/381
f 597/219/409 386/92/356 479/150/380
f 520/220/317 484/91/355 597/219/409
f 338/221/410 597/219/409 411/218/408
f 356/222/411 598/223/412 447/225/413
f 447/225/413 462/226/414 339/289/415
f 598/223/412 390/226/416 462/226/414
f 459/224/417 516/227/418 598/223/412
f 467/229/112 474/80/69 377/175/69
f 599/230/112 363/79/69 474/80/69
f 599/230/112 362/231/112 488/158/112
f 378/176/112 599/230/112 467/229/112
f 338/233/410 600/234/419 417/236/318
f 417/236/318 456/237/420 342/288/305
f 489/238/421 456/237/420 600/234/419
f 411/235/408 489/238/421 600/234/419
f 446/240/379 489/238/421 355/239/381
f 601/242/422 368/241/423 489/238/421
f 490/244/424 457/243/425 601/242/422
f 354/245/377 601/242/422 446/240/379
f 445/246/378 490/244/424 354/245/377
f 602/248/426 369/247/427 490/244/424
f 491/31/320 458/249/428 602/248/426
f 353/33/321 602/248/426 445/246/378
f 254/251/160 511/250/429 67/252/161
f 603/254/430 349/253/431 511/250/429
f 553/256/432 560/255/433 603/254/430
f 88/257/166 603/254/430 254/251/160
f 148/259/168 480/258/434 43/260/169
f 604/261/435 360/194/392 480/258/434
f 481/262/436 433/193/390 604/261/435
f 44/263/172 604/261/435 148/259/168
f 486/189/388 464/195/393 375/264/386
f 605/266/437 374/265/394 464/195/393
f 526/268/438 487/267/439 605/266/437
f 402/269/440 605/266/437 486/189/388
f 487/267/439 452/270/391 374/265/394
f 606/272/441 360/271/392 452/270/391
f 493/274/442 451/273/443 606/272/441
f 401/275/444 606/272/441 487/267/439
f 149/276/182 481/262/436 44/263/172
f 607/277/445 359/199/397 481/262/436
f 607/277/445 352/82/347 450/456/399
f 45/132/99 607/277/445 149/276/182
f 468/181/112 475/232/112 378/176/112
f 608/279/112 362/231/112 475/232/112
f 608/279/112 361/99/78 429/278/112
f 379/280/78 608/279/112 468/181/112
f 10/252/184 609/281/446 423/282/370
f 423/282/370 499/283/447 371/457/369
f 609/281/446 349/253/431 499/283/447
f 236/251/186 511/250/429 609/281/446
f 350/71/345 610/284/448 442/120/364
f 442/120/364 523/286/449 348/403/352
f 610/284/448 399/12/302 523/286/449
f 531/285/450 460/9/299 610/284/448
f 456/237/420 412/287/303 342/288/305
f 611/290/451 339/289/415 412/287/303
f 503/291/452 447/225/413 611/290/451
f 368/241/423 611/290/451 456/237/420
f 457/293/425 503/292/452 368/241/423
f 612/295/453 356/294/411 503/292/452
f 504/297/454 448/296/455 612/295/453
f 369/298/427 612/295/453 457/293/425
f 458/299/428 504/297/454 369/298/427
f 613/301/456 357/300/457 504/297/454
f 505/1/291 449/302/458 613/301/456
f 370/3/292 613/301/456 458/299/428
f 373/303/459 614/304/460 512/307/461
f 614/304/460 395/306/462 512/307/461
f 614/304/460 390/308/416 516/458/418
f 471/305/463 509/309/464 614/304/460
f 401/275/444 615/311/465 533/313/466
f 533/313/466 472/314/467 381/318/468
f 615/311/465 380/315/469 472/314/467
f 526/312/438 534/316/470 615/311/465
f 381/318/468 616/319/471 533/321/466
f 533/321/466 494/322/472 401/275/444
f 616/319/471 405/323/473 494/322/472
f 559/320/474 557/324/475 616/319/471
f 558/327/476 510/326/401 391/210/402
f 617/329/477 382/328/478 510/326/401
f 552/331/479 470/330/480 617/329/477
f 408/332/481 617/329/477 558/327/476
f 394/333/389 618/334/482 535/336/483
f 618/334/482 373/303/459 535/336/483
f 521/337/484 471/305/463 618/334/482
f 389/87/485 618/334/482 515/335/486
f 339/338/415 619/339/487 416/14/304
f 416/14/304 507/341/488 399/402/302
f 619/339/487 385/342/489 507/341/488
f 462/340/414 509/343/464 619/339/487
f 402/344/440 620/345/490 534/346/470
f 534/346/470 473/347/491 380/459/469
f 535/348/483 473/347/491 620/345/490
f 527/190/387 535/348/483 620/345/490
f 494/322/472 493/274/442 401/275/444
f 493/274/442 525/349/492 347/411/493
f 621/350/494 406/351/495 525/349/492
f 405/323/473 621/350/494 494/322/472
f 381/318/468 622/353/496 519/355/497
f 622/353/496 383/354/498 519/355/497
f 522/357/499 518/356/500 622/353/496
f 472/314/467 522/357/499 622/353/496
f 380/315/469 623/358/501 522/357/499
f 623/358/501 396/360/502 522/357/499
f 512/307/461 517/361/503 623/358/501
f 473/359/491 512/307/461 623/358/501
f 357/362/457 624/363/504 448/365/455
f 448/365/455 459/224/417 356/222/411
f 624/363/504 395/228/462 459/224/417
f 541/364/505 517/366/503 624/363/504
f 346/73/67 625/368/506 436/72/346
f 436/72/346 531/285/450 350/71/345
f 625/368/506 398/11/300 531/285/450
f 424/369/82 536/28/316 625/368/506
f 543/371/507 438/370/350 348/87/352
f 626/373/508 376/372/351 438/370/350
f 515/335/486 538/374/383 626/373/508
f 389/87/485 626/373/508 543/371/507
f 358/375/294 627/376/509 449/378/458
f 449/378/458 541/364/505 357/362/457
f 627/376/509 396/367/502 541/364/505
f 544/377/510 518/379/500 627/376/509
f 371/381/369 628/382/511 454/384/361
f 454/384/361 540/207/403 345/112/359
f 628/382/511 391/210/402 540/207/403
f 499/383/447 498/385/512 628/382/511
f 524/387/406 418/7/295 343/8/297
f 629/389/513 341/388/310 418/7/295
f 542/121/365 530/390/308 629/389/513
f 392/123/328 629/389/513 524/387/406
f 341/391/310 630/392/514 413/394/296
f 413/394/296 544/377/510 358/375/294
f 630/392/514 383/380/498 544/377/510
f 539/393/309 506/395/515 630/392/514
f 12/397/82 631/398/516 116/400/258
f 116/400/258 501/60/340 17/58/53
f 631/398/516 365/65/344 501/60/340
f 425/399/67 426/69/342 631/398/516
f 507/341/488 523/401/449 399/402/302
f 632/404/517 348/403/352 523/401/449
f 521/406/484 543/405/507 632/404/517
f 385/342/489 632/404/517 507/341/488
f 451/273/443 480/407/434 360/271/392
f 633/408/518 43/260/169 480/407/434
f 528/410/519 227/409/261 633/408/518
f 347/411/493 633/408/518 451/273/443
f 88/412/166 634/413/520 553/415/432
f 553/415/432 548/416/521 407/420/522
f 634/413/520 406/417/495 548/416/521
f 247/414/265 556/418/523 634/413/520
f 548/416/521 549/419/524 407/420/522
f 635/422/525 408/421/481 549/419/524
f 547/424/526 555/423/527 635/422/525
f 406/417/495 635/422/525 548/416/521
f 555/423/527 552/425/479 408/421/481
f 636/427/528 403/426/529 552/425/479
f 557/429/475 546/428/530 636/427/528
f 405/430/473 636/427/528 555/423/527
f 546/428/530 551/431/531 403/426/529
f 637/433/532 410/432/533 551/431/531
f 637/433/532 409/354/534 550/460/535
f 546/428/530 554/434/536 637/433/532
f 470/330/480 508/436/313 382/328/478
f 508/436/313 561/437/537 384/396/311
f 638/438/538 410/439/533 561/437/537
f 403/441/529 638/438/538 470/330/480
f 560/255/433 498/442/512 349/253/431
f 639/443/539 391/210/402 498/442/512
f 549/444/524 558/327/476 639/443/539
f 407/445/522 639/443/539 560/255/433
f 347/411/493 640/446/540 528/410/519
f 640/446/540 77/260/285 528/410/519
f 640/446/540 89/260/268 256/409/541
f 525/349/492 556/447/523 640/446/540
f 383/354/498 641/448/542 519/355/497
f 519/355/497 559/320/474 381/318/468
f 641/448/542 404/325/543 559/320/474
f 562/449/544 554/450/536 641/448/542
f 384/396/311 642/451/545 506/395/515
f 506/395/515 562/452/544 383/380/498
f 642/451/545 409/453/534 562/452/544
f 561/437/537 550/454/535 642/451/545
f 195/1/1 258/5/5 99/2/2
f 27/4/4 92/6/6 258/5/5
f 92/6/6 4/388/253 97/7/7
f 258/5/5 97/7/7 6/8/8
f 145/9/9 259/13/13 98/10/10
f 75/12/12 95/14/14 259/13/13
f 95/14/14 2/338/191 91/15/15
f 259/13/13 91/15/15 5/16/16
f 73/17/17 220/20/20 260/18/18
f 220/20/20 4/388/253 230/21/21
f 260/18/18 230/21/21 59/22/22
f 173/19/19 260/18/18 198/23/23
f 69/25/25 226/28/28 261/26/26
f 226/28/28 74/11/11 98/10/10
f 261/26/26 98/10/10 5/16/16
f 210/27/27 261/26/26 96/29/29
f 181/31/31 262/35/34 129/32/32
f 39/34/3 99/36/2 262/35/34
f 99/36/2 6/8/8 93/37/35
f 262/35/34 93/37/35 3/38/36
f 146/39/37 263/43/41 219/40/38
f 146/39/37 68/123/91 110/42/40
f 110/42/40 19/55/50 113/44/42
f 263/43/41 113/44/42 8/45/38
f 237/46/43 264/50/47 140/47/44
f 33/49/46 111/51/48 264/50/47
f 111/51/48 20/131/98 114/52/47
f 264/50/47 114/52/47 7/53/49
f 113/44/42 265/56/51 100/54/38
f 19/55/50 185/57/52 265/56/51
f 185/57/52 33/49/46 237/46/43
f 265/56/51 237/46/43 41/48/45
f 17/58/53 125/62/57 266/59/54
f 14/61/56 192/63/58 266/59/54
f 192/63/58 35/118/77 106/64/59
f 191/60/55 266/59/54 106/64/59
f 36/66/61 105/69/63 267/67/62
f 105/69/63 34/65/60 109/70/64
f 267/67/62 109/70/64 18/71/65
f 228/68/61 267/67/62 117/72/66
f 100/74/38 268/78/68 153/75/68
f 100/74/38 41/153/45 124/77/68
f 268/78/68 124/77/68 32/79/69
f 268/78/68 164/80/69 49/81/69
f 21/82/70 182/85/73 269/83/71
f 182/85/73 48/455/116 120/86/74
f 269/83/71 120/86/74 15/87/75
f 115/84/72 269/83/71 107/88/76
f 222/90/78 270/94/81 174/91/79
f 222/90/78 51/106/78 121/93/81
f 121/93/81 11/109/67 103/95/82
f 174/91/79 270/94/81 103/95/82
f 186/97/78 271/101/81 123/98/81
f 54/100/78 122/102/81 271/101/81
f 122/102/81 12/461/82 104/103/67
f 271/101/81 104/103/67 36/104/61
f 166/105/78 272/107/81 121/93/81
f 30/99/78 123/98/81 272/107/81
f 123/98/81 36/104/61 228/108/61
f 121/93/81 272/107/81 228/108/61
f 127/110/83 273/113/85 185/111/52
f 9/112/84 139/114/86 273/113/85
f 139/114/86 40/381/94 118/115/87
f 273/113/85 118/115/87 33/116/46
f 34/65/60 106/64/59 274/117/88
f 35/118/77 107/119/76 274/117/88
f 107/119/76 15/403/75 126/120/89
f 274/117/88 126/120/89 18/71/65
f 233/121/90 275/124/92 110/122/40
f 73/17/17 101/125/93 275/124/92
f 101/125/93 9/112/84 127/110/83
f 275/124/92 127/110/83 19/55/50
f 118/126/87 276/128/95 111/51/48
f 40/127/94 102/129/96 276/128/95
f 102/129/96 10/252/184 128/130/97
f 276/128/95 128/130/97 20/131/98
f 45/132/99 172/135/102 277/133/100
f 172/135/102 21/82/70 115/84/72
f 277/133/100 115/84/72 35/89/77
f 119/134/101 277/133/100 192/136/58
f 22/138/33 167/142/106 278/139/103
f 63/141/105 175/143/107 278/139/103
f 175/143/107 62/147/107 168/144/103
f 278/139/103 168/144/103 23/145/108
f 168/144/103 279/148/103 131/146/109
f 62/147/107 159/149/107 279/148/103
f 159/149/107 61/92/80 169/150/110
f 279/148/103 169/150/110 24/151/111
f 140/152/44 280/155/68 124/77/68
f 7/154/49 156/156/68 280/155/68
f 156/156/68 52/159/69 138/157/69
f 124/77/68 280/155/68 138/157/69
f 138/157/69 281/160/112 178/158/112
f 52/159/69 157/161/112 281/160/112
f 157/161/112 53/166/112 190/162/112
f 281/160/112 190/162/112 31/163/112
f 31/163/112 190/162/112 282/164/112
f 53/166/112 158/167/112 282/164/112
f 158/167/112 54/100/78 186/97/78
f 282/164/112 186/97/78 30/99/78
f 219/168/38 283/171/68 150/169/113
f 8/76/38 153/75/68 283/171/68
f 283/171/68 153/75/68 49/81/69
f 283/171/68 204/172/69 63/141/105
f 63/173/105 204/172/69 284/174/112
f 49/175/69 154/229/112 284/174/112
f 284/174/112 154/229/112 50/176/112
f 284/174/112 203/177/112 62/178/107
f 203/177/112 285/180/112 159/179/107
f 50/176/112 155/181/112 285/180/112
f 155/181/112 51/280/78 222/182/78
f 285/180/112 222/182/78 61/183/80
f 152/184/114 286/188/118 229/185/115
f 47/187/117 176/189/119 286/188/118
f 176/189/119 79/462/177 217/190/120
f 286/188/118 217/190/120 70/191/121
f 137/192/122 287/196/126 112/193/123
f 137/192/122 46/265/173 151/195/125
f 287/196/126 151/195/125 47/197/117
f 112/193/123 287/196/126 187/198/127
f 28/200/128 187/203/127 288/201/129
f 187/203/127 47/187/117 152/184/114
f 288/201/129 152/184/114 48/186/116
f 135/202/130 288/201/129 182/204/73
f 9/112/84 101/208/93 289/206/131
f 101/208/93 73/17/17 173/19/19
f 173/19/19 57/24/24 200/209/133
f 289/206/131 200/209/133 66/210/134
f 93/37/35 290/212/136 94/211/135
f 6/8/8 214/213/137 290/212/136
f 214/213/137 68/123/91 146/39/37
f 290/212/136 146/39/37 76/41/39
f 3/214/36 94/217/135 291/215/138
f 94/217/135 76/170/39 150/169/113
f 291/215/138 150/169/113 63/141/105
f 129/216/32 291/215/138 167/142/106
f 169/150/110 292/219/140 90/218/139
f 61/92/80 174/91/79 292/219/140
f 174/91/79 69/96/25 210/220/27
f 292/219/140 210/220/27 1/221/30
f 25/222/141 132/225/144 293/223/142
f 132/225/144 2/289/191 147/226/145
f 293/223/142 147/226/145 65/226/146
f 144/224/143 293/223/142 206/227/147
f 164/80/69 294/230/112 154/229/112
f 32/79/69 178/158/112 294/230/112
f 294/230/112 178/158/112 31/231/112
f 294/230/112 165/232/112 50/176/112
f 1/233/30 96/236/29 295/234/149
f 96/236/29 5/288/16 141/237/150
f 141/237/150 37/241/152 179/238/151
f 90/235/139 295/234/149 179/238/151
f 179/238/151 296/242/153 131/240/109
f 37/241/152 142/243/154 296/242/153
f 142/243/154 38/247/156 180/244/155
f 296/242/153 180/244/155 23/245/108
f 180/244/155 297/248/157 130/246/104
f 38/247/156 143/249/158 297/248/157
f 143/249/158 39/34/3 181/31/31
f 297/248/157 181/31/31 22/33/33
f 201/250/159 298/254/163 254/251/160
f 16/253/162 253/255/164 298/254/163
f 253/255/164 84/445/270 245/256/165
f 298/254/163 245/256/165 88/257/166
f 170/258/167 299/261/170 148/259/168
f 29/194/124 112/193/123 299/261/170
f 112/193/123 28/199/128 171/262/171
f 299/261/170 171/262/171 44/263/172
f 151/195/125 300/266/174 176/189/119
f 46/265/173 177/267/175 300/266/174
f 177/267/175 78/275/181 216/268/176
f 300/266/174 216/268/176 79/269/177
f 137/270/122 301/272/178 177/267/175
f 29/271/124 136/273/179 301/272/178
f 136/273/179 13/411/263 183/274/180
f 301/272/178 183/274/180 78/275/181
f 171/262/171 302/277/183 149/276/182
f 28/199/128 135/456/130 302/277/183
f 302/277/183 135/456/130 21/82/70
f 302/277/183 172/135/102 45/132/99
f 165/232/112 303/279/112 155/181/112
f 165/232/112 31/231/112 108/278/112
f 303/279/112 108/278/112 30/99/78
f 303/279/112 166/105/78 51/280/78
f 10/252/184 102/282/96 304/281/185
f 102/282/96 40/457/94 189/283/187
f 304/281/185 189/283/187 16/253/162
f 236/251/186 304/281/185 201/250/159
f 18/71/65 126/120/89 305/284/188
f 126/120/89 15/403/75 213/286/190
f 305/284/188 213/286/190 75/12/12
f 221/285/189 305/284/188 145/9/9
f 91/287/15 306/290/192 141/237/150
f 2/289/191 132/225/144 306/290/192
f 132/225/144 25/222/141 193/291/193
f 306/290/192 193/291/193 37/241/152
f 193/292/193 307/295/194 142/293/154
f 25/294/141 133/296/195 307/295/194
f 133/296/195 26/300/197 194/297/196
f 307/295/194 194/297/196 38/298/156
f 194/297/196 308/301/198 143/299/158
f 26/300/197 134/302/199 308/301/198
f 134/302/199 27/4/4 195/1/1
f 308/301/198 195/1/1 39/3/3
f 42/303/200 202/307/203 309/304/201
f 71/306/148 206/458/147 309/304/201
f 309/304/201 206/458/147 65/308/146
f 161/305/202 309/304/201 199/309/204
f 78/275/181 223/313/207 310/311/206
f 223/313/207 56/318/211 162/314/208
f 310/311/206 162/314/208 55/315/209
f 216/312/176 310/311/206 224/316/210
f 56/318/211 223/321/207 311/319/212
f 223/321/207 78/275/181 184/322/214
f 311/319/212 184/322/214 82/323/215
f 252/320/213 311/319/212 250/324/216
f 200/326/133 312/329/219 251/327/218
f 57/328/24 160/330/220 312/329/219
f 160/330/220 80/441/273 244/331/221
f 312/329/219 244/331/221 85/332/222
f 70/333/121 225/336/225 313/334/223
f 42/303/200 161/305/202 313/334/223
f 161/305/202 60/310/205 211/337/226
f 313/334/223 211/337/226 64/87/227
f 2/338/191 95/14/14 314/339/228
f 95/14/14 75/402/12 197/341/229
f 314/339/228 197/341/229 60/342/205
f 147/340/145 314/339/228 199/343/204
f 79/344/177 224/346/210 315/345/230
f 224/346/210 55/459/209 163/347/231
f 163/347/231 42/463/200 225/348/225
f 217/190/120 315/345/230 225/348/225
f 183/274/180 316/350/233 184/322/214
f 183/274/180 13/411/263 215/349/232
f 316/350/233 215/349/232 83/351/234
f 316/350/233 239/352/235 82/323/215
f 56/318/211 209/355/238 317/353/236
f 58/354/237 208/356/239 317/353/236
f 208/356/239 72/360/242 212/357/240
f 162/314/208 317/353/236 212/357/240
f 55/315/209 212/357/240 318/358/241
f 72/360/242 207/361/243 318/358/241
f 207/361/243 71/306/148 202/307/203
f 163/359/231 318/358/241 202/307/203
f 26/362/197 133/365/195 319/363/244
f 133/365/195 25/222/141 144/224/143
f 319/363/244 144/224/143 71/228/148
f 232/364/245 319/363/244 207/366/243
f 11/73/67 117/72/66 320/368/246
f 117/72/66 18/71/65 221/285/189
f 320/368/246 221/285/189 74/11/11
f 103/369/82 320/368/246 226/28/28
f 120/370/74 321/373/248 234/371/247
f 48/372/116 229/374/115 321/373/248
f 229/374/115 70/464/121 205/335/224
f 321/373/248 205/335/224 64/87/227
f 27/375/4 134/378/199 322/376/249
f 134/378/199 26/362/197 232/364/245
f 322/376/249 232/364/245 72/367/242
f 235/377/250 322/376/249 208/379/239
f 40/381/94 139/384/86 323/382/251
f 139/384/86 9/112/84 231/207/132
f 323/382/251 231/207/132 66/210/134
f 189/383/187 323/382/251 188/385/252
f 97/7/7 324/389/254 214/387/137
f 4/388/253 220/390/20 324/389/254
f 220/390/20 73/17/17 233/121/90
f 324/389/254 233/121/90 68/123/91
f 4/391/253 92/394/6 325/392/255
f 92/394/6 27/375/4 235/377/250
f 325/392/255 235/377/250 58/380/237
f 230/393/21 325/392/255 196/395/256
f 12/397/82 116/400/258 326/398/257
f 116/400/258 17/58/53 191/60/55
f 326/398/257 191/60/55 34/65/60
f 104/399/67 326/398/257 105/69/63
f 213/401/190 327/404/259 197/341/229
f 15/403/75 234/405/247 327/404/259
f 234/405/247 64/465/227 211/406/226
f 327/404/259 211/406/226 60/342/205
f 170/407/167 328/408/260 136/273/179
f 43/260/169 227/409/261 328/408/260
f 227/409/261 77/260/285 218/410/262
f 328/408/260 218/410/262 13/411/263
f 88/412/166 245/415/165 329/413/264
f 245/415/165 84/420/270 240/416/266
f 329/413/264 240/416/266 83/417/234
f 247/414/265 329/413/264 249/418/267
f 241/419/269 330/422/271 240/416/266
f 85/421/222 248/423/272 330/422/271
f 248/423/272 82/430/215 239/424/235
f 330/422/271 239/424/235 83/417/234
f 244/425/221 331/427/274 248/423/272
f 80/426/273 238/428/275 331/427/274
f 238/428/275 81/435/217 250/429/216
f 331/427/274 250/429/216 82/430/215
f 243/431/276 332/433/278 238/428/275
f 87/432/277 242/460/289 332/433/278
f 332/433/278 242/460/289 86/354/279
f 238/428/275 332/433/278 246/434/280
f 198/436/23 333/438/282 160/330/220
f 198/436/23 59/396/22 255/437/281
f 333/438/282 255/437/281 87/439/277
f 333/438/282 243/440/276 80/441/273
f 188/442/252 334/443/283 253/255/164
f 66/210/134 251/327/218 334/443/283
f 251/327/218 85/332/222 241/444/269
f 334/443/283 241/444/269 84/445/270
f 13/411/263 218/410/262 335/446/284
f 77/260/285 256/409/541 335/446/284
f 335/446/284 256/409/541 89/260/268
f 215/349/232 335/446/284 249/447/267
f 58/354/237 209/355/238 336/448/286
f 209/355/238 56/318/211 252/320/213
f 336/448/286 252/320/213 81/325/217
f 257/449/287 336/448/286 246/450/280
f 59/396/22 196/395/256 337/451/288
f 196/395/256 58/380/237 257/452/287
f 337/451/288 257/452/287 86/453/279
f 255/437/281 337/451/288 242/454/289
f 420/2/290 563/5/293 505/1/291
f 563/5/293 413/6/296 358/4/294
f 418/7/295 341/388/310 413/6/296
f 343/8/297 418/7/295 563/5/293
f 419/10/298 564/13/301 460/9/299
f 564/13/301 416/14/304 399/12/302
f 412/15/303 339/338/415 416/14/304
f 342/16/305 412/15/303 564/13/301
f 397/17/306 483/19/312 565/18/307
f 530/20/308 565/18/307 539/21/309
f 565/18/307 508/23/313 384/22/311
f 483/19/312 382/24/478 508/23/313
f 393/25/314 520/27/317 566/26/315
f 536/28/316 566/26/315 419/10/298
f 566/26/315 417/29/318 342/16/305
f 520/27/317 338/30/410 417/29/318
f 444/32/319 567/35/322 491/31/320
f 567/35/322 420/36/290 370/34/292
f 414/37/323 343/8/297 420/36/290
f 340/38/324 414/37/323 567/35/322
f 529/40/38 568/43/330 461/39/325
f 461/39/325 568/43/330 431/42/327
f 434/44/329 351/55/335 431/42/327
f 344/45/38 434/44/329 568/43/330
f 455/47/44 569/50/47 545/46/331
f 569/50/47 432/51/333 364/49/332
f 114/52/47 20/131/98 432/51/333
f 7/53/49 114/52/47 569/50/47
f 421/54/38 570/56/334 434/44/329
f 570/56/334 495/57/336 351/55/335
f 545/46/331 364/49/332 495/57/336
f 372/48/45 545/46/331 570/56/334
f 17/58/53 501/60/340 571/59/337
f 571/59/337 502/63/339 14/61/56
f 427/64/338 366/118/363 502/63/339
f 501/60/340 365/65/344 427/64/338
f 367/66/61 537/68/61 572/67/341
f 426/69/342 572/67/341 430/70/343
f 572/67/341 436/72/346 350/71/345
f 537/68/61 346/73/67 436/72/346
f 466/75/68 573/78/68 421/74/38
f 573/78/68 441/77/68 372/153/45
f 573/78/68 474/80/69 363/79/69
f 377/81/69 474/80/69 573/78/68
f 352/82/347 435/84/353 574/83/348
f 492/85/349 574/83/348 438/86/350
f 574/83/348 428/88/354 348/87/352
f 435/84/353 366/89/363 428/88/354
f 484/91/355 575/94/81 532/90/78
f 532/90/78 575/94/81 439/93/81
f 424/95/82 346/109/67 439/93/81
f 484/91/355 393/96/314 424/95/82
f 440/98/81 576/101/81 496/97/78
f 576/101/81 122/102/81 54/100/78
f 425/103/67 12/461/82 122/102/81
f 367/104/61 425/103/67 576/101/81
f 439/93/81 577/107/81 476/105/78
f 577/107/81 440/98/81 361/99/78
f 537/108/61 367/104/61 440/98/81
f 439/93/81 346/109/67 537/108/61
f 495/111/336 578/113/358 443/110/357
f 578/113/358 454/114/361 345/112/359
f 437/115/360 371/381/369 454/114/361
f 364/116/332 437/115/360 578/113/358
f 365/65/344 430/70/343 579/117/362
f 579/117/362 428/119/354 366/118/363
f 442/120/364 348/403/352 428/119/354
f 350/71/345 442/120/364 579/117/362
f 431/122/327 580/124/366 542/121/365
f 580/124/366 422/125/367 397/17/306
f 443/110/357 345/112/359 422/125/367
f 351/55/335 443/110/357 580/124/366
f 432/51/333 581/128/368 437/126/360
f 581/128/368 423/129/370 371/127/369
f 128/130/97 10/252/184 423/129/370
f 20/131/98 128/130/97 581/128/368
f 45/132/99 119/134/101 582/133/371
f 482/135/372 582/133/371 435/84/353
f 582/133/371 502/136/339 366/89/363
f 119/134/101 14/137/56 502/136/339
f 353/138/321 445/140/378 583/139/373
f 583/139/373 485/143/376 388/141/375
f 478/144/373 387/147/376 485/143/376
f 354/145/377 478/144/373 583/139/373
f 446/146/379 584/148/373 478/144/373
f 584/148/373 469/149/376 387/147/376
f 479/150/380 386/92/356 469/149/376
f 355/151/381 479/150/380 584/148/373
f 441/77/68 585/155/68 455/152/44
f 585/155/68 156/156/68 7/154/49
f 453/157/69 52/159/69 156/156/68
f 363/79/69 453/157/69 585/155/68
f 488/158/112 586/160/112 453/157/69
f 586/160/112 157/161/112 52/159/69
f 586/160/112 500/162/112 53/166/112
f 362/163/112 500/162/112 586/160/112
f 429/165/112 587/164/112 500/162/112
f 587/164/112 158/167/112 53/166/112
f 496/97/78 54/100/78 158/167/112
f 361/99/78 496/97/78 587/164/112
f 463/169/382 588/171/68 529/168/38
f 588/171/68 466/75/68 344/76/38
f 588/171/68 514/172/69 377/81/69
f 388/141/375 514/172/69 588/171/68
f 388/173/375 485/143/376 589/174/112
f 589/174/112 467/229/112 377/175/69
f 589/174/112 513/177/112 378/176/112
f 387/178/376 513/177/112 589/174/112
f 469/179/376 590/180/112 513/177/112
f 590/180/112 468/181/112 378/176/112
f 532/182/78 379/280/78 468/181/112
f 386/183/356 532/182/78 590/180/112
f 538/185/383 591/188/385 465/184/384
f 591/188/385 486/189/388 375/187/386
f 527/190/387 402/462/440 486/189/388
f 394/191/389 527/190/387 591/188/385
f 433/193/390 592/196/395 452/192/391
f 452/192/391 592/196/395 464/195/393
f 592/196/395 497/198/396 375/197/386
f 433/193/390 359/199/397 497/198/396
f 359/200/397 450/202/399 593/201/398
f 497/203/396 593/201/398 465/184/384
f 593/201/398 492/204/349 376/186/351
f 450/202/399 352/205/347 492/204/349
f 345/112/359 540/207/403 594/206/400
f 422/208/367 594/206/400 483/19/312
f 510/209/401 382/24/478 483/19/312
f 391/210/402 510/209/401 594/206/400
f 415/211/404 595/212/405 414/37/323
f 595/212/405 524/213/406 343/8/297
f 461/39/325 392/123/328 524/213/406
f 400/41/326 461/39/325 595/212/405
f 340/214/324 444/216/319 596/215/407
f 415/217/404 596/215/407 463/169/382
f 596/215/407 477/142/374 388/141/375
f 444/216/319 353/138/321 477/142/374
f 411/218/408 597/219/409 479/150/380
f 597/219/409 484/91/355 386/92/356
f 520/220/317 393/96/314 484/91/355
f 338/221/410 520/220/317 597/219/409
f 356/222/411 459/224/417 598/223/412
f 447/225/413 598/223/412 462/226/414
f 598/223/412 516/227/418 390/226/416
f 459/224/417 395/228/462 516/227/418
f 467/229/112 599/230/112 474/80/69
f 599/230/112 488/158/112 363/79/69
f 599/230/112 475/232/112 362/231/112
f 378/176/112 475/232/112 599/230/112
f 338/233/410 411/235/408 600/234/419
f 417/236/318 600/234/419 456/237/420
f 489/238/421 368/241/423 456/237/420
f 411/235/408 355/239/381 489/238/421
f 446/240/379 601/242/422 489/238/421
f 601/242/422 457/243/425 368/241/423
f 490/244/424 369/247/427 457/243/425
f 354/245/377 490/244/424 601/242/422
f 445/246/378 602/248/426 490/244/424
f 602/248/426 458/249/428 369/247/427
f 491/31/320 370/34/292 458/249/428
f 353/33/321 491/31/320 602/248/426
f 254/251/160 603/254/430 511/250/429
f 603/254/430 560/255/433 349/253/431
f 553/256/432 407/445/522 560/255/433
f 88/257/166 553/256/432 603/254/430
f 148/259/168 604/261/435 480/258/434
f 604/261/435 433/193/390 360/194/392
f 481/262/436 359/199/397 433/193/390
f 44/263/172 481/262/436 604/261/435
f 486/189/388 605/266/437 464/195/393
f 605/266/437 487/267/439 374/265/394
f 526/268/438 401/275/444 487/267/439
f 402/269/440 526/268/438 605/266/437
f 487/267/439 606/272/441 452/270/391
f 606/272/441 451/273/443 360/271/392
f 493/274/442 347/411/493 451/273/443
f 401/275/444 493/274/442 606/272/441
f 149/276/182 607/277/445 481/262/436
f 607/277/445 450/456/399 359/199/397
f 607/277/445 482/135/372 352/82/347
f 45/132/99 482/135/372 607/277/445
f 468/181/112 608/279/112 475/232/112
f 608/279/112 429/278/112 362/231/112
f 608/279/112 476/105/78 361/99/78
f 379/280/78 476/105/78 608/279/112
f 10/252/184 236/251/186 609/281/446
f 423/282/370 609/281/446 499/283/447
f 609/281/446 511/250/429 349/253/431
f 236/251/186 67/252/161 511/250/429
f 350/71/345 531/285/450 610/284/448
f 442/120/364 610/284/448 523/286/449
f 610/284/448 460/9/299 399/12/302
f 531/285/450 398/11/300 460/9/299
f 456/237/420 611/290/451 412/287/303
f 611/290/451 447/225/413 339/289/415
f 503/291/452 356/222/411 447/225/413
f 368/241/423 503/291/452 611/290/451
f 457/293/425 612/295/453 503/292/452
f 612/295/453 448/296/455 356/294/411
f 504/297/454 357/300/457 448/296/455
f 369/298/427 504/297/454 612/295/453
f 458/299/428 613/301/456 504/297/454
f 613/301/456 449/302/458 357/300/457
f 505/1/291 358/4/294 449/302/458
f 370/3/292 505/1/291 613/301/456
f 373/303/459 471/305/463 614/304/460
f 614/304/460 516/458/418 395/306/462
f 614/304/460 509/309/464 390/308/416
f 471/305/463 385/310/489 509/309/464
f 401/275/444 526/312/438 615/311/465
f 533/313/466 615/311/465 472/314/467
f 615/311/465 534/316/470 380/315/469
f 526/312/438 402/317/440 534/316/470
f 381/318/468 559/320/474 616/319/471
f 533/321/466 616/319/471 494/322/472
f 616/319/471 557/324/475 405/323/473
f 559/320/474 404/325/543 557/324/475
f 558/327/476 617/329/477 510/326/401
f 617/329/477 470/330/480 382/328/478
f 552/331/479 403/441/529 470/330/480
f 408/332/481 552/331/479 617/329/477
f 394/333/389 515/335/486 618/334/482
f 618/334/482 471/305/463 373/303/459
f 521/337/484 385/310/489 471/305/463
f 389/87/485 521/337/484 618/334/482
f 339/338/415 462/340/414 619/339/487
f 416/14/304 619/339/487 507/341/488
f 619/339/487 509/343/464 385/342/489
f 462/340/414 390/340/416 509/343/464
f 402/344/440 527/190/387 620/345/490
f 534/346/470 620/345/490 473/347/491
f 535/348/483 373/463/459 473/347/491
f 527/190/387 394/333/389 535/348/483
f 494/322/472 621/350/494 493/274/442
f 493/274/442 621/350/494 525/349/492
f 621/350/494 547/352/526 406/351/495
f 405/323/473 547/352/526 621/350/494
f 381/318/468 472/314/467 622/353/496
f 622/353/496 518/356/500 383/354/498
f 522/357/499 396/360/502 518/356/500
f 472/314/467 380/315/469 522/357/499
f 380/315/469 473/359/491 623/358/501
f 623/358/501 517/361/503 396/360/502
f 512/307/461 395/306/462 517/361/503
f 473/359/491 373/303/459 512/307/461
f 357/362/457 541/364/505 624/363/504
f 448/365/455 624/363/504 459/224/417
f 624/363/504 517/366/503 395/228/462
f 541/364/505 396/367/502 517/366/503
f 346/73/67 424/369/82 625/368/506
f 436/72/346 625/368/506 531/285/450
f 625/368/506 536/28/316 398/11/300
f 424/369/82 393/25/314 536/28/316
f 543/371/507 626/373/508 438/370/350
f 626/373/508 538/374/383 376/372/351
f 515/335/486 394/464/389 538/374/383
f 389/87/485 515/335/486 626/373/508
f 358/375/294 544/377/510 627/376/509
f 449/378/458 627/376/509 541/364/505
f 627/376/509 518/379/500 396/367/502
f 544/377/510 383/380/498 518/379/500
f 371/381/369 499/383/447 628/382/511
f 454/384/361 628/382/511 540/207/403
f 628/382/511 498/385/512 391/210/402
f 499/383/447 349/386/431 498/385/512
f 524/387/406 629/389/513 418/7/295
f 629/389/513 530/390/308 341/388/310
f 542/121/365 397/17/306 530/390/308
f 392/123/328 542/121/365 629/389/513
f 341/391/310 539/393/309 630/392/514
f 413/394/296 630/392/514 544/377/510
f 630/392/514 506/395/515 383/380/498
f 539/393/309 384/396/311 506/395/515
f 12/397/82 425/399/67 631/398/516
f 116/400/258 631/398/516 501/60/340
f 631/398/516 426/69/342 365/65/344
f 425/399/67 367/66/61 426/69/342
f 507/341/488 632/404/517 523/401/449
f 632/404/517 543/405/507 348/403/352
f 521/406/484 389/465/485 543/405/507
f 385/342/489 521/406/484 632/404/517
f 451/273/443 633/408/518 480/407/434
f 633/408/518 227/409/261 43/260/169
f 528/410/519 77/260/285 227/409/261
f 347/411/493 528/410/519 633/408/518
f 88/412/166 247/414/265 634/413/520
f 553/415/432 634/413/520 548/416/521
f 634/413/520 556/418/523 406/417/495
f 247/414/265 89/260/268 556/418/523
f 548/416/521 635/422/525 549/419/524
f 635/422/525 555/423/527 408/421/481
f 547/424/526 405/430/473 555/423/527
f 406/417/495 547/424/526 635/422/525
f 555/423/527 636/427/528 552/425/479
f 636/427/528 546/428/530 403/426/529
f 557/429/475 404/435/543 546/428/530
f 405/430/473 557/429/475 636/427/528
f 546/428/530 637/433/532 551/431/531
f 637/433/532 550/460/535 410/432/533
f 637/433/532 554/434/536 409/354/534
f 546/428/530 404/435/543 554/434/536
f 470/330/480 638/438/538 508/436/313
f 508/436/313 638/438/538 561/437/537
f 638/438/538 551/440/531 410/439/533
f 403/441/529 551/440/531 638/438/538
f 560/255/433 639/443/539 498/442/512
f 639/443/539 558/327/476 391/210/402
f 549/444/524 408/332/481 558/327/476
f 407/445/522 549/444/524 639/443/539
f 347/411/493 525/349/492 640/446/540
f 640/446/540 256/409/541 77/260/285
f 640/446/540 556/447/523 89/260/268
f 525/349/492 406/351/495 556/447/523
f 383/354/498 562/449/544 641/448/542
f 519/355/497 641/448/542 559/320/474
f 641/448/542 554/450/536 404/325/543
f 562/449/544 409/354/534 554/450/536
f 384/396/311 561/437/537 642/451/545
f 506/395/515 642/451/545 562/452/544
f 642/451/545 550/454/535 409/453/534
f 561/437/537 410/439/533 550/454/535
o CouchLegs.001
v -0.456789 -0.007006 -0.298168
v -0.441944 0.084399 -0.291549
v -0.428751 -0.007006 -0.290550
v -0.402980 0.084399 -0.277647
v -0.417137 -0.007006 -0.272158
v -0.386841 0.084399 -0.244087
v -0.428751 -0.007006 -0.253766
v -0.402980 0.084399 -0.210527
v -0.456789 -0.007006 -0.246148
v -0.441944 0.084399 -0.196625
v -0.484828 -0.007006 -0.253766
v -0.480908 0.084399 -0.210527
v -0.496441 -0.007006 -0.272158
v -0.497047 0.084399 -0.244087
v -0.484828 -0.007006 -0.290550
v -0.480908 0.084399 -0.277647
v 0.456789 -0.007006 -0.298168
v 0.441944 0.084399 -0.291549
v 0.428751 -0.007006 -0.290550
v 0.402980 0.084399 -0.277647
v 0.417137 -0.007006 -0.272158
v 0.386841 0.084399 -0.244087
v 0.428751 -0.007006 -0.253766
v 0.402980 0.084399 -0.210527
v 0.456789 -0.007006 -0.246148
v 0.441944 0.084399 -0.196625
v 0.484828 -0.007006 -0.253766
v 0.480908 0.084399 -0.210527
v 0.496441 -0.007006 -0.272158
v 0.497047 0.084399 -0.244087
v 0.484828 -0.007006 -0.290550
v 0.480908 0.084399 -0.277647
v -0.456789 -0.007006 0.298168
v -0.441944 0.084399 0.291549
v -0.428751 -0.007006 0.290550
v -0.402980 0.084399 0.277647
v -0.417137 -0.007006 0.272158
v -0.386841 0.084399 0.244087
v -0.428751 -0.007006 0.253766
v -0.402980 0.084399 0.210527
v -0.456789 -0.007006 0.246148
v -0.441944 0.084399 0.196625
v -0.484828 -0.007006 0.253766
v -0.480908 0.084399 0.210527
v -0.496441 -0.007006 0.272158
v -0.497047 0.084399 0.244087
v -0.484828 -0.007006 0.290550
v -0.480908 0.084399 0.277647
v 0.456789 -0.007006 0.298168
v 0.441944 0.084399 0.291549
v 0.428751 -0.007006 0.290550
v 0.402980 0.084399 0.277647
v 0.417137 -0.007006 0.272158
v 0.386841 0.084399 0.244087
v 0.428751 -0.007006 0.253766
v 0.402980 0.084399 0.210527
v 0.456789 -0.007006 0.246148
v 0.441944 0.084399 0.196625
v 0.484828 -0.007006 0.253766
v 0.480908 0.084399 0.210527
v 0.496441 -0.007006 0.272158
v 0.497047 0.084399 0.244087
v 0.484828 -0.007006 0.290550
v 0.480908 0.084399 0.277647
vn 0.2621 0.0273 -0.9647
vn 0.8345 -0.1609 -0.5270
vn 0.7727 -0.4060 0.4880
vn 0.2316 -0.4686 0.8525
vn -0.2395 -0.4068 0.8816
vn -0.8336 -0.1672 0.5264
vn -0.0000 1.0000 -0.0000
vn -0.8403 0.1109 -0.5306
vn -0.2606 0.1118 -0.9590
vn -0.0000 -1.0000 -0.0000
vn -0.2621 0.0273 -0.9647
vn -0.8345 -0.1609 -0.5270
vn -0.7727 -0.4060 0.4880
vn -0.2316 -0.4686 0.8525
vn 0.3058 -0.4147 0.8571
vn 0.8890 -0.1641 0.4275
vn 0.8940 0.1261 -0.4299
vn 0.3324 0.1458 -0.9318
vn 0.2621 0.0273 0.9647
vn 0.8345 -0.1609 0.5270
vn 0.7727 -0.4060 -0.4880
vn 0.2316 -0.4686 -0.8525
vn -0.3058 -0.4147 -0.8571
vn -0.8890 -0.1641 -0.4275
vn -0.8940 0.1261 0.4299
vn -0.3324 0.1458 0.9318
vn -0.2621 0.0273 0.9647
vn -0.8345 -0.1609 0.5270
vn -0.7727 -0.4060 -0.4880
vn -0.2316 -0.4686 -0.8525
vn 0.2395 -0.4068 -0.8816
vn 0.8336 -0.1672 -0.5264
vn 0.8403 0.1109 0.5306
vn 0.2606 0.1118 0.9590
vn 0.3358 0.0382 -0.9412
vn 0.8891 -0.1634 -0.4276
vn 0.8190 -0.4172 0.3939
vn 0.2926 -0.4918 0.8201
vn -0.3058 -0.4147 0.8571
vn -0.8890 -0.1641 0.4275
vn -0.8940 0.1261 -0.4299
vn -0.3324 0.1458 -0.9318
vn -0.3358 0.0382 -0.9412
vn -0.8891 -0.1634 -0.4276
vn -0.8190 -0.4172 0.3939
vn -0.2926 -0.4918 0.8201
vn 0.2395 -0.4068 0.8816
vn 0.8336 -0.1672 0.5264
vn 0.8403 0.1109 -0.5306
vn 0.2606 0.1118 -0.9590
vn 0.3358 0.0382 0.9412
vn 0.8891 -0.1634 0.4276
vn 0.8190 -0.4172 -0.3939
vn 0.2926 -0.4918 -0.8201
vn -0.2395 -0.4068 -0.8816
vn -0.8336 -0.1672 -0.5264
vn -0.8403 0.1109 0.5306
vn -0.2606 0.1118 0.9590
vn -0.3358 0.0382 0.9412
vn -0.8891 -0.1634 0.4276
vn -0.8190 -0.4172 -0.3939
vn -0.2926 -0.4918 -0.8201
vn 0.3058 -0.4147 -0.8571
vn 0.8890 -0.1641 -0.4275
vn 0.8940 0.1261 0.4299
vn 0.3324 0.1458 0.9318
vt 1.000000 1.000000
vt 0.875000 0.500000
vt 1.000000 0.500000
vt 0.875000 1.000000
vt 0.750000 0.500000
vt 0.750000 1.000000
vt 0.625000 0.500000
vt 0.625000 1.000000
vt 0.500000 0.500000
vt 0.375000 1.000000
vt 0.375000 0.500000
vt 0.250000 1.000000
vt 0.250000 0.500000
vt 0.010000 0.250000
vt 0.250000 0.010000
vt 0.490000 0.250000
vt 0.125000 1.000000
vt 0.125000 0.500000
vt 0.000000 1.000000
vt 0.000000 0.500000
vt 0.919706 0.080294
vt 0.580294 0.080294
vt 0.580294 0.419706
vt 0.500000 1.000000
vt 0.250000 0.490000
vt 0.919706 0.419706
vt 0.419706 0.419706
vt 0.080294 0.419706
vt 0.080294 0.080294
vt 0.419706 0.080294
vt 0.750000 0.490000
vt 0.990000 0.250000
vt 0.750000 0.010000
vt 0.510000 0.250000
s 0
f 644/466/546 645/467/546 643/468/546
f 646/469/547 647/470/547 645/467/547
f 648/471/548 649/472/548 647/470/548
f 650/473/549 651/474/549 649/472/549
f 651/474/550 654/475/550 653/476/550
f 653/476/551 656/477/551 655/478/551
f 656/479/552 652/480/552 648/481/552
f 655/478/553 658/482/553 657/483/553
f 657/483/554 644/484/554 643/485/554
f 649/486/555 653/487/555 657/488/555
f 661/467/556 660/466/556 659/468/556
f 663/470/557 662/469/557 661/467/557
f 665/472/558 664/471/558 663/470/558
f 667/474/559 666/473/559 665/472/559
f 667/474/560 670/475/560 668/489/560
f 669/476/561 672/477/561 670/475/561
f 668/480/552 672/479/552 660/490/552
f 671/478/562 674/482/562 672/477/562
f 673/483/563 660/484/563 674/482/563
f 669/487/555 665/486/555 661/491/555
f 677/467/564 676/466/564 675/468/564
f 679/470/565 678/469/565 677/467/565
f 681/472/566 680/471/566 679/470/566
f 683/474/567 682/473/567 681/472/567
f 683/474/568 686/475/568 684/489/568
f 685/476/569 688/477/569 686/475/569
f 684/480/552 688/479/552 676/490/552
f 687/478/570 690/482/570 688/477/570
f 689/483/571 676/484/571 690/482/571
f 685/487/555 681/486/555 677/491/555
f 692/466/572 693/467/572 691/468/572
f 694/469/573 695/470/573 693/467/573
f 696/471/574 697/472/574 695/470/574
f 698/473/575 699/474/575 697/472/575
f 699/474/576 702/475/576 701/476/576
f 701/476/577 704/477/577 703/478/577
f 704/479/552 700/480/552 696/481/552
f 703/478/578 706/482/578 705/483/578
f 705/483/579 692/484/579 691/485/579
f 697/486/555 701/487/555 705/488/555
f 644/466/580 646/469/580 645/467/580
f 646/469/581 648/471/581 647/470/581
f 648/471/582 650/473/582 649/472/582
f 650/473/583 652/489/583 651/474/583
f 651/474/584 652/489/584 654/475/584
f 653/476/585 654/475/585 656/477/585
f 648/481/552 646/492/552 644/490/552
f 644/490/552 658/493/552 656/479/552
f 656/479/552 654/494/552 652/480/552
f 652/480/552 650/495/552 648/481/552
f 648/481/552 644/490/552 656/479/552
f 655/478/586 656/477/586 658/482/586
f 657/483/587 658/482/587 644/484/587
f 657/488/555 643/496/555 645/491/555
f 645/491/555 647/497/555 649/486/555
f 649/486/555 651/498/555 653/487/555
f 653/487/555 655/499/555 657/488/555
f 657/488/555 645/491/555 649/486/555
f 661/467/588 662/469/588 660/466/588
f 663/470/589 664/471/589 662/469/589
f 665/472/590 666/473/590 664/471/590
f 667/474/591 668/489/591 666/473/591
f 667/474/592 669/476/592 670/475/592
f 669/476/593 671/478/593 672/477/593
f 660/490/552 662/492/552 664/481/552
f 664/481/552 666/495/552 668/480/552
f 668/480/552 670/494/552 672/479/552
f 672/479/552 674/493/552 660/490/552
f 660/490/552 664/481/552 668/480/552
f 671/478/594 673/483/594 674/482/594
f 673/483/595 659/485/595 660/484/595
f 661/491/555 659/496/555 673/488/555
f 673/488/555 671/499/555 669/487/555
f 669/487/555 667/498/555 665/486/555
f 665/486/555 663/497/555 661/491/555
f 661/491/555 673/488/555 669/487/555
f 677/467/596 678/469/596 676/466/596
f 679/470/597 680/471/597 678/469/597
f 681/472/598 682/473/598 680/471/598
f 683/474/599 684/489/599 682/473/599
f 683/474/600 685/476/600 686/475/600
f 685/476/601 687/478/601 688/477/601
f 676/490/552 678/492/552 680/481/552
f 680/481/552 682/495/552 684/480/552
f 684/480/552 686/494/552 688/479/552
f 688/479/552 690/493/552 676/490/552
f 676/490/552 680/481/552 684/480/552
f 687/478/602 689/483/602 690/482/602
f 689/483/603 675/485/603 676/484/603
f 677/491/555 675/496/555 689/488/555
f 689/488/555 687/499/555 685/487/555
f 685/487/555 683/498/555 681/486/555
f 681/486/555 679/497/555 677/491/555
f 677/491/555 689/488/555 685/487/555
f 692/466/604 694/469/604 693/467/604
f 694/469/605 696/471/605 695/470/605
f 696/471/606 698/473/606 697/472/606
f 698/473/607 700/489/607 699/474/607
f 699/474/608 700/489/608 702/475/608
f 701/476/609 702/475/609 704/477/609
f 696/481/552 694/492/552 692/490/552
f 692/490/552 706/493/552 704/479/552
f 704/479/552 702/494/552 700/480/552
f 700/480/552 698/495/552 696/481/552
f 696/481/552 692/490/552 704/479/552
f 703/478/610 704/477/610 706/482/610
f 705/483/611 706/482/611 692/484/611
f 705/488/555 691/496/555 693/491/555
f 693/491/555 695/497/555 697/486/555
f 697/486/555 699/498/555 701/487/555
f 701/487/555 703/499/555 705/488/555
f 705/488/555 693/491/555 697/486/555
o CouchPillow.003
v 0.234583 0.849853 -0.153984
v 0.243319 0.827779 -0.202621
v 0.237846 0.409691 -0.032640
v 0.233775 0.387245 -0.081681
v -0.229102 0.851998 -0.161954
v -0.232356 0.827649 -0.209334
v -0.247292 0.414261 -0.037231
v -0.231319 0.398073 -0.089509
v -0.244819 0.796154 -0.205424
v -0.240162 0.687065 -0.180477
v -0.237110 0.629287 -0.168817
v -0.233698 0.517218 -0.139174
v -0.240463 0.418913 -0.100984
v 0.153613 0.825890 -0.216334
v 0.033374 0.817305 -0.219931
v -0.086403 0.826517 -0.214625
v -0.199457 0.834545 -0.216035
v 0.241974 0.839565 -0.183379
v -0.235173 0.408715 -0.065407
v 0.246177 0.387000 -0.055836
v -0.237500 0.844618 -0.189799
v 0.146148 0.417278 -0.022615
v 0.026008 0.428554 -0.020378
v -0.094844 0.426710 -0.022107
v -0.212737 0.411296 -0.029746
v 0.240565 0.824747 -0.141329
v 0.237235 0.725142 -0.106319
v 0.238148 0.669890 -0.089656
v 0.235549 0.558107 -0.058281
v 0.241543 0.445724 -0.036103
v -0.206787 0.385369 -0.090737
v -0.093552 0.386484 -0.099939
v 0.027304 0.384437 -0.099178
v 0.146539 0.380092 -0.092401
v -0.255406 0.448173 -0.042545
v -0.240690 0.560309 -0.066194
v -0.238201 0.673009 -0.095533
v -0.236885 0.727387 -0.113065
v -0.237255 0.827785 -0.150789
v -0.197391 0.858072 -0.159229
v -0.088065 0.861018 -0.152551
v 0.032133 0.865458 -0.149202
v 0.152470 0.865315 -0.149163
v 0.242171 0.413619 -0.093670
v 0.235335 0.515142 -0.130365
v 0.238458 0.625922 -0.162884
v 0.240979 0.683052 -0.175474
v 0.255965 0.794716 -0.197169
v -0.194937 0.861282 -0.194282
v -0.085001 0.858084 -0.192565
v 0.032349 0.858648 -0.191750
v 0.149534 0.863494 -0.191556
v 0.259333 0.800861 -0.172501
v 0.259619 0.699037 -0.144257
v 0.258352 0.644816 -0.129113
v 0.259081 0.536181 -0.098366
v 0.262205 0.429139 -0.067760
v -0.212300 0.796256 -0.224341
v -0.210359 0.676423 -0.203157
v -0.212193 0.617698 -0.188907
v -0.215256 0.504166 -0.154641
v -0.205658 0.412571 -0.111040
v -0.089839 0.780575 -0.229040
v -0.096067 0.662743 -0.232987
v -0.097272 0.599765 -0.219981
v -0.098729 0.481046 -0.181049
v -0.095614 0.398078 -0.121921
v 0.034274 0.773177 -0.229529
v 0.035386 0.659648 -0.235810
v 0.034783 0.596035 -0.223624
v 0.032612 0.476960 -0.184034
v 0.028782 0.398731 -0.123580
v 0.157623 0.781369 -0.222747
v 0.162816 0.665438 -0.219149
v 0.161848 0.604190 -0.205128
v 0.158727 0.488168 -0.167081
v 0.150454 0.402652 -0.115834
v -0.252279 0.446043 -0.076366
v -0.259816 0.542494 -0.104316
v -0.259262 0.649244 -0.134787
v -0.260867 0.703509 -0.150214
v -0.258254 0.806658 -0.179285
v 0.143131 0.374360 -0.053596
v 0.025593 0.380149 -0.056454
v -0.091800 0.380055 -0.056942
v -0.198226 0.388563 -0.059485
v 0.156691 0.852062 -0.123657
v 0.160549 0.754585 -0.069775
v 0.159384 0.696502 -0.050235
v 0.158084 0.575671 -0.019207
v 0.151227 0.449761 -0.009221
v 0.032037 0.853233 -0.119519
v 0.032065 0.765998 -0.057586
v 0.031385 0.708344 -0.035398
v 0.029608 0.583308 -0.005807
v 0.026465 0.457424 -0.007084
v -0.091732 0.849072 -0.123825
v -0.099217 0.764218 -0.063179
v -0.100481 0.706259 -0.041797
v -0.101688 0.582300 -0.011435
v -0.097288 0.457212 -0.009786
v -0.205046 0.837312 -0.142736
v -0.210538 0.741845 -0.093416
v -0.215358 0.686270 -0.074111
v -0.217594 0.570922 -0.043089
v -0.217750 0.452065 -0.025112
vn -0.2328 -0.0130 0.9724
vn -0.5685 -0.4120 0.7121
vn -0.1113 -0.3877 0.9150
vn 0.3315 -0.2222 0.9169
vn 0.0153 -0.8723 0.4887
vn 0.6108 -0.6939 0.3812
vn -0.8128 0.0028 0.5826
vn -0.7405 -0.6716 0.0254
vn 0.4152 0.3146 -0.8536
vn 0.1235 0.0536 -0.9909
vn 0.0678 0.3147 -0.9468
vn 0.5171 0.7129 0.4737
vn 0.9862 0.1634 0.0279
vn 0.6477 0.7156 -0.2617
vn 0.5131 -0.3769 -0.7711
vn 0.0873 -0.8618 -0.4997
vn 0.1900 -0.5765 -0.7947
vn 0.0131 0.4280 -0.9037
vn -0.1356 0.8580 -0.4955
vn 0.0091 0.8273 -0.5618
vn -0.0603 0.9788 0.1960
vn -0.0172 0.7991 -0.6010
vn 0.5061 0.0397 0.8616
vn 0.9872 -0.1529 0.0459
vn 0.0097 0.3543 -0.9351
vn 0.0784 0.8103 -0.5807
vn -0.0214 0.9887 0.1484
vn -0.1163 0.8605 0.4959
vn 0.6521 -0.0049 -0.7581
vn -0.2348 -0.4903 -0.8393
vn -0.0532 -0.9335 -0.3546
vn -0.2418 -0.8757 -0.4180
vn 0.6618 0.1856 0.7264
vn 0.9974 -0.0107 -0.0714
vn 0.9999 -0.0110 -0.0059
vn 0.6869 -0.2109 -0.6955
vn 0.6998 -0.1913 -0.6882
vn 0.4262 -0.6990 -0.5742
vn -0.6564 -0.7091 -0.2575
vn -0.9813 -0.1899 -0.0313
vn -0.6371 -0.4083 -0.6537
vn 0.6299 -0.2732 -0.7271
vn 0.6702 0.2592 0.6954
vn 0.9993 -0.0196 -0.0305
vn 0.5675 0.3870 0.7268
vn 0.6968 0.2031 0.6879
vn -0.9750 0.1988 -0.0996
vn -0.5252 0.7364 0.4265
vn -0.6562 0.6519 -0.3800
vn -0.3803 -0.1591 -0.9111
vn -0.6924 0.0057 -0.7215
vn -0.2037 0.0276 -0.9786
vn -0.0416 0.1188 -0.9920
vn -0.1009 0.4114 -0.9059
vn -0.4857 0.3701 -0.7919
vn -0.4579 -0.3512 -0.8167
vn -0.7647 -0.1758 -0.6200
vn -0.4472 -0.2301 -0.8643
vn -0.7535 -0.1629 -0.6370
vn -0.7612 -0.2294 -0.6066
vn -0.1523 -0.4198 -0.8948
vn -0.1499 -0.2499 -0.9566
vn -0.1028 -0.6996 -0.7071
vn 0.0335 0.1142 -0.9929
vn -0.1291 -0.0711 -0.9891
vn 0.0383 -0.7106 -0.7025
vn 0.0602 -0.4380 -0.8969
vn 0.0565 -0.2508 -0.9664
vn 0.2509 -0.1213 -0.9604
vn 0.0022 -0.9348 -0.3551
vn 0.3134 -0.2585 -0.9137
vn 0.0523 -0.0633 -0.9966
vn 0.3096 -0.4049 -0.8603
vn -0.9982 -0.0312 -0.0515
vn -0.9993 -0.0182 -0.0332
vn -0.7631 0.2474 0.5971
vn -0.9999 0.0007 -0.0138
vn -0.8124 0.1909 0.5510
vn -0.8454 0.1607 0.5094
vn -0.1989 -0.9188 0.3411
vn -0.5918 0.3697 0.7163
vn 0.0599 -0.4456 0.8932
vn -0.0240 -0.8722 0.4886
vn 0.2089 0.6321 0.7462
vn -0.0427 -0.8740 0.4840
vn -0.0354 -0.4672 0.8834
vn -0.0175 -0.4931 0.8698
vn 0.1251 -0.1316 0.9834
vn 0.1317 0.9513 0.2786
vn -0.1381 0.7188 0.6814
vn -0.2505 0.5201 0.8166
vn 0.2909 0.2714 0.9175
vn 0.2903 0.3884 0.8745
vn 0.2329 0.1469 0.9613
vn 0.0050 0.7289 0.6846
vn 0.0401 0.2919 0.9556
vn 0.0422 0.4479 0.8931
vn 0.0062 -0.1713 0.9852
vn 0.0344 0.1058 0.9938
vn -0.1743 0.4448 0.8785
vn -0.0690 -0.1616 0.9844
vn -0.1316 0.1306 0.9827
vn -0.1657 0.2901 0.9425
vn -0.4685 0.3898 0.7928
vn -0.4493 0.2023 0.8702
vn -0.4954 0.2761 0.8236
vt 0.847222 0.722222
vt 0.875000 0.750000
vt 0.847222 0.750000
vt 0.625000 0.750000
vt 0.486111 0.805556
vt 0.486111 0.750000
vt 0.625000 0.027778
vt 0.486111 0.000000
vt 0.625000 0.000000
vt 0.375000 0.500000
vt 0.319444 0.527778
vt 0.319444 0.500000
vt 0.625000 0.500000
vt 0.486111 0.527778
vt 0.486111 0.500000
vt 0.375000 0.722222
vt 0.319444 0.750000
vt 0.319444 0.722222
vt 0.375000 0.333333
vt 0.486111 0.277778
vt 0.486111 0.333333
vt 0.625000 0.333333
vt 0.486111 0.388889
vt 0.625000 0.722222
vt 0.486111 0.722222
vt 0.375000 0.388889
vt 0.375000 0.444444
vt 0.486111 0.444444
vt 0.625000 0.388889
vt 0.625000 0.277778
vt 0.375000 0.527778
vt 0.152778 0.722222
vt 0.208333 0.750000
vt 0.152778 0.750000
vt 0.625000 0.666667
vt 0.486111 0.666667
vt 0.486111 0.583333
vt 0.375000 0.611111
vt 0.375000 0.583333
vt 0.375000 0.750000
vt 0.375000 0.000000
vt 0.486111 0.027778
vt 0.375000 0.027778
vt 0.375000 0.666667
vt 0.625000 0.583333
vt 0.486111 0.611111
vt 0.625000 0.527778
vt 0.625000 0.611111
vt 0.486111 0.222222
vt 0.625000 0.250000
vt 0.486111 0.250000
vt 0.152778 0.583333
vt 0.125000 0.527778
vt 0.152778 0.527778
vt 0.125000 0.722222
vt 0.125000 0.750000
vt 0.208333 0.527778
vt 0.152778 0.500000
vt 0.208333 0.500000
vt 0.263889 0.500000
vt 0.125000 0.500000
vt 0.152778 0.666667
vt 0.125000 0.611111
vt 0.152778 0.611111
vt 0.125000 0.583333
vt 0.125000 0.666667
vt 0.208333 0.666667
vt 0.208333 0.611111
vt 0.208333 0.722222
vt 0.263889 0.527778
vt 0.208333 0.583333
vt 0.263889 0.722222
vt 0.263889 0.666667
vt 0.263889 0.611111
vt 0.319444 0.583333
vt 0.263889 0.750000
vt 0.319444 0.611111
vt 0.263889 0.583333
vt 0.319444 0.666667
vt 0.486111 0.083333
vt 0.486111 0.138889
vt 0.375000 0.083333
vt 0.625000 0.166667
vt 0.486111 0.166667
vt 0.375000 0.138889
vt 0.375000 0.166667
vt 0.375000 0.222222
vt 0.375000 0.250000
vt 0.625000 0.138889
vt 0.625000 0.083333
vt 0.486111 0.972222
vt 0.625000 1.000000
vt 0.486111 1.000000
vt 0.625000 0.222222
vt 0.625000 0.805556
vt 0.486111 0.861111
vt 0.680556 0.527778
vt 0.375000 0.972222
vt 0.375000 1.000000
vt 0.375000 0.861111
vt 0.486111 0.916667
vt 0.375000 0.916667
vt 0.375000 0.805556
vt 0.625000 0.916667
vt 0.625000 0.861111
vt 0.680556 0.750000
vt 0.680556 0.722222
vt 0.736111 0.750000
vt 0.680556 0.500000
vt 0.736111 0.500000
vt 0.791667 0.527778
vt 0.791667 0.500000
vt 0.847222 0.527778
vt 0.847222 0.500000
vt 0.680556 0.611111
vt 0.680556 0.583333
vt 0.680556 0.666667
vt 0.736111 0.527778
vt 0.736111 0.611111
vt 0.736111 0.583333
vt 0.736111 0.722222
vt 0.736111 0.666667
vt 0.791667 0.583333
vt 0.791667 0.722222
vt 0.791667 0.666667
vt 0.791667 0.611111
vt 0.847222 0.583333
vt 0.791667 0.750000
vt 0.847222 0.666667
vt 0.847222 0.611111
vt 0.875000 0.583333
vt 0.875000 0.527778
vt 0.875000 0.500000
vt 0.875000 0.666667
vt 0.875000 0.611111
vt 0.875000 0.722222
vt 0.375000 0.277778
vt 0.625000 0.444444
vt 0.625000 0.972222
s 1
usemtl Material.001
f 812/500/612 713/501/613 731/502/614
f 709/503/615 789/504/616 726/505/617
f 741/506/618 725/507/619 713/508/613
f 708/509/620 779/510/621 720/511/622
f 707/512/623 759/513/624 724/514/625
f 750/515/626 740/516/627 783/517/628
f 722/518/629 755/519/630 756/520/631
f 747/521/632 757/522/633 756/520/631
f 736/523/634 726/505/617 763/524/635
f 722/518/629 757/522/633 721/525/636
f 720/526/622 757/522/633 758/527/637
f 748/528/638 758/527/637 757/522/633
f 746/529/639 756/520/631 755/519/630
f 758/527/637 707/512/623 724/514/625
f 724/514/625 754/530/640 708/509/620
f 768/531/641 738/532/642 737/533/643
f 735/534/644 763/524/635 762/535/645
f 760/536/646 752/537/647 753/538/648
f 763/524/635 710/539/649 750/515/626
f 714/540/650 784/541/651 719/542/652
f 762/535/645 750/515/626 751/543/653
f 733/544/654 761/545/655 760/536/646
f 732/546/656 760/536/646 759/513/624
f 734/547/657 762/535/645 761/545/655
f 788/548/658 711/549/659 727/550/660
f 711/549/659 755/519/630 727/550/660
f 765/551/661 715/552/662 764/553/663
f 719/554/652 737/533/643 714/555/650
f 769/556/664 723/557/665 722/558/629
f 721/559/636 769/556/664 722/558/629
f 779/510/621 721/559/636 720/511/622
f 712/560/666 764/553/663 715/552/662
f 767/561/667 717/562/668 766/563/669
f 716/564/670 766/563/669 717/562/668
f 768/531/641 718/565/671 767/561/667
f 769/556/664 765/551/661 764/553/663
f 772/566/672 766/563/669 771/567/673
f 765/551/661 771/567/673 766/563/669
f 773/568/674 767/561/667 772/566/672
f 774/569/675 770/570/676 769/556/664
f 778/571/677 738/532/642 773/568/674
f 777/572/678 771/567/673 776/573/679
f 770/570/676 776/573/679 771/567/673
f 778/571/677 772/566/672 777/572/678
f 780/574/680 774/569/675 779/510/621
f 783/517/628 739/575/681 778/571/677
f 781/576/682 777/572/678 776/573/679
f 780/574/680 776/573/679 775/577/683
f 782/578/684 778/571/677 777/572/678
f 780/574/680 754/530/640 753/538/648
f 782/578/684 752/537/647 751/543/653
f 753/538/648 781/576/682 780/574/680
f 783/517/628 751/543/653 750/515/626
f 785/579/685 719/542/652 784/541/651
f 789/504/616 710/539/649 726/505/617
f 786/580/686 718/581/671 785/579/685
f 786/580/686 744/582/687 787/583/688
f 717/584/668 787/583/688 716/585/670
f 715/586/662 727/550/660 712/587/666
f 788/548/658 716/585/670 787/583/688
f 743/588/689 785/579/685 742/589/690
f 742/589/690 784/541/651 741/506/618
f 792/590/691 713/591/613 725/592/619
f 745/593/692 787/583/688 744/582/687
f 728/594/693 790/595/694 789/504/616
f 793/596/695 733/544/654 732/546/656
f 737/597/643 725/592/619 714/598/650
f 739/599/681 791/600/696 738/601/642
f 740/602/627 790/595/694 739/599/681
f 738/601/642 792/590/691 737/597/643
f 730/603/697 792/590/691 791/600/696
f 730/603/697 790/595/694 729/604/698
f 758/527/637 708/509/620 720/526/622
f 736/523/634 728/605/693 709/503/615
f 797/606/699 729/607/698 728/605/693
f 749/608/700 732/546/656 707/512/623
f 748/609/638 793/596/695 749/608/700
f 803/610/701 748/609/638 747/611/632
f 808/612/702 747/611/632 746/613/639
f 795/614/703 735/534/644 734/547/657
f 794/615/704 734/547/657 733/544/654
f 796/616/705 736/523/634 735/534/644
f 798/617/706 794/615/704 793/596/695
f 800/618/707 796/616/705 795/614/703
f 799/619/708 795/614/703 794/615/704
f 802/620/709 796/616/705 801/621/710
f 804/622/711 798/617/706 803/610/701
f 807/623/712 729/607/698 802/620/709
f 806/624/713 800/618/707 805/625/714
f 799/619/708 805/625/714 800/618/707
f 807/623/712 801/621/710 806/624/713
f 809/626/715 803/610/701 808/612/702
f 812/500/612 730/627/697 807/623/712
f 811/628/716 805/625/714 810/629/717
f 804/622/711 810/629/717 805/625/714
f 812/500/612 806/624/713 811/628/716
f 744/630/687 808/612/702 745/631/692
f 711/632/659 808/612/702 746/613/639
f 742/633/690 810/629/717 743/634/689
f 809/626/715 743/634/689 810/629/717
f 741/635/618 811/628/716 742/633/690
f 759/513/624 753/538/648 754/530/640
f 712/587/666 755/519/630 723/636/665
f 761/545/655 751/543/653 752/537/647
f 812/500/612 741/635/618 713/501/613
f 709/503/615 728/594/693 789/504/616
f 741/506/618 784/541/651 725/507/619
f 708/509/620 754/530/640 779/510/621
f 707/512/623 732/546/656 759/513/624
f 750/515/626 710/539/649 740/516/627
f 722/518/629 723/636/665 755/519/630
f 747/521/632 748/528/638 757/522/633
f 736/523/634 709/503/615 726/505/617
f 722/518/629 756/520/631 757/522/633
f 720/526/622 721/525/636 757/522/633
f 748/528/638 749/637/700 758/527/637
f 746/529/639 747/521/632 756/520/631
f 758/527/637 749/637/700 707/512/623
f 724/514/625 759/513/624 754/530/640
f 768/531/641 773/568/674 738/532/642
f 735/534/644 736/523/634 763/524/635
f 760/536/646 761/545/655 752/537/647
f 763/524/635 726/505/617 710/539/649
f 714/540/650 725/507/619 784/541/651
f 762/535/645 763/524/635 750/515/626
f 733/544/654 734/547/657 761/545/655
f 732/546/656 733/544/654 760/536/646
f 734/547/657 735/534/644 762/535/645
f 788/548/658 745/593/692 711/549/659
f 711/549/659 746/529/639 755/519/630
f 765/551/661 716/564/670 715/552/662
f 719/554/652 768/531/641 737/533/643
f 769/556/664 764/553/663 723/557/665
f 721/559/636 774/569/675 769/556/664
f 779/510/621 774/569/675 721/559/636
f 712/560/666 723/557/665 764/553/663
f 767/561/667 718/565/671 717/562/668
f 716/564/670 765/551/661 766/563/669
f 768/531/641 719/554/652 718/565/671
f 769/556/664 770/570/676 765/551/661
f 772/566/672 767/561/667 766/563/669
f 765/551/661 770/570/676 771/567/673
f 773/568/674 768/531/641 767/561/667
f 774/569/675 775/577/683 770/570/676
f 778/571/677 739/575/681 738/532/642
f 777/572/678 772/566/672 771/567/673
f 770/570/676 775/577/683 776/573/679
f 778/571/677 773/568/674 772/566/672
f 780/574/680 775/577/683 774/569/675
f 783/517/628 740/516/627 739/575/681
f 781/576/682 782/578/684 777/572/678
f 780/574/680 781/576/682 776/573/679
f 782/578/684 783/517/628 778/571/677
f 780/574/680 779/510/621 754/530/640
f 782/578/684 781/576/682 752/537/647
f 753/538/648 752/537/647 781/576/682
f 783/517/628 782/578/684 751/543/653
f 785/579/685 718/581/671 719/542/652
f 789/504/616 740/602/627 710/539/649
f 786/580/686 717/584/668 718/581/671
f 786/580/686 743/588/689 744/582/687
f 717/584/668 786/580/686 787/583/688
f 715/586/662 788/548/658 727/550/660
f 788/548/658 715/586/662 716/585/670
f 743/588/689 786/580/686 785/579/685
f 742/589/690 785/579/685 784/541/651
f 792/590/691 731/638/614 713/591/613
f 745/593/692 788/548/658 787/583/688
f 728/594/693 729/604/698 790/595/694
f 793/596/695 794/615/704 733/544/654
f 737/597/643 792/590/691 725/592/619
f 739/599/681 790/595/694 791/600/696
f 740/602/627 789/504/616 790/595/694
f 738/601/642 791/600/696 792/590/691
f 730/603/697 731/638/614 792/590/691
f 730/603/697 791/600/696 790/595/694
f 758/527/637 724/514/625 708/509/620
f 736/523/634 797/606/699 728/605/693
f 797/606/699 802/620/709 729/607/698
f 749/608/700 793/596/695 732/546/656
f 748/609/638 798/617/706 793/596/695
f 803/610/701 798/617/706 748/609/638
f 808/612/702 803/610/701 747/611/632
f 795/614/703 796/616/705 735/534/644
f 794/615/704 795/614/703 734/547/657
f 796/616/705 797/606/699 736/523/634
f 798/617/706 799/619/708 794/615/704
f 800/618/707 801/621/710 796/616/705
f 799/619/708 800/618/707 795/614/703
f 802/620/709 797/606/699 796/616/705
f 804/622/711 799/619/708 798/617/706
f 807/623/712 730/627/697 729/607/698
f 806/624/713 801/621/710 800/618/707
f 799/619/708 804/622/711 805/625/714
f 807/623/712 802/620/709 801/621/710
f 809/626/715 804/622/711 803/610/701
f 812/500/612 731/502/614 730/627/697
f 811/628/716 806/624/713 805/625/714
f 804/622/711 809/626/715 810/629/717
f 812/500/612 807/623/712 806/624/713
f 744/630/687 809/626/715 808/612/702
f 711/632/659 745/631/692 808/612/702
f 742/633/690 811/628/716 810/629/717
f 809/626/715 744/630/687 743/634/689
f 741/635/618 812/500/612 811/628/716
f 759/513/624 760/536/646 753/538/648
f 712/587/666 727/550/660 755/519/630
f 761/545/655 762/535/645 751/543/653
